<?xml version="1.0" encoding="UTF-8"?>
<osm version="0.6" generator="openstreetmap-cgimap 2.1.0 (3498739 spike-06.openstreetmap.org)" copyright="OpenStreetMap and contributors" attribution="http://www.openstreetmap.org/copyright" license="http://opendatacommons.org/licenses/odbl/1-0/">
 <bounds minlat="31.7980000" minlon="35.2260000" maxlat="31.8010000" maxlon="35.2300000"/>
 <node id="673086710" visible="true" version="2" changeset="176923841" timestamp="2026-01-07T00:09:50Z" user="decmap" uid="19411509" lat="31.8009398" lon="35.2287122">
  <tag k="check_date" v="2026-01-06"/>
  <tag k="name:he" v="יש בשכונה"/>
  <tag k="opening_hours" v="Mo-Tu,Su 07:00-22:00; We-Th 07:00-23:00; Fr 07:00-15:00; Sa -23:00"/>
  <tag k="shop" v="supermarket"/>
 </node>
 <node id="673086745" visible="true" version="4" changeset="184180657" timestamp="2026-06-16T12:51:05Z" user="eliyahu bowers  𐤀𐤋𐤉𐤄𐤅 𐤁𐤅𐤅𐤓𐤎" uid="24122961" lat="31.8006889" lon="35.2268069">
  <tag k="check_date" v="2026-01-11"/>
  <tag k="diet:kosher" v="yes"/>
  <tag k="diet:kosher:certifier" v="Rav Landau"/>
  <tag k="name:en" v="English Cake"/>
  <tag k="name:he" v="אינגליש קייק"/>
  <tag k="shop" v="bakery"/>
 </node>
 <node id="673087388" visible="true" version="4" changeset="184180657" timestamp="2026-06-16T12:51:05Z" user="eliyahu bowers  𐤀𐤋𐤉𐤄𐤅 𐤁𐤅𐤅𐤓𐤎" uid="24122961" lat="31.8007709" lon="35.2270966">
  <tag k="addr:housenumber" v="13"/>
  <tag k="addr:street" v="פארן"/>
  <tag k="amenity" v="cafe"/>
  <tag k="check_date" v="2026-01-11"/>
  <tag k="diet:kosher" v="yes"/>
  <tag k="diet:kosher:certifier" v="בד״ץ העדה החרדית"/>
  <tag k="name" v="Levi's Place"/>
 </node>
 <node id="673091388" visible="true" version="3" changeset="176923841" timestamp="2026-01-07T00:09:50Z" user="decmap" uid="19411509" lat="31.8009351" lon="35.2274828">
  <tag k="amenity" v="bank"/>
  <tag k="check_date" v="2026-01-06"/>
  <tag k="opening_hours" v="Mo,We 08:30-13:00,16:00-18:00; Tu,Th 08:30-14:00; Fr 08:30-12:30"/>
  <tag k="operator" v="Discount Bank"/>
 </node>
 <node id="673091393" visible="true" version="4" changeset="184180657" timestamp="2026-06-16T12:51:05Z" user="eliyahu bowers  𐤀𐤋𐤉𐤄𐤅 𐤁𐤅𐤅𐤓𐤎" uid="24122961" lat="31.8007345" lon="35.2269464">
  <tag k="check_date" v="2026-01-11"/>
  <tag k="diet:kosher" v="yes"/>
  <tag k="diet:kosher:certifier" v="בד״ץ העדה החרדית"/>
  <tag k="name:en" v="Nechama Bakery"/>
  <tag k="name:he" v="מאפית נחמה"/>
  <tag k="shop" v="bakery"/>
 </node>
 <node id="673449173" visible="true" version="4" changeset="176923841" timestamp="2026-01-07T00:09:50Z" user="decmap" uid="19411509" lat="31.8008495" lon="35.2280759">
  <tag k="amenity" v="post_office"/>
  <tag k="check_date" v="2026-01-06"/>
 </node>
 <node id="695074034" visible="true" version="11" changeset="177098856" timestamp="2026-01-11T14:33:44Z" user="decmap" uid="19411509" lat="31.8007800" lon="35.2267533">
  <tag k="amenity" v="bank"/>
  <tag k="brand" v="Bank Leumi"/>
  <tag k="brand:wikidata" v="Q806641"/>
  <tag k="brand:wikipedia" v="en:Bank Leumi"/>
  <tag k="check_date" v="2026-01-11"/>
  <tag k="name" v="בנק לאומי"/>
  <tag k="name:ar" v="بنك ليئومي"/>
  <tag k="name:en" v="Bank Leumi"/>
  <tag k="name:he" v="בנק לאומי"/>
  <tag k="name:ru" v="Банк Леуми"/>
  <tag k="website" v="https://www.leumi.co.il"/>
 </node>
 <node id="695074035" visible="true" version="8" changeset="52345661" timestamp="2017-09-25T06:39:45Z" user="SafwatHalaby" uid="2138064" lat="31.8008803" lon="35.2271180">
  <tag k="amenity" v="bank"/>
  <tag k="brand" v="Bank Hapoalim"/>
  <tag k="brand:wikidata" v="Q2666775"/>
  <tag k="brand:wikipedia" v="en:Bank Hapoalim"/>
  <tag k="name" v="בנק הפועלים"/>
  <tag k="name:ar" v="بنك هبوعليم"/>
  <tag k="name:en" v="Bank Hapoalim"/>
  <tag k="name:he" v="בנק הפועלים"/>
  <tag k="name:ru" v="Банк Апоалим"/>
  <tag k="website" v="https://www.bankhapoalim.co.il"/>
 </node>
 <node id="695075889" visible="true" version="9" changeset="149993764" timestamp="2024-04-14T13:48:18Z" user="zstadler" uid="3127" lat="31.7981591" lon="35.2278400">
  <tag k="historic" v="monument"/>
  <tag k="name" v="גבעת התחמושת"/>
  <tag k="name:en" v="Ammunition Hill Memorial"/>
  <tag k="name:he" v="גבעת התחמושת"/>
  <tag k="tourism" v="attraction"/>
  <tag k="wikidata" v="Q2336243"/>
  <tag k="wikipedia" v="he:הקרב על גבעת התחמושת"/>
  <tag k="wikipedia:he" v="הקרב על גבעת התחמושת"/>
 </node>
 <node id="1803060456" visible="true" version="19" changeset="182937936" timestamp="2026-05-20T16:49:28Z" user="TaggingReviewer" uid="24122276" lat="31.8009230" lon="35.2266030">
  <tag k="bench" v="yes"/>
  <tag k="bin" v="yes"/>
  <tag k="bus" v="yes"/>
  <tag k="gtfs:stop_code:IL-MOT" v="1904"/>
  <tag k="gtfs:stop_id:IL-MOT" v="9692"/>
  <tag k="gtfs:stop_name:IL-MOT" v="מרכז מסחרי/פארן"/>
  <tag k="highway" v="bus_stop"/>
  <tag k="lit" v="yes"/>
  <tag k="name" v="מרכז מסחרי/פארן"/>
  <tag k="name:ar" v="مركز تجاري/ بارن"/>
  <tag k="name:en" v="Commercial Center/Paran"/>
  <tag k="name:he" v="מרכז מסחרי/פארן"/>
  <tag k="object:city" v="ירושלים"/>
  <tag k="object:housenumber" v="10"/>
  <tag k="object:street" v="פארן"/>
  <tag k="public_transport" v="platform"/>
  <tag k="ref" v="1904"/>
  <tag k="route_ref" v="77;77א;120"/>
  <tag k="shelter" v="yes"/>
 </node>
 <node id="1803087323" visible="true" version="25" changeset="182937936" timestamp="2026-05-20T16:49:28Z" user="TaggingReviewer" uid="24122276" lat="31.8001740" lon="35.2267340">
  <tag k="bus" v="yes"/>
  <tag k="gtfs:stop_code:IL-MOT" v="1784"/>
  <tag k="gtfs:stop_id:IL-MOT" v="9645"/>
  <tag k="gtfs:stop_name:IL-MOT" v="שדרות לוי אשכול/קרל נטר"/>
  <tag k="highway" v="bus_stop"/>
  <tag k="name" v="שדרות לוי אשכול/קרל נטר"/>
  <tag k="name:ar" v="جادة ليڤي إشكول/كارل نيتر"/>
  <tag k="name:en" v="Levi Eshkol Boulevard/Carl Netter"/>
  <tag k="name:he" v="שדרות לוי אשכול/קרל נטר"/>
  <tag k="object:city" v="ירושלים"/>
  <tag k="object:housenumber" v="24"/>
  <tag k="object:street" v="שדרות לוי אשכול"/>
  <tag k="public_transport" v="platform"/>
  <tag k="ref" v="1784"/>
  <tag k="route_ref" v="22;25;45;59;65;68;69;70;143;568;745;794;815;825"/>
 </node>
 <node id="1803087325" visible="true" version="27" changeset="184081926" timestamp="2026-06-14T07:08:49Z" user="Niv321123" uid="19702860" lat="31.8003050" lon="35.2296020">
  <tag k="bench" v="yes"/>
  <tag k="bin" v="yes"/>
  <tag k="bus" v="yes"/>
  <tag k="gtfs:stop_code:IL-MOT" v="1783"/>
  <tag k="gtfs:stop_id:IL-MOT" v="9644"/>
  <tag k="gtfs:stop_name:IL-MOT" v="שד' אשכול/ששת הימים"/>
  <tag k="highway" v="bus_stop"/>
  <tag k="name" v="שד׳ אשכול/ששת הימים"/>
  <tag k="name:ar" v="جادة أشكول/شيشات هَيميم"/>
  <tag k="name:en" v="Eshkol Blvd/Sheshet HaYamim"/>
  <tag k="name:he" v="שד׳ אשכול/ששת הימים"/>
  <tag k="object:city" v="ירושלים"/>
  <tag k="object:housenumber" v="8"/>
  <tag k="object:street" v="שדרות לוי אשכול"/>
  <tag k="public_transport" v="platform"/>
  <tag k="ref" v="1783"/>
  <tag k="route_ref" v="22;25;45;59;65;68;69;143;568;745;794;815;825"/>
  <tag k="shelter" v="yes"/>
 </node>
 <node id="1803094311" visible="true" version="21" changeset="180304932" timestamp="2026-03-23T13:07:19Z" user="gtfs2osm-il" uid="21822501" lat="31.7982590" lon="35.2262870">
  <tag k="bus" v="yes"/>
  <tag k="gtfs:stop_code:IL-MOT" v="9955"/>
  <tag k="gtfs:stop_id:IL-MOT" v="11884"/>
  <tag k="gtfs:stop_name:IL-MOT" v="רנה קסין/שרגאי"/>
  <tag k="highway" v="bus_stop"/>
  <tag k="name" v="רנה קסין/שרגאי"/>
  <tag k="name:ar" v="رِني كاسِن/شرچاي"/>
  <tag k="name:en" v="Rene Cassin/Shragay"/>
  <tag k="name:he" v="רנה קסין/שרגאי"/>
  <tag k="object:city" v="ירושלים"/>
  <tag k="object:street" v="שלמה זלמן שרגאי"/>
  <tag k="public_transport" v="platform"/>
  <tag k="ref" v="9955"/>
  <tag k="route_ref" v="34;40;52;143;308;318;328;338;348;422"/>
 </node>
 <node id="1803094318" visible="true" version="21" changeset="180304932" timestamp="2026-03-23T13:07:19Z" user="gtfs2osm-il" uid="21822501" lat="31.7982630" lon="35.2260680">
  <tag k="bus" v="yes"/>
  <tag k="gtfs:stop_code:IL-MOT" v="6024"/>
  <tag k="gtfs:stop_id:IL-MOT" v="11649"/>
  <tag k="gtfs:stop_name:IL-MOT" v="רנה קאסן/שרגאי"/>
  <tag k="highway" v="bus_stop"/>
  <tag k="name" v="רנה קאסן/שרגאי"/>
  <tag k="name:ar" v="رِني كاسِن/شرچاي"/>
  <tag k="name:en" v="Rene Cassin/Shragay"/>
  <tag k="name:he" v="רנה קאסן/שרגאי"/>
  <tag k="object:city" v="ירושלים"/>
  <tag k="object:street" v="שלמה זלמן שרגאי"/>
  <tag k="public_transport" v="platform"/>
  <tag k="ref" v="6024"/>
  <tag k="route_ref" v="34;40;52;143;308;318;328;338;348;422"/>
 </node>
 <node id="1954729933" visible="true" version="3" changeset="166178903" timestamp="2025-05-13T01:25:18Z" user="ar58" uid="572423" lat="31.7981572" lon="35.2301331"/>
 <node id="1954729940" visible="true" version="3" changeset="166178903" timestamp="2025-05-13T01:25:18Z" user="ar58" uid="572423" lat="31.7982333" lon="35.2299189"/>
 <node id="1954729966" visible="true" version="3" changeset="166178903" timestamp="2025-05-13T01:25:18Z" user="ar58" uid="572423" lat="31.7982362" lon="35.2299732"/>
 <node id="1954730004" visible="true" version="5" changeset="166178903" timestamp="2025-05-13T01:25:18Z" user="ar58" uid="572423" lat="31.7979834" lon="35.2300390"/>
 <node id="1954730007" visible="true" version="5" changeset="166272231" timestamp="2025-05-14T18:49:46Z" user="ar58" uid="572423" lat="31.7980083" lon="35.2298121"/>
 <node id="1954730020" visible="true" version="6" changeset="176593294" timestamp="2025-12-29T18:52:32Z" user="ar58" uid="572423" lat="31.7980909" lon="35.2297813">
  <tag k="crossing" v="uncontrolled"/>
  <tag k="crossing:markings" v="yes"/>
  <tag k="highway" v="crossing"/>
 </node>
 <node id="1954730122" visible="true" version="4" changeset="123814897" timestamp="2022-07-19T16:08:11Z" user="ar58" uid="572423" lat="31.7980580" lon="35.2303423"/>
 <node id="2284259672" visible="true" version="2" changeset="22210276" timestamp="2014-05-08T14:54:47Z" user="BMM994" uid="189946" lat="31.7990716" lon="35.2290915"/>
 <node id="2284259705" visible="true" version="2" changeset="123814897" timestamp="2022-07-19T16:08:11Z" user="ar58" uid="572423" lat="31.7984277" lon="35.2298406"/>
 <node id="2284265675" visible="true" version="1" changeset="15894761" timestamp="2013-04-28T13:11:56Z" user="BMM994" uid="189946" lat="31.7998722" lon="35.2303751"/>
 <node id="2286591388" visible="true" version="2" changeset="22228385" timestamp="2014-05-09T11:10:26Z" user="BMM994" uid="189946" lat="31.8014977" lon="35.2299690"/>
 <node id="2286591390" visible="true" version="4" changeset="111138375" timestamp="2021-09-13T10:57:07Z" user="Car162" uid="12223802" lat="31.8001032" lon="35.2306032">
  <tag k="highway" v="traffic_signals"/>
  <tag k="traffic_signals" v="signal"/>
 </node>
 <node id="2619768443" visible="true" version="2" changeset="139834146" timestamp="2023-08-13T16:51:09Z" user="ar58" uid="572423" lat="31.8000639" lon="35.2270715"/>
 <node id="2619768444" visible="true" version="2" changeset="139834146" timestamp="2023-08-13T16:51:09Z" user="ar58" uid="572423" lat="31.7997056" lon="35.2257667"/>
 <node id="2619768448" visible="true" version="2" changeset="139834146" timestamp="2023-08-13T16:51:09Z" user="ar58" uid="572423" lat="31.8001540" lon="35.2281986"/>
 <node id="2619768452" visible="true" version="2" changeset="139834146" timestamp="2023-08-13T16:51:09Z" user="ar58" uid="572423" lat="31.8001843" lon="35.2268155"/>
 <node id="2619768454" visible="true" version="3" changeset="139834146" timestamp="2023-08-13T16:51:09Z" user="ar58" uid="572423" lat="31.8003532" lon="35.2278655"/>
 <node id="2619768460" visible="true" version="3" changeset="139834146" timestamp="2023-08-13T16:51:09Z" user="ar58" uid="572423" lat="31.8003498" lon="35.2281442"/>
 <node id="2619768461" visible="true" version="1" changeset="19952888" timestamp="2014-01-12T14:44:02Z" user="BMM994" uid="189946" lat="31.8001540" lon="35.2283917"/>
 <node id="2619768463" visible="true" version="2" changeset="139834146" timestamp="2023-08-13T16:51:09Z" user="ar58" uid="572423" lat="31.7999935" lon="35.2267076"/>
 <node id="2619768469" visible="true" version="3" changeset="139834146" timestamp="2023-08-13T16:51:09Z" user="ar58" uid="572423" lat="31.8003326" lon="35.2285229"/>
 <node id="2619768471" visible="true" version="2" changeset="139834146" timestamp="2023-08-13T16:51:09Z" user="ar58" uid="572423" lat="31.7999473" lon="35.2265052"/>
 <node id="2619768476" visible="true" version="2" changeset="139834146" timestamp="2023-08-13T16:51:09Z" user="ar58" uid="572423" lat="31.7999349" lon="35.2261220"/>
 <node id="2619768487" visible="true" version="2" changeset="139834146" timestamp="2023-08-13T16:51:09Z" user="ar58" uid="572423" lat="31.8000989" lon="35.2265498"/>
 <node id="2619768492" visible="true" version="2" changeset="139834146" timestamp="2023-08-13T16:51:09Z" user="ar58" uid="572423" lat="31.7996818" lon="35.2255048"/>
 <node id="2619768496" visible="true" version="2" changeset="139834146" timestamp="2023-08-13T16:51:09Z" user="ar58" uid="572423" lat="31.8002545" lon="35.2270795"/>
 <node id="2619768502" visible="true" version="2" changeset="139834146" timestamp="2023-08-13T16:51:09Z" user="ar58" uid="572423" lat="31.8001202" lon="35.2274982"/>
 <node id="2619768508" visible="true" version="2" changeset="139834146" timestamp="2023-08-13T16:51:09Z" user="ar58" uid="572423" lat="31.8003079" lon="35.2273315"/>
 <node id="2619768510" visible="true" version="2" changeset="139834146" timestamp="2023-08-13T16:51:09Z" user="ar58" uid="572423" lat="31.8003370" lon="35.2275621"/>
 <node id="2619768523" visible="true" version="3" changeset="125380723" timestamp="2022-08-25T21:34:57Z" user="Car162" uid="12223802" lat="31.8002283" lon="35.2302608"/>
 <node id="2844111746" visible="true" version="4" changeset="147314250" timestamp="2024-02-11T02:56:31Z" user="ar58" uid="572423" lat="31.7986039" lon="35.2255234"/>
 <node id="2844111751" visible="true" version="6" changeset="176593294" timestamp="2025-12-29T18:52:32Z" user="ar58" uid="572423" lat="31.7981267" lon="35.2263649"/>
 <node id="2844111777" visible="true" version="4" changeset="147314250" timestamp="2024-02-11T02:56:31Z" user="ar58" uid="572423" lat="31.7978204" lon="35.2268692"/>
 <node id="2844111779" visible="true" version="4" changeset="147314250" timestamp="2024-02-11T02:56:31Z" user="ar58" uid="572423" lat="31.7979843" lon="35.2268102"/>
 <node id="2844125627" visible="true" version="1" changeset="22210276" timestamp="2014-05-08T14:38:54Z" user="BMM994" uid="189946" lat="31.7989068" lon="35.2264258"/>
 <node id="2844125628" visible="true" version="1" changeset="22210276" timestamp="2014-05-08T14:38:54Z" user="BMM994" uid="189946" lat="31.7980966" lon="35.2280205"/>
 <node id="2844125629" visible="true" version="1" changeset="22210276" timestamp="2014-05-08T14:38:54Z" user="BMM994" uid="189946" lat="31.7991541" lon="35.2255396"/>
 <node id="2844125630" visible="true" version="1" changeset="22210276" timestamp="2014-05-08T14:38:54Z" user="BMM994" uid="189946" lat="31.7986622" lon="35.2268513"/>
 <node id="2844125631" visible="true" version="1" changeset="22210276" timestamp="2014-05-08T14:38:54Z" user="BMM994" uid="189946" lat="31.8002757" lon="35.2276933"/>
 <node id="2844125632" visible="true" version="1" changeset="22210276" timestamp="2014-05-08T14:38:54Z" user="BMM994" uid="189946" lat="31.7988523" lon="35.2271209"/>
 <node id="2844125633" visible="true" version="1" changeset="22210276" timestamp="2014-05-08T14:38:54Z" user="BMM994" uid="189946" lat="31.7979500" lon="35.2284963"/>
 <node id="2844125634" visible="true" version="1" changeset="22210276" timestamp="2014-05-08T14:38:54Z" user="BMM994" uid="189946" lat="31.7988842" lon="35.2274964"/>
 <node id="2844125635" visible="true" version="1" changeset="22210276" timestamp="2014-05-08T14:38:54Z" user="BMM994" uid="189946" lat="31.7988067" lon="35.2287839"/>
 <node id="2844125637" visible="true" version="1" changeset="22210276" timestamp="2014-05-08T14:38:54Z" user="BMM994" uid="189946" lat="31.7985297" lon="35.2265185"/>
 <node id="2844125639" visible="true" version="1" changeset="22210276" timestamp="2014-05-08T14:38:55Z" user="BMM994" uid="189946" lat="31.7982972" lon="35.2279293"/>
 <node id="2844125640" visible="true" version="1" changeset="22210276" timestamp="2014-05-08T14:38:55Z" user="BMM994" uid="189946" lat="31.7990069" lon="35.2285007"/>
 <node id="2844125641" visible="true" version="1" changeset="22210276" timestamp="2014-05-08T14:38:55Z" user="BMM994" uid="189946" lat="31.7990981" lon="35.2257481"/>
 <node id="2844125642" visible="true" version="1" changeset="22210276" timestamp="2014-05-08T14:38:55Z" user="BMM994" uid="189946" lat="31.7996000" lon="35.2269224"/>
 <node id="2844125643" visible="true" version="1" changeset="22210276" timestamp="2014-05-08T14:38:55Z" user="BMM994" uid="189946" lat="31.7992276" lon="35.2270446"/>
 <node id="2844125644" visible="true" version="1" changeset="22210276" timestamp="2014-05-08T14:38:55Z" user="BMM994" uid="189946" lat="31.7986483" lon="35.2264595"/>
 <node id="2844125645" visible="true" version="1" changeset="22210276" timestamp="2014-05-08T14:38:55Z" user="BMM994" uid="189946" lat="31.7992265" lon="35.2268718"/>
 <node id="2844125646" visible="true" version="1" changeset="22210276" timestamp="2014-05-08T14:38:55Z" user="BMM994" uid="189946" lat="31.7998927" lon="35.2277040"/>
 <node id="2844125647" visible="true" version="1" changeset="22210276" timestamp="2014-05-08T14:38:55Z" user="BMM994" uid="189946" lat="31.7989720" lon="35.2270549"/>
 <node id="2844125648" visible="true" version="1" changeset="22210276" timestamp="2014-05-08T14:38:55Z" user="BMM994" uid="189946" lat="31.7991304" lon="35.2256189"/>
 <node id="2844125649" visible="true" version="1" changeset="22210276" timestamp="2014-05-08T14:38:55Z" user="BMM994" uid="189946" lat="31.7984719" lon="35.2268817"/>
 <node id="2844125650" visible="true" version="1" changeset="22210276" timestamp="2014-05-08T14:38:55Z" user="BMM994" uid="189946" lat="31.7985809" lon="35.2266729"/>
 <node id="2844125651" visible="true" version="1" changeset="22210276" timestamp="2014-05-08T14:38:55Z" user="BMM994" uid="189946" lat="31.7994769" lon="35.2279524"/>
 <node id="2844125652" visible="true" version="1" changeset="22210276" timestamp="2014-05-08T14:38:55Z" user="BMM994" uid="189946" lat="31.7996501" lon="35.2282474"/>
 <node id="2844125653" visible="true" version="1" changeset="22210276" timestamp="2014-05-08T14:38:55Z" user="BMM994" uid="189946" lat="31.7993082" lon="35.2255867"/>
 <node id="2844125654" visible="true" version="1" changeset="22210276" timestamp="2014-05-08T14:38:55Z" user="BMM994" uid="189946" lat="31.7994413" lon="35.2300107"/>
 <node id="2844125655" visible="true" version="1" changeset="22210276" timestamp="2014-05-08T14:38:55Z" user="BMM994" uid="189946" lat="31.7992951" lon="35.2262942"/>
 <node id="2844125656" visible="true" version="1" changeset="22210276" timestamp="2014-05-08T14:38:55Z" user="BMM994" uid="189946" lat="31.7999647" lon="35.2278397"/>
 <node id="2844125657" visible="true" version="1" changeset="22210276" timestamp="2014-05-08T14:38:55Z" user="BMM994" uid="189946" lat="31.7977045" lon="35.2280688"/>
 <node id="2844125658" visible="true" version="1" changeset="22210276" timestamp="2014-05-08T14:38:55Z" user="BMM994" uid="189946" lat="31.7981878" lon="35.2273337"/>
 <node id="2844125659" visible="true" version="1" changeset="22210276" timestamp="2014-05-08T14:38:55Z" user="BMM994" uid="189946" lat="31.7991057" lon="35.2284226"/>
 <node id="2844125660" visible="true" version="1" changeset="22210276" timestamp="2014-05-08T14:38:55Z" user="BMM994" uid="189946" lat="31.7999784" lon="35.2279524"/>
 <node id="2844125661" visible="true" version="1" changeset="22210276" timestamp="2014-05-08T14:38:55Z" user="BMM994" uid="189946" lat="31.7978276" lon="35.2277362"/>
 <node id="2844125662" visible="true" version="1" changeset="22210276" timestamp="2014-05-08T14:38:55Z" user="BMM994" uid="189946" lat="31.7990047" lon="35.2281898"/>
 <node id="2844125663" visible="true" version="1" changeset="22210276" timestamp="2014-05-08T14:38:55Z" user="BMM994" uid="189946" lat="31.7979826" lon="35.2285140"/>
 <node id="2844125664" visible="true" version="1" changeset="22210276" timestamp="2014-05-08T14:38:55Z" user="BMM994" uid="189946" lat="31.7984066" lon="35.2261701"/>
 <node id="2844125665" visible="true" version="1" changeset="22210276" timestamp="2014-05-08T14:38:55Z" user="BMM994" uid="189946" lat="31.7987712" lon="35.2264269"/>
 <node id="2844125666" visible="true" version="2" changeset="134727042" timestamp="2023-04-10T12:14:23Z" user="ar58" uid="572423" lat="31.7986238" lon="35.2263168"/>
 <node id="2844125667" visible="true" version="1" changeset="22210276" timestamp="2014-05-08T14:38:55Z" user="BMM994" uid="189946" lat="31.7993777" lon="35.2278113"/>
 <node id="2844125668" visible="true" version="1" changeset="22210276" timestamp="2014-05-08T14:38:55Z" user="BMM994" uid="189946" lat="31.7982733" lon="35.2276842"/>
 <node id="2844125669" visible="true" version="1" changeset="22210276" timestamp="2014-05-08T14:38:55Z" user="BMM994" uid="189946" lat="31.7999337" lon="35.2295762"/>
 <node id="2844125670" visible="true" version="1" changeset="22210276" timestamp="2014-05-08T14:38:55Z" user="BMM994" uid="189946" lat="31.7993675" lon="35.2256725"/>
 <node id="2844125671" visible="true" version="3" changeset="139834146" timestamp="2023-08-13T16:51:09Z" user="ar58" uid="572423" lat="31.8000894" lon="35.2270662"/>
 <node id="2844125672" visible="true" version="1" changeset="22210276" timestamp="2014-05-08T14:38:55Z" user="BMM994" uid="189946" lat="31.7987337" lon="35.2277807"/>
 <node id="2844125673" visible="true" version="3" changeset="139834146" timestamp="2023-08-13T16:51:09Z" user="ar58" uid="572423" lat="31.8001777" lon="35.2290218"/>
 <node id="2844125674" visible="true" version="1" changeset="22210276" timestamp="2014-05-08T14:38:55Z" user="BMM994" uid="189946" lat="31.7980548" lon="35.2285038"/>
 <node id="2844125675" visible="true" version="1" changeset="22210276" timestamp="2014-05-08T14:38:55Z" user="BMM994" uid="189946" lat="31.7989765" lon="35.2276128"/>
 <node id="2844125676" visible="true" version="1" changeset="22210276" timestamp="2014-05-08T14:38:55Z" user="BMM994" uid="189946" lat="31.7983610" lon="35.2282941"/>
 <node id="2844125677" visible="true" version="1" changeset="22210276" timestamp="2014-05-08T14:38:55Z" user="BMM994" uid="189946" lat="31.7978994" lon="35.2280758"/>
 <node id="2844125678" visible="true" version="1" changeset="22210276" timestamp="2014-05-08T14:38:55Z" user="BMM994" uid="189946" lat="31.7993185" lon="35.2263768"/>
 <node id="2844125679" visible="true" version="1" changeset="22210276" timestamp="2014-05-08T14:38:55Z" user="BMM994" uid="189946" lat="31.7981467" lon="35.2284926"/>
 <node id="2844125681" visible="true" version="1" changeset="22210276" timestamp="2014-05-08T14:38:55Z" user="BMM994" uid="189946" lat="31.7988295" lon="35.2277271"/>
 <node id="2844125682" visible="true" version="1" changeset="22210276" timestamp="2014-05-08T14:38:55Z" user="BMM994" uid="189946" lat="31.7984568" lon="35.2282995"/>
 <node id="2844125683" visible="true" version="1" changeset="22210276" timestamp="2014-05-08T14:38:55Z" user="BMM994" uid="189946" lat="31.7993584" lon="35.2264557"/>
 <node id="2844125684" visible="true" version="1" changeset="22210276" timestamp="2014-05-08T14:38:56Z" user="BMM994" uid="189946" lat="31.7999055" lon="35.2269653"/>
 <node id="2844125685" visible="true" version="1" changeset="22210276" timestamp="2014-05-08T14:38:56Z" user="BMM994" uid="189946" lat="31.7980590" lon="35.2279470"/>
 <node id="2844125686" visible="true" version="1" changeset="22210276" timestamp="2014-05-08T14:38:56Z" user="BMM994" uid="189946" lat="31.7982432" lon="35.2273350"/>
 <node id="2844125687" visible="true" version="1" changeset="22210276" timestamp="2014-05-08T14:38:56Z" user="BMM994" uid="189946" lat="31.7996456" lon="35.2269332"/>
 <node id="2844125688" visible="true" version="1" changeset="22210276" timestamp="2014-05-08T14:38:56Z" user="BMM994" uid="189946" lat="31.7989075" lon="35.2257589"/>
 <node id="2844125689" visible="true" version="1" changeset="22210276" timestamp="2014-05-08T14:38:56Z" user="BMM994" uid="189946" lat="31.7990617" lon="35.2270460"/>
 <node id="2844125691" visible="true" version="1" changeset="22210276" timestamp="2014-05-08T14:38:56Z" user="BMM994" uid="189946" lat="31.7996000" lon="35.2273623"/>
 <node id="2844125692" visible="true" version="2" changeset="134727042" timestamp="2023-04-10T12:14:23Z" user="ar58" uid="572423" lat="31.7983974" lon="35.2263012"/>
 <node id="2844125693" visible="true" version="1" changeset="22210276" timestamp="2014-05-08T14:38:56Z" user="BMM994" uid="189946" lat="31.7992398" lon="35.2256080"/>
 <node id="2844125694" visible="true" version="3" changeset="139834146" timestamp="2023-08-13T16:51:09Z" user="ar58" uid="572423" lat="31.8001864" lon="35.2296052"/>
 <node id="2844125695" visible="true" version="1" changeset="22210276" timestamp="2014-05-08T14:38:56Z" user="BMM994" uid="189946" lat="31.7988477" lon="35.2275501"/>
 <node id="2844125697" visible="true" version="1" changeset="22210276" timestamp="2014-05-08T14:38:56Z" user="BMM994" uid="189946" lat="31.8002383" lon="35.2273623"/>
 <node id="2844125698" visible="true" version="1" changeset="22210276" timestamp="2014-05-08T14:38:56Z" user="BMM994" uid="189946" lat="31.7999611" lon="35.2292543"/>
 <node id="2844125699" visible="true" version="1" changeset="22210276" timestamp="2014-05-08T14:38:56Z" user="BMM994" uid="189946" lat="31.7992136" lon="35.2300966"/>
 <node id="2844125700" visible="true" version="1" changeset="22210276" timestamp="2014-05-08T14:38:56Z" user="BMM994" uid="189946" lat="31.7992726" lon="35.2257142"/>
 <node id="2844125701" visible="true" version="1" changeset="22210276" timestamp="2014-05-08T14:38:56Z" user="BMM994" uid="189946" lat="31.7987292" lon="35.2284076"/>
 <node id="2844125702" visible="true" version="1" changeset="22210276" timestamp="2014-05-08T14:38:56Z" user="BMM994" uid="189946" lat="31.7991001" lon="35.2276327"/>
 <node id="2844125703" visible="true" version="2" changeset="139834146" timestamp="2023-08-13T16:51:09Z" user="ar58" uid="572423" lat="31.8001334" lon="35.2273748"/>
 <node id="2844125704" visible="true" version="1" changeset="22210276" timestamp="2014-05-08T14:38:56Z" user="BMM994" uid="189946" lat="31.7979142" lon="35.2287769"/>
 <node id="2844125705" visible="true" version="1" changeset="22210276" timestamp="2014-05-08T14:38:56Z" user="BMM994" uid="189946" lat="31.7981148" lon="35.2282512"/>
 <node id="2844125706" visible="true" version="1" changeset="22210276" timestamp="2014-05-08T14:38:56Z" user="BMM994" uid="189946" lat="31.7996237" lon="35.2287554"/>
 <node id="2844125707" visible="true" version="1" changeset="22210276" timestamp="2014-05-08T14:38:56Z" user="BMM994" uid="189946" lat="31.7983109" lon="35.2273875"/>
 <node id="2844125708" visible="true" version="1" changeset="22210276" timestamp="2014-05-08T14:38:56Z" user="BMM994" uid="189946" lat="31.7994413" lon="35.2289217"/>
 <node id="2844125709" visible="true" version="1" changeset="22210276" timestamp="2014-05-08T14:38:56Z" user="BMM994" uid="189946" lat="31.7990677" lon="35.2267761"/>
 <node id="2844125710" visible="true" version="1" changeset="22210276" timestamp="2014-05-08T14:38:56Z" user="BMM994" uid="189946" lat="31.7998836" lon="35.2302950"/>
 <node id="2844125711" visible="true" version="1" changeset="22210276" timestamp="2014-05-08T14:38:56Z" user="BMM994" uid="189946" lat="31.7989825" lon="35.2268872"/>
 <node id="2844125712" visible="true" version="1" changeset="22210276" timestamp="2014-05-08T14:38:56Z" user="BMM994" uid="189946" lat="31.7999419" lon="35.2293257"/>
 <node id="2844125713" visible="true" version="1" changeset="22210276" timestamp="2014-05-08T14:38:56Z" user="BMM994" uid="189946" lat="31.7980738" lon="35.2279937"/>
 <node id="2844125714" visible="true" version="3" changeset="125380723" timestamp="2022-08-25T21:34:57Z" user="Car162" uid="12223802" lat="31.8002716" lon="35.2286986"/>
 <node id="2844125715" visible="true" version="1" changeset="22210276" timestamp="2014-05-08T14:38:56Z" user="BMM994" uid="189946" lat="31.7993907" lon="35.2268735"/>
 <node id="2844125716" visible="true" version="1" changeset="22210276" timestamp="2014-05-08T14:38:56Z" user="BMM994" uid="189946" lat="31.7993578" lon="35.2268707"/>
 <node id="2844125717" visible="true" version="1" changeset="22210276" timestamp="2014-05-08T14:38:56Z" user="BMM994" uid="189946" lat="31.7992683" lon="35.2289003"/>
 <node id="2844125718" visible="true" version="1" changeset="22210276" timestamp="2014-05-08T14:38:56Z" user="BMM994" uid="189946" lat="31.7984693" lon="35.2261070"/>
 <node id="2844125719" visible="true" version="1" changeset="22210276" timestamp="2014-05-08T14:38:56Z" user="BMM994" uid="189946" lat="31.7986745" lon="35.2269814"/>
 <node id="2844125720" visible="true" version="2" changeset="139834146" timestamp="2023-08-13T16:51:09Z" user="ar58" uid="572423" lat="31.8000174" lon="35.2267090"/>
 <node id="2844125721" visible="true" version="2" changeset="123814897" timestamp="2022-07-19T16:08:11Z" user="ar58" uid="572423" lat="31.7998493" lon="35.2319297"/>
 <node id="2844125722" visible="true" version="1" changeset="22210276" timestamp="2014-05-08T14:38:56Z" user="BMM994" uid="189946" lat="31.7996475" lon="35.2268742"/>
 <node id="2844125723" visible="true" version="1" changeset="22210276" timestamp="2014-05-08T14:38:56Z" user="BMM994" uid="189946" lat="31.7996921" lon="35.2300966"/>
 <node id="2844125727" visible="true" version="1" changeset="22210276" timestamp="2014-05-08T14:38:56Z" user="BMM994" uid="189946" lat="31.7986710" lon="35.2271193"/>
 <node id="2844125728" visible="true" version="1" changeset="22210276" timestamp="2014-05-08T14:38:56Z" user="BMM994" uid="189946" lat="31.7996638" lon="35.2284406"/>
 <node id="2844125729" visible="true" version="1" changeset="22210276" timestamp="2014-05-08T14:38:56Z" user="BMM994" uid="189946" lat="31.7992501" lon="35.2271032"/>
 <node id="2844125730" visible="true" version="1" changeset="22210276" timestamp="2014-05-08T14:38:56Z" user="BMM994" uid="189946" lat="31.7988085" lon="35.2273317"/>
 <node id="2844125731" visible="true" version="1" changeset="22210276" timestamp="2014-05-08T14:38:56Z" user="BMM994" uid="189946" lat="31.7993420" lon="35.2260248"/>
 <node id="2844125732" visible="true" version="1" changeset="22210276" timestamp="2014-05-08T14:38:56Z" user="BMM994" uid="189946" lat="31.7981878" lon="35.2275216"/>
 <node id="2844125733" visible="true" version="1" changeset="22210276" timestamp="2014-05-08T14:38:56Z" user="BMM994" uid="189946" lat="31.7992957" lon="35.2290129"/>
 <node id="2844125734" visible="true" version="1" changeset="22210276" timestamp="2014-05-08T14:38:56Z" user="BMM994" uid="189946" lat="31.7994094" lon="35.2288788"/>
 <node id="2844125735" visible="true" version="1" changeset="22210276" timestamp="2014-05-08T14:38:56Z" user="BMM994" uid="189946" lat="31.7986209" lon="35.2269208"/>
 <node id="2844125736" visible="true" version="3" changeset="125380723" timestamp="2022-08-25T21:34:57Z" user="Car162" uid="12223802" lat="31.8002243" lon="35.2296100"/>
 <node id="2844125737" visible="true" version="1" changeset="22210276" timestamp="2014-05-08T14:38:56Z" user="BMM994" uid="189946" lat="31.7995508" lon="35.2288574"/>
 <node id="2844125738" visible="true" version="1" changeset="22210276" timestamp="2014-05-08T14:38:56Z" user="BMM994" uid="189946" lat="31.7985970" lon="35.2280972"/>
 <node id="2844125739" visible="true" version="1" changeset="22210276" timestamp="2014-05-08T14:38:57Z" user="BMM994" uid="189946" lat="31.7986859" lon="35.2263992"/>
 <node id="2844125740" visible="true" version="1" changeset="22210276" timestamp="2014-05-08T14:38:57Z" user="BMM994" uid="189946" lat="31.7982425" lon="35.2276557"/>
 <node id="2844125741" visible="true" version="1" changeset="22210276" timestamp="2014-05-08T14:38:57Z" user="BMM994" uid="189946" lat="31.7994915" lon="35.2300322"/>
 <node id="2844125742" visible="true" version="1" changeset="22210276" timestamp="2014-05-08T14:38:57Z" user="BMM994" uid="189946" lat="31.7980008" lon="35.2281064"/>
 <node id="2844125743" visible="true" version="1" changeset="22210276" timestamp="2014-05-08T14:38:57Z" user="BMM994" uid="189946" lat="31.7983245" lon="35.2269745"/>
 <node id="2844125744" visible="true" version="1" changeset="22210276" timestamp="2014-05-08T14:38:57Z" user="BMM994" uid="189946" lat="31.7992261" lon="35.2251683"/>
 <node id="2844125745" visible="true" version="1" changeset="22210276" timestamp="2014-05-08T14:38:57Z" user="BMM994" uid="189946" lat="31.7982562" lon="35.2276772"/>
 <node id="2844125746" visible="true" version="1" changeset="22210276" timestamp="2014-05-08T14:38:57Z" user="BMM994" uid="189946" lat="31.7993447" lon="35.2270726"/>
 <node id="2844125747" visible="true" version="1" changeset="22210276" timestamp="2014-05-08T14:38:57Z" user="BMM994" uid="189946" lat="31.7988033" lon="35.2270174"/>
 <node id="2844125748" visible="true" version="1" changeset="22210276" timestamp="2014-05-08T14:38:57Z" user="BMM994" uid="189946" lat="31.7989811" lon="35.2271890"/>
 <node id="2844125749" visible="true" version="1" changeset="22210276" timestamp="2014-05-08T14:38:57Z" user="BMM994" uid="189946" lat="31.7984522" lon="35.2282190"/>
 <node id="2844125750" visible="true" version="1" changeset="22210276" timestamp="2014-05-08T14:38:57Z" user="BMM994" uid="189946" lat="31.7991179" lon="35.2288788"/>
 <node id="2844125752" visible="true" version="1" changeset="22210276" timestamp="2014-05-08T14:38:57Z" user="BMM994" uid="189946" lat="31.7990620" lon="35.2270726"/>
 <node id="2844125753" visible="true" version="1" changeset="22210276" timestamp="2014-05-08T14:38:57Z" user="BMM994" uid="189946" lat="31.7982197" lon="35.2284389"/>
 <node id="2844125754" visible="true" version="1" changeset="22210276" timestamp="2014-05-08T14:38:57Z" user="BMM994" uid="189946" lat="31.7992940" lon="35.2261046"/>
 <node id="2844125755" visible="true" version="1" changeset="22210276" timestamp="2014-05-08T14:38:57Z" user="BMM994" uid="189946" lat="31.7978823" lon="35.2277255"/>
 <node id="2844125756" visible="true" version="1" changeset="22210276" timestamp="2014-05-08T14:38:57Z" user="BMM994" uid="189946" lat="31.7984906" lon="35.2265428"/>
 <node id="2844125757" visible="true" version="1" changeset="22210276" timestamp="2014-05-08T14:38:57Z" user="BMM994" uid="189946" lat="31.7990574" lon="35.2252648"/>
 <node id="2844125758" visible="true" version="1" changeset="22210276" timestamp="2014-05-08T14:38:57Z" user="BMM994" uid="189946" lat="31.7992364" lon="35.2277147"/>
 <node id="2844125759" visible="true" version="1" changeset="22210276" timestamp="2014-05-08T14:38:57Z" user="BMM994" uid="189946" lat="31.7983957" lon="35.2267188"/>
 <node id="2844125760" visible="true" version="1" changeset="22210276" timestamp="2014-05-08T14:38:57Z" user="BMM994" uid="189946" lat="31.7990607" lon="35.2268866"/>
 <node id="2844125761" visible="true" version="1" changeset="22210276" timestamp="2014-05-08T14:38:57Z" user="BMM994" uid="189946" lat="31.7981102" lon="35.2275043"/>
 <node id="2844125762" visible="true" version="1" changeset="22210276" timestamp="2014-05-08T14:38:57Z" user="BMM994" uid="189946" lat="31.7991883" lon="35.2285457"/>
 <node id="2844125763" visible="true" version="1" changeset="22210276" timestamp="2014-05-08T14:38:57Z" user="BMM994" uid="189946" lat="31.7987668" lon="35.2256444"/>
 <node id="2844125764" visible="true" version="1" changeset="22210276" timestamp="2014-05-08T14:38:57Z" user="BMM994" uid="189946" lat="31.7980168" lon="35.2276092"/>
 <node id="2844125766" visible="true" version="1" changeset="22210276" timestamp="2014-05-08T14:38:57Z" user="BMM994" uid="189946" lat="31.7988259" lon="35.2260641"/>
 <node id="2844125767" visible="true" version="1" changeset="22210276" timestamp="2014-05-08T14:38:57Z" user="BMM994" uid="189946" lat="31.7985472" lon="35.2268822"/>
 <node id="2844125768" visible="true" version="1" changeset="22210276" timestamp="2014-05-08T14:38:57Z" user="BMM994" uid="189946" lat="31.7988852" lon="35.2260636"/>
 <node id="2844125769" visible="true" version="1" changeset="22210276" timestamp="2014-05-08T14:38:57Z" user="BMM994" uid="189946" lat="31.7980692" lon="35.2278918"/>
 <node id="2844125770" visible="true" version="1" changeset="22210276" timestamp="2014-05-08T14:38:57Z" user="BMM994" uid="189946" lat="31.7989161" lon="35.2270297"/>
 <node id="2844125771" visible="true" version="1" changeset="22210276" timestamp="2014-05-08T14:38:57Z" user="BMM994" uid="189946" lat="31.7981057" lon="35.2278435"/>
 <node id="2844125772" visible="true" version="1" changeset="22210276" timestamp="2014-05-08T14:38:57Z" user="BMM994" uid="189946" lat="31.7980742" lon="35.2275034"/>
 <node id="2844125773" visible="true" version="1" changeset="22210276" timestamp="2014-05-08T14:38:57Z" user="BMM994" uid="189946" lat="31.7985815" lon="35.2265433"/>
 <node id="2844125774" visible="true" version="1" changeset="22210276" timestamp="2014-05-08T14:38:57Z" user="BMM994" uid="189946" lat="31.7990669" lon="35.2266429"/>
 <node id="2844125775" visible="true" version="1" changeset="22210276" timestamp="2014-05-08T14:38:57Z" user="BMM994" uid="189946" lat="31.7985331" lon="35.2281670"/>
 <node id="2844125776" visible="true" version="1" changeset="22210276" timestamp="2014-05-08T14:38:57Z" user="BMM994" uid="189946" lat="31.7993914" lon="35.2264835"/>
 <node id="2844125777" visible="true" version="1" changeset="22210276" timestamp="2014-05-08T14:38:58Z" user="BMM994" uid="189946" lat="31.7987486" lon="35.2284819"/>
 <node id="2844125779" visible="true" version="1" changeset="22210276" timestamp="2014-05-08T14:38:58Z" user="BMM994" uid="189946" lat="31.7992455" lon="35.2251294"/>
 <node id="2844125780" visible="true" version="1" changeset="22210276" timestamp="2014-05-08T14:38:58Z" user="BMM994" uid="189946" lat="31.7996729" lon="35.2268366"/>
 <node id="2844125781" visible="true" version="1" changeset="22210276" timestamp="2014-05-08T14:38:58Z" user="BMM994" uid="189946" lat="31.7986793" lon="35.2271721"/>
 <node id="2844125782" visible="true" version="1" changeset="22210276" timestamp="2014-05-08T14:38:58Z" user="BMM994" uid="189946" lat="31.7986106" lon="35.2265201"/>
 <node id="2844125783" visible="true" version="1" changeset="22210276" timestamp="2014-05-08T14:38:58Z" user="BMM994" uid="189946" lat="31.7990360" lon="35.2280944"/>
 <node id="2844125784" visible="true" version="2" changeset="120435326" timestamp="2022-05-01T20:55:14Z" user="donovaly" uid="1730904" lat="31.7977307" lon="35.2281670">
  <tag k="barrier" v="gate"/>
 </node>
 <node id="2844125786" visible="true" version="1" changeset="22210276" timestamp="2014-05-08T14:38:58Z" user="BMM994" uid="189946" lat="31.7989172" lon="35.2271622"/>
 <node id="2844125787" visible="true" version="1" changeset="22210276" timestamp="2014-05-08T14:38:58Z" user="BMM994" uid="189946" lat="31.7994450" lon="35.2272926"/>
 <node id="2844125788" visible="true" version="3" changeset="123819117" timestamp="2022-07-19T17:52:08Z" user="ar58" uid="572423" lat="31.7997515" lon="35.2324221"/>
 <node id="2844125789" visible="true" version="1" changeset="22210276" timestamp="2014-05-08T14:38:58Z" user="BMM994" uid="189946" lat="31.7993766" lon="35.2290467"/>
 <node id="2844125790" visible="true" version="1" changeset="22210276" timestamp="2014-05-08T14:38:58Z" user="BMM994" uid="189946" lat="31.7981092" lon="35.2275647"/>
 <node id="2844125791" visible="true" version="1" changeset="22210276" timestamp="2014-05-08T14:38:58Z" user="BMM994" uid="189946" lat="31.7993903" lon="35.2303127"/>
 <node id="2844125792" visible="true" version="1" changeset="22210276" timestamp="2014-05-08T14:38:58Z" user="BMM994" uid="189946" lat="31.7980236" lon="35.2273124"/>
 <node id="2844125793" visible="true" version="1" changeset="22210276" timestamp="2014-05-08T14:38:58Z" user="BMM994" uid="189946" lat="31.7986881" lon="35.2272282"/>
 <node id="2844125794" visible="true" version="1" changeset="22210276" timestamp="2014-05-08T14:38:58Z" user="BMM994" uid="189946" lat="31.7987839" lon="35.2276413"/>
 <node id="2844125795" visible="true" version="3" changeset="147314250" timestamp="2024-02-11T02:56:31Z" user="ar58" uid="572423" lat="31.7981203" lon="35.2268740"/>
 <node id="2844125796" visible="true" version="2" changeset="123814897" timestamp="2022-07-19T16:08:11Z" user="ar58" uid="572423" lat="31.8000080" lon="35.2302700"/>
 <node id="2844125797" visible="true" version="2" changeset="22210276" timestamp="2014-05-08T15:00:11Z" user="BMM994" uid="189946" lat="31.7991915" lon="35.2300992"/>
 <node id="2844125798" visible="true" version="1" changeset="22210276" timestamp="2014-05-08T14:38:58Z" user="BMM994" uid="189946" lat="31.7982790" lon="35.2270066"/>
 <node id="2844125799" visible="true" version="1" changeset="22210276" timestamp="2014-05-08T14:38:58Z" user="BMM994" uid="189946" lat="31.7997208" lon="35.2274807"/>
 <node id="2844125800" visible="true" version="2" changeset="123814897" timestamp="2022-07-19T16:08:11Z" user="ar58" uid="572423" lat="31.7999903" lon="35.2273784"/>
 <node id="2844125801" visible="true" version="1" changeset="22210276" timestamp="2014-05-08T14:38:58Z" user="BMM994" uid="189946" lat="31.7986893" lon="35.2265292"/>
 <node id="2844125802" visible="true" version="1" changeset="22210276" timestamp="2014-05-08T14:38:58Z" user="BMM994" uid="189946" lat="31.7983793" lon="35.2270066"/>
 <node id="2844125803" visible="true" version="1" changeset="22210276" timestamp="2014-05-08T14:38:58Z" user="BMM994" uid="189946" lat="31.7994413" lon="35.2270710"/>
 <node id="2844125804" visible="true" version="1" changeset="22210276" timestamp="2014-05-08T14:38:58Z" user="BMM994" uid="189946" lat="31.7981410" lon="35.2280436"/>
 <node id="2844125805" visible="true" version="1" changeset="22210276" timestamp="2014-05-08T14:38:58Z" user="BMM994" uid="189946" lat="31.7990637" lon="35.2281450"/>
 <node id="2844125806" visible="true" version="1" changeset="22210276" timestamp="2014-05-08T14:38:58Z" user="BMM994" uid="189946" lat="31.7995553" lon="35.2300644"/>
 <node id="2844125807" visible="true" version="1" changeset="22210276" timestamp="2014-05-08T14:38:58Z" user="BMM994" uid="189946" lat="31.7988240" lon="35.2257597"/>
 <node id="2844125808" visible="true" version="1" changeset="22210276" timestamp="2014-05-08T14:38:58Z" user="BMM994" uid="189946" lat="31.7978969" lon="35.2274389"/>
 <node id="2844125809" visible="true" version="1" changeset="22210276" timestamp="2014-05-08T14:38:58Z" user="BMM994" uid="189946" lat="31.7992448" lon="35.2284925"/>
 <node id="2844125810" visible="true" version="1" changeset="22210276" timestamp="2014-05-08T14:38:58Z" user="BMM994" uid="189946" lat="31.7983510" lon="35.2274624"/>
 <node id="2844125811" visible="true" version="1" changeset="22210276" timestamp="2014-05-08T14:38:58Z" user="BMM994" uid="189946" lat="31.7986163" lon="35.2266365"/>
 <node id="2844125812" visible="true" version="1" changeset="22210276" timestamp="2014-05-08T14:38:58Z" user="BMM994" uid="189946" lat="31.7989628" lon="35.2254137"/>
 <node id="2844125813" visible="true" version="1" changeset="22210276" timestamp="2014-05-08T14:38:58Z" user="BMM994" uid="189946" lat="31.7983656" lon="35.2279937"/>
 <node id="2844125815" visible="true" version="1" changeset="22210276" timestamp="2014-05-08T14:38:58Z" user="BMM994" uid="189946" lat="31.7985468" lon="35.2259139"/>
 <node id="2844125816" visible="true" version="2" changeset="123814897" timestamp="2022-07-19T16:08:11Z" user="ar58" uid="572423" lat="31.7996410" lon="35.2322133"/>
 <node id="2844125817" visible="true" version="1" changeset="22210276" timestamp="2014-05-08T14:38:58Z" user="BMM994" uid="189946" lat="31.7987531" lon="35.2282244"/>
 <node id="2844125818" visible="true" version="1" changeset="22210276" timestamp="2014-05-08T14:38:58Z" user="BMM994" uid="189946" lat="31.7990943" lon="35.2283478"/>
 <node id="2844125819" visible="true" version="1" changeset="22210276" timestamp="2014-05-08T14:38:58Z" user="BMM994" uid="189946" lat="31.7996237" lon="35.2300375"/>
 <node id="2844125820" visible="true" version="1" changeset="22210276" timestamp="2014-05-08T14:38:58Z" user="BMM994" uid="189946" lat="31.7981878" lon="35.2269745"/>
 <node id="2844125821" visible="true" version="1" changeset="22210276" timestamp="2014-05-08T14:38:58Z" user="BMM994" uid="189946" lat="31.7981046" lon="35.2273194"/>
 <node id="2844125822" visible="true" version="1" changeset="22210276" timestamp="2014-05-08T14:38:58Z" user="BMM994" uid="189946" lat="31.7982475" lon="35.2272252"/>
 <node id="2844125823" visible="true" version="1" changeset="22210276" timestamp="2014-05-08T14:38:58Z" user="BMM994" uid="189946" lat="31.7986619" lon="35.2263943"/>
 <node id="2844125824" visible="true" version="1" changeset="22210276" timestamp="2014-05-08T14:38:58Z" user="BMM994" uid="189946" lat="31.7993553" lon="35.2257135"/>
 <node id="2844125825" visible="true" version="1" changeset="22210276" timestamp="2014-05-08T14:38:58Z" user="BMM994" uid="189946" lat="31.7986654" lon="35.2278773"/>
 <node id="2844125826" visible="true" version="1" changeset="22210276" timestamp="2014-05-08T14:38:58Z" user="BMM994" uid="189946" lat="31.7983159" lon="35.2263881"/>
 <node id="2844125827" visible="true" version="2" changeset="134727042" timestamp="2023-04-10T12:14:23Z" user="ar58" uid="572423" lat="31.7977996" lon="35.2286939"/>
 <node id="2844125828" visible="true" version="1" changeset="22210276" timestamp="2014-05-08T14:38:59Z" user="BMM994" uid="189946" lat="31.7987429" lon="35.2283225"/>
 <node id="2844125829" visible="true" version="1" changeset="22210276" timestamp="2014-05-08T14:38:59Z" user="BMM994" uid="189946" lat="31.7992736" lon="35.2264528"/>
 <node id="2844125830" visible="true" version="1" changeset="22210276" timestamp="2014-05-08T14:38:59Z" user="BMM994" uid="189946" lat="31.7987337" lon="35.2269761"/>
 <node id="2844125831" visible="true" version="1" changeset="22210276" timestamp="2014-05-08T14:38:59Z" user="BMM994" uid="189946" lat="31.7990951" lon="35.2271247"/>
 <node id="2844125832" visible="true" version="1" changeset="22210276" timestamp="2014-05-08T14:38:59Z" user="BMM994" uid="189946" lat="31.7992626" lon="35.2255867"/>
 <node id="2844125833" visible="true" version="1" changeset="22210276" timestamp="2014-05-08T14:38:59Z" user="BMM994" uid="189946" lat="31.7985343" lon="35.2264595"/>
 <node id="2844125834" visible="true" version="1" changeset="22210276" timestamp="2014-05-08T14:38:59Z" user="BMM994" uid="189946" lat="31.7987121" lon="35.2268940"/>
 <node id="2844125835" visible="true" version="1" changeset="22210276" timestamp="2014-05-08T14:38:59Z" user="BMM994" uid="189946" lat="31.7978903" lon="35.2276627"/>
 <node id="2844125837" visible="true" version="1" changeset="22210276" timestamp="2014-05-08T14:38:59Z" user="BMM994" uid="189946" lat="31.7986630" lon="35.2266734"/>
 <node id="2844125838" visible="true" version="1" changeset="22210276" timestamp="2014-05-08T14:38:59Z" user="BMM994" uid="189946" lat="31.7995818" lon="35.2280865"/>
 <node id="2844125839" visible="true" version="1" changeset="22210276" timestamp="2014-05-08T14:38:59Z" user="BMM994" uid="189946" lat="31.7981513" lon="35.2269476"/>
 <node id="2844125840" visible="true" version="1" changeset="22210276" timestamp="2014-05-08T14:38:59Z" user="BMM994" uid="189946" lat="31.7987030" lon="35.2265721"/>
 <node id="2844125842" visible="true" version="1" changeset="22210276" timestamp="2014-05-08T14:38:59Z" user="BMM994" uid="189946" lat="31.7980362" lon="35.2276734"/>
 <node id="2844125843" visible="true" version="1" changeset="22210276" timestamp="2014-05-08T14:38:59Z" user="BMM994" uid="189946" lat="31.7982926" lon="35.2277684"/>
 <node id="2844125844" visible="true" version="1" changeset="22210276" timestamp="2014-05-08T14:38:59Z" user="BMM994" uid="189946" lat="31.7988397" lon="35.2273231"/>
 <node id="2844125845" visible="true" version="1" changeset="22210276" timestamp="2014-05-08T14:38:59Z" user="BMM994" uid="189946" lat="31.7993143" lon="35.2260250"/>
 <node id="2844125846" visible="true" version="1" changeset="22210276" timestamp="2014-05-08T14:38:59Z" user="BMM994" uid="189946" lat="31.7993283" lon="35.2284206"/>
 <node id="2844125847" visible="true" version="1" changeset="22210276" timestamp="2014-05-08T14:38:59Z" user="BMM994" uid="189946" lat="31.7993558" lon="35.2265339"/>
 <node id="2844125849" visible="true" version="1" changeset="22210276" timestamp="2014-05-08T14:38:59Z" user="BMM994" uid="189946" lat="31.7981886" lon="35.2272849"/>
 <node id="2844125850" visible="true" version="1" changeset="22210276" timestamp="2014-05-08T14:38:59Z" user="BMM994" uid="189946" lat="31.7997559" lon="35.2301126"/>
 <node id="2844125851" visible="true" version="1" changeset="22210276" timestamp="2014-05-08T14:38:59Z" user="BMM994" uid="189946" lat="31.7992368" lon="35.2284399"/>
 <node id="2844125852" visible="true" version="1" changeset="22210276" timestamp="2014-05-08T14:38:59Z" user="BMM994" uid="189946" lat="31.7992394" lon="35.2255388"/>
 <node id="2844125853" visible="true" version="1" changeset="22210276" timestamp="2014-05-08T14:38:59Z" user="BMM994" uid="189946" lat="31.7987064" lon="35.2256242"/>
 <node id="2844125854" visible="true" version="1" changeset="22210276" timestamp="2014-05-08T14:38:59Z" user="BMM994" uid="189946" lat="31.7986391" lon="35.2286106"/>
 <node id="2844125855" visible="true" version="1" changeset="22210276" timestamp="2014-05-08T14:38:59Z" user="BMM994" uid="189946" lat="31.7979860" lon="35.2276359"/>
 <node id="2844125856" visible="true" version="1" changeset="22210276" timestamp="2014-05-08T14:38:59Z" user="BMM994" uid="189946" lat="31.7990975" lon="35.2256466"/>
 <node id="2844125857" visible="true" version="1" changeset="22210276" timestamp="2014-05-08T14:38:59Z" user="BMM994" uid="189946" lat="31.7981319" lon="35.2271263"/>
 <node id="2844125858" visible="true" version="1" changeset="22210276" timestamp="2014-05-08T14:38:59Z" user="BMM994" uid="189946" lat="31.7988443" lon="35.2270335"/>
 <node id="2844125859" visible="true" version="1" changeset="22210276" timestamp="2014-05-08T14:38:59Z" user="BMM994" uid="189946" lat="31.7993686" lon="35.2270871"/>
 <node id="2844125860" visible="true" version="1" changeset="22210276" timestamp="2014-05-08T14:38:59Z" user="BMM994" uid="189946" lat="31.7992410" lon="35.2289217"/>
 <node id="2844125861" visible="true" version="1" changeset="22210276" timestamp="2014-05-08T14:38:59Z" user="BMM994" uid="189946" lat="31.7999839" lon="35.2280795"/>
 <node id="2844125862" visible="true" version="1" changeset="22210276" timestamp="2014-05-08T14:38:59Z" user="BMM994" uid="189946" lat="31.7987850" lon="35.2270710"/>
 <node id="2844125863" visible="true" version="1" changeset="22210276" timestamp="2014-05-08T14:38:59Z" user="BMM994" uid="189946" lat="31.7992719" lon="35.2256077"/>
 <node id="2844125864" visible="true" version="1" changeset="22210276" timestamp="2014-05-08T14:38:59Z" user="BMM994" uid="189946" lat="31.7990651" lon="35.2284885"/>
 <node id="2844125865" visible="true" version="1" changeset="22210276" timestamp="2014-05-08T14:38:59Z" user="BMM994" uid="189946" lat="31.7977410" lon="35.2282834"/>
 <node id="2844125866" visible="true" version="1" changeset="22210276" timestamp="2014-05-08T14:38:59Z" user="BMM994" uid="189946" lat="31.7996830" lon="35.2285301"/>
 <node id="2844125867" visible="true" version="1" changeset="22210276" timestamp="2014-05-08T14:38:59Z" user="BMM994" uid="189946" lat="31.7979826" lon="35.2270496"/>
 <node id="2844125868" visible="true" version="1" changeset="22210276" timestamp="2014-05-08T14:38:59Z" user="BMM994" uid="189946" lat="31.7993413" lon="35.2271247"/>
 <node id="2844125869" visible="true" version="2" changeset="49475143" timestamp="2017-06-12T17:28:38Z" user="SafwatHalaby_bot" uid="5816834" lat="31.7985195" lon="35.2266274">
  <tag k="amenity" v="library"/>
  <tag k="name" v="ספריית מאירהוף"/>
  <tag k="name:en" v="Meirhoff Library"/>
  <tag k="name:he" v="ספריית מאירהוף"/>
 </node>
 <node id="2844125870" visible="true" version="1" changeset="22210276" timestamp="2014-05-08T14:38:59Z" user="BMM994" uid="189946" lat="31.7991498" lon="35.2270764"/>
 <node id="2844125871" visible="true" version="1" changeset="22210276" timestamp="2014-05-08T14:38:59Z" user="BMM994" uid="189946" lat="31.7999200" lon="35.2301019"/>
 <node id="2844125872" visible="true" version="1" changeset="22210276" timestamp="2014-05-08T14:38:59Z" user="BMM994" uid="189946" lat="31.7990358" lon="35.2288735"/>
 <node id="2844125873" visible="true" version="1" changeset="22210276" timestamp="2014-05-08T14:38:59Z" user="BMM994" uid="189946" lat="31.7980373" lon="35.2271408"/>
 <node id="2844125874" visible="true" version="1" changeset="22210276" timestamp="2014-05-08T14:38:59Z" user="BMM994" uid="189946" lat="31.7992455" lon="35.2271461"/>
 <node id="2844125875" visible="true" version="1" changeset="22210276" timestamp="2014-05-08T14:38:59Z" user="BMM994" uid="189946" lat="31.7985474" lon="35.2268506"/>
 <node id="2844125876" visible="true" version="1" changeset="22210276" timestamp="2014-05-08T14:38:59Z" user="BMM994" uid="189946" lat="31.7993082" lon="35.2256725"/>
 <node id="2844125877" visible="true" version="1" changeset="22210276" timestamp="2014-05-08T14:38:59Z" user="BMM994" uid="189946" lat="31.7997969" lon="35.2299785"/>
 <node id="2844125878" visible="true" version="1" changeset="22210276" timestamp="2014-05-08T14:38:59Z" user="BMM994" uid="189946" lat="31.7982698" lon="35.2279991"/>
 <node id="2844125879" visible="true" version="1" changeset="22210276" timestamp="2014-05-08T14:38:59Z" user="BMM994" uid="189946" lat="31.7990176" lon="35.2271032"/>
 <node id="2844125880" visible="true" version="1" changeset="22210276" timestamp="2014-05-08T14:38:59Z" user="BMM994" uid="189946" lat="31.7994459" lon="35.2292812"/>
 <node id="2844125881" visible="true" version="1" changeset="22210276" timestamp="2014-05-08T14:38:59Z" user="BMM994" uid="189946" lat="31.7983143" lon="35.2275930"/>
 <node id="2844125882" visible="true" version="1" changeset="22210276" timestamp="2014-05-08T14:38:59Z" user="BMM994" uid="189946" lat="31.7989068" lon="35.2256482"/>
 <node id="2844125883" visible="true" version="1" changeset="22210276" timestamp="2014-05-08T14:38:59Z" user="BMM994" uid="189946" lat="31.7991304" lon="35.2255062"/>
 <node id="2844125884" visible="true" version="1" changeset="22210276" timestamp="2014-05-08T14:39:00Z" user="BMM994" uid="189946" lat="31.7996647" lon="35.2300697"/>
 <node id="2844125885" visible="true" version="1" changeset="22210276" timestamp="2014-05-08T14:39:00Z" user="BMM994" uid="189946" lat="31.7983656" lon="35.2282458"/>
 <node id="2844125886" visible="true" version="1" changeset="22210276" timestamp="2014-05-08T14:39:00Z" user="BMM994" uid="189946" lat="31.7981331" lon="35.2273607"/>
 <node id="2844125887" visible="true" version="2" changeset="123814897" timestamp="2022-07-19T16:08:11Z" user="ar58" uid="572423" lat="31.7998578" lon="35.2321061"/>
 <node id="2844125889" visible="true" version="1" changeset="22210276" timestamp="2014-05-08T14:39:00Z" user="BMM994" uid="189946" lat="31.7996465" lon="35.2261647"/>
 <node id="2844125890" visible="true" version="1" changeset="22210276" timestamp="2014-05-08T14:39:00Z" user="BMM994" uid="189946" lat="31.7982910" lon="35.2275581"/>
 <node id="2844125891" visible="true" version="1" changeset="22210276" timestamp="2014-05-08T14:39:00Z" user="BMM994" uid="189946" lat="31.7997149" lon="35.2301180"/>
 <node id="2844125892" visible="true" version="1" changeset="22210276" timestamp="2014-05-08T14:39:00Z" user="BMM994" uid="189946" lat="31.7983063" lon="35.2283531"/>
 <node id="2844125893" visible="true" version="1" changeset="22210276" timestamp="2014-05-08T14:39:00Z" user="BMM994" uid="189946" lat="31.7999109" lon="35.2302146"/>
 <node id="2844125894" visible="true" version="1" changeset="22210276" timestamp="2014-05-08T14:39:00Z" user="BMM994" uid="189946" lat="31.7990130" lon="35.2270281"/>
 <node id="2844125895" visible="true" version="2" changeset="134727042" timestamp="2023-04-10T12:14:23Z" user="ar58" uid="572423" lat="31.7981909" lon="35.2269167"/>
 <node id="2844125896" visible="true" version="1" changeset="22210276" timestamp="2014-05-08T14:39:00Z" user="BMM994" uid="189946" lat="31.7992179" lon="35.2265351"/>
 <node id="2844125897" visible="true" version="1" changeset="22210276" timestamp="2014-05-08T14:39:00Z" user="BMM994" uid="189946" lat="31.7992683" lon="35.2301448"/>
 <node id="2844125898" visible="true" version="1" changeset="22210276" timestamp="2014-05-08T14:39:00Z" user="BMM994" uid="189946" lat="31.7980179" lon="35.2282260"/>
 <node id="2844125899" visible="true" version="1" changeset="22210276" timestamp="2014-05-08T14:39:00Z" user="BMM994" uid="189946" lat="31.7993367" lon="35.2272641"/>
 <node id="2844125900" visible="true" version="1" changeset="22210276" timestamp="2014-05-08T14:39:00Z" user="BMM994" uid="189946" lat="31.7980177" lon="35.2275603"/>
 <node id="2844125901" visible="true" version="1" changeset="22210276" timestamp="2014-05-08T14:39:00Z" user="BMM994" uid="189946" lat="31.7994587" lon="35.2294652"/>
 <node id="2844125902" visible="true" version="1" changeset="22210276" timestamp="2014-05-08T14:39:00Z" user="BMM994" uid="189946" lat="31.7995280" lon="35.2300751"/>
 <node id="2844125903" visible="true" version="1" changeset="22210276" timestamp="2014-05-08T14:39:00Z" user="BMM994" uid="189946" lat="31.7989617" lon="35.2274911"/>
 <node id="2844125904" visible="true" version="1" changeset="22210276" timestamp="2014-05-08T14:39:00Z" user="BMM994" uid="189946" lat="31.8000796" lon="35.2267223"/>
 <node id="2844125905" visible="true" version="2" changeset="134727042" timestamp="2023-04-10T12:14:23Z" user="ar58" uid="572423" lat="31.7977590" lon="35.2285872"/>
 <node id="2844125906" visible="true" version="1" changeset="22210276" timestamp="2014-05-08T14:39:00Z" user="BMM994" uid="189946" lat="31.7987930" lon="35.2285908"/>
 <node id="2844125907" visible="true" version="1" changeset="22210276" timestamp="2014-05-08T14:39:00Z" user="BMM994" uid="189946" lat="31.7991822" lon="35.2285057"/>
 <node id="2844125908" visible="true" version="1" changeset="22210276" timestamp="2014-05-08T14:39:00Z" user="BMM994" uid="189946" lat="31.7980510" lon="35.2270388"/>
 <node id="2844125909" visible="true" version="2" changeset="123814897" timestamp="2022-07-19T16:08:11Z" user="ar58" uid="572423" lat="31.7999591" lon="35.2313520"/>
 <node id="2844125910" visible="true" version="1" changeset="22210276" timestamp="2014-05-08T14:39:00Z" user="BMM994" uid="189946" lat="31.7981482" lon="35.2272839"/>
 <node id="2844125911" visible="true" version="1" changeset="22210276" timestamp="2014-05-08T14:39:00Z" user="BMM994" uid="189946" lat="31.7979773" lon="35.2275594"/>
 <node id="2844125912" visible="true" version="1" changeset="22210276" timestamp="2014-05-08T14:39:00Z" user="BMM994" uid="189946" lat="31.7996237" lon="35.2269745"/>
 <node id="2844125913" visible="true" version="1" changeset="22210276" timestamp="2014-05-08T14:39:00Z" user="BMM994" uid="189946" lat="31.7999237" lon="35.2271209"/>
 <node id="2844125914" visible="true" version="1" changeset="22210276" timestamp="2014-05-08T14:39:00Z" user="BMM994" uid="189946" lat="31.7980875" lon="35.2278220"/>
 <node id="2844125915" visible="true" version="1" changeset="22210276" timestamp="2014-05-08T14:39:00Z" user="BMM994" uid="189946" lat="31.7992353" lon="35.2276842"/>
 <node id="2844125916" visible="true" version="1" changeset="22210276" timestamp="2014-05-08T14:39:00Z" user="BMM994" uid="189946" lat="31.7980544" lon="35.2272121"/>
 <node id="2844125917" visible="true" version="1" changeset="22210276" timestamp="2014-05-08T14:39:00Z" user="BMM994" uid="189946" lat="31.7983964" lon="35.2279792"/>
 <node id="2844125918" visible="true" version="1" changeset="22210276" timestamp="2014-05-08T14:39:00Z" user="BMM994" uid="189946" lat="31.7980750" lon="35.2274548"/>
 <node id="2844125919" visible="true" version="2" changeset="123814897" timestamp="2022-07-19T16:08:11Z" user="ar58" uid="572423" lat="31.7999009" lon="35.2303660"/>
 <node id="2844125920" visible="true" version="1" changeset="22210276" timestamp="2014-05-08T14:39:00Z" user="BMM994" uid="189946" lat="31.7993180" lon="35.2262940"/>
 <node id="2844125922" visible="true" version="1" changeset="22210276" timestamp="2014-05-08T14:39:00Z" user="BMM994" uid="189946" lat="31.7983968" lon="35.2264777"/>
 <node id="2844125923" visible="true" version="1" changeset="22210276" timestamp="2014-05-08T14:39:00Z" user="BMM994" uid="189946" lat="31.7980047" lon="35.2288537"/>
 <node id="2844125926" visible="true" version="1" changeset="22210276" timestamp="2014-05-08T14:39:00Z" user="BMM994" uid="189946" lat="31.7989066" lon="35.2263973"/>
 <node id="2844125927" visible="true" version="1" changeset="22210276" timestamp="2014-05-08T14:39:00Z" user="BMM994" uid="189946" lat="31.7989754" lon="35.2254418"/>
 <node id="2844125928" visible="true" version="1" changeset="22210276" timestamp="2014-05-08T14:39:00Z" user="BMM994" uid="189946" lat="31.7984909" lon="35.2264782"/>
 <node id="2844125929" visible="true" version="1" changeset="22210276" timestamp="2014-05-08T14:39:00Z" user="BMM994" uid="189946" lat="31.7984726" lon="35.2267193"/>
 <node id="2844125930" visible="true" version="1" changeset="22210276" timestamp="2014-05-08T14:39:00Z" user="BMM994" uid="189946" lat="31.7979791" lon="35.2274525"/>
 <node id="2844125931" visible="true" version="1" changeset="22210276" timestamp="2014-05-08T14:39:00Z" user="BMM994" uid="189946" lat="31.7993994" lon="35.2291540"/>
 <node id="2844125932" visible="true" version="1" changeset="22210276" timestamp="2014-05-08T14:39:00Z" user="BMM994" uid="189946" lat="31.7987941" lon="35.2271193"/>
 <node id="2844125933" visible="true" version="1" changeset="22210276" timestamp="2014-05-08T14:39:01Z" user="BMM994" uid="189946" lat="31.7978549" lon="35.2287447"/>
 <node id="2844125934" visible="true" version="1" changeset="22210276" timestamp="2014-05-08T14:39:01Z" user="BMM994" uid="189946" lat="31.7992090" lon="35.2289432"/>
 <node id="2844125935" visible="true" version="1" changeset="22210276" timestamp="2014-05-08T14:39:01Z" user="BMM994" uid="189946" lat="31.7985981" lon="35.2269852"/>
 <node id="2844125936" visible="true" version="1" changeset="22210276" timestamp="2014-05-08T14:39:01Z" user="BMM994" uid="189946" lat="31.7985206" lon="35.2284282"/>
 <node id="2844125938" visible="true" version="1" changeset="22210276" timestamp="2014-05-08T14:39:01Z" user="BMM994" uid="189946" lat="31.7987258" lon="35.2271086"/>
 <node id="2844125939" visible="true" version="1" changeset="22210276" timestamp="2014-05-08T14:39:01Z" user="BMM994" uid="189946" lat="31.7982824" lon="35.2272893"/>
 <node id="2844125940" visible="true" version="1" changeset="22210276" timestamp="2014-05-08T14:39:01Z" user="BMM994" uid="189946" lat="31.7981239" lon="35.2272373"/>
 <node id="2844125941" visible="true" version="1" changeset="22210276" timestamp="2014-05-08T14:39:01Z" user="BMM994" uid="189946" lat="31.7996739" lon="35.2274197"/>
 <node id="2844125942" visible="true" version="1" changeset="22210276" timestamp="2014-05-08T14:39:01Z" user="BMM994" uid="189946" lat="31.7988523" lon="35.2255813"/>
 <node id="2844125943" visible="true" version="1" changeset="22210276" timestamp="2014-05-08T14:39:01Z" user="BMM994" uid="189946" lat="31.7987030" lon="35.2266472"/>
 <node id="2844125944" visible="true" version="1" changeset="22210276" timestamp="2014-05-08T14:39:01Z" user="BMM994" uid="189946" lat="31.7997787" lon="35.2300536"/>
 <node id="2844125945" visible="true" version="1" changeset="22210276" timestamp="2014-05-08T14:39:01Z" user="BMM994" uid="189946" lat="31.7982516" lon="35.2279186"/>
 <node id="2844125947" visible="true" version="1" changeset="22210276" timestamp="2014-05-08T14:39:01Z" user="BMM994" uid="189946" lat="31.7992489" lon="35.2255062"/>
 <node id="2844125948" visible="true" version="1" changeset="22210276" timestamp="2014-05-08T14:39:01Z" user="BMM994" uid="189946" lat="31.7984511" lon="35.2280221"/>
 <node id="2844125949" visible="true" version="2" changeset="120435326" timestamp="2022-05-01T20:55:14Z" user="donovaly" uid="1730904" lat="31.7978686" lon="35.2280044">
  <tag k="barrier" v="gate"/>
 </node>
 <node id="2844125950" visible="true" version="1" changeset="22210276" timestamp="2014-05-08T14:39:01Z" user="BMM994" uid="189946" lat="31.7993103" lon="35.2283023"/>
 <node id="2844125951" visible="true" version="1" changeset="22210276" timestamp="2014-05-08T14:39:01Z" user="BMM994" uid="189946" lat="31.7991999" lon="35.2271247"/>
 <node id="2844125952" visible="true" version="1" changeset="22210276" timestamp="2014-05-08T14:39:01Z" user="BMM994" uid="189946" lat="31.7996146" lon="35.2280473"/>
 <node id="2844125953" visible="true" version="1" changeset="22210276" timestamp="2014-05-08T14:39:01Z" user="BMM994" uid="189946" lat="31.7986517" lon="35.2258388"/>
 <node id="2844125954" visible="true" version="1" changeset="22210276" timestamp="2014-05-08T14:39:01Z" user="BMM994" uid="189946" lat="31.7995088" lon="35.2288161"/>
 <node id="2844125955" visible="true" version="3" changeset="139834146" timestamp="2023-08-13T16:51:09Z" user="ar58" uid="572423" lat="31.7999168" lon="35.2262948"/>
 <node id="2844125956" visible="true" version="2" changeset="111138375" timestamp="2021-09-13T10:57:07Z" user="Car162" uid="12223802" lat="31.8003012" lon="35.2279358"/>
 <node id="2844125957" visible="true" version="1" changeset="22210276" timestamp="2014-05-08T14:39:01Z" user="BMM994" uid="189946" lat="31.7993425" lon="35.2261042"/>
 <node id="2844125958" visible="true" version="1" changeset="22210276" timestamp="2014-05-08T14:39:01Z" user="BMM994" uid="189946" lat="31.7982484" lon="35.2271766"/>
 <node id="2844125960" visible="true" version="1" changeset="22210276" timestamp="2014-05-08T14:39:01Z" user="BMM994" uid="189946" lat="31.7996684" lon="35.2281723"/>
 <node id="2844125961" visible="true" version="1" changeset="22210276" timestamp="2014-05-08T14:39:01Z" user="BMM994" uid="189946" lat="31.7996483" lon="35.2264842"/>
 <node id="2844125962" visible="true" version="1" changeset="22210276" timestamp="2014-05-08T14:39:01Z" user="BMM994" uid="189946" lat="31.7993131" lon="35.2258258"/>
 <node id="2844125963" visible="true" version="1" changeset="22210276" timestamp="2014-05-08T14:39:01Z" user="BMM994" uid="189946" lat="31.7988933" lon="35.2256189"/>
 <node id="2844125964" visible="true" version="1" changeset="22210276" timestamp="2014-05-08T14:39:01Z" user="BMM994" uid="189946" lat="31.7983325" lon="35.2274535"/>
 <node id="2844125965" visible="true" version="1" changeset="22210276" timestamp="2014-05-08T14:39:01Z" user="BMM994" uid="189946" lat="31.7992174" lon="35.2264532"/>
 <node id="2844125966" visible="true" version="1" changeset="22210276" timestamp="2014-05-08T14:39:01Z" user="BMM994" uid="189946" lat="31.7998425" lon="35.2303594"/>
 <node id="2844125967" visible="true" version="1" changeset="22210276" timestamp="2014-05-08T14:39:01Z" user="BMM994" uid="189946" lat="31.7998197" lon="35.2298927"/>
 <node id="2844125968" visible="true" version="1" changeset="22210276" timestamp="2014-05-08T14:39:01Z" user="BMM994" uid="189946" lat="31.7988861" lon="35.2262170"/>
 <node id="2844125969" visible="true" version="1" changeset="22210276" timestamp="2014-05-08T14:39:01Z" user="BMM994" uid="189946" lat="31.7980699" lon="35.2276104"/>
 <node id="2844125970" visible="true" version="2" changeset="123814897" timestamp="2022-07-19T16:08:11Z" user="ar58" uid="572423" lat="31.7998583" lon="35.2268132"/>
 <node id="2844125971" visible="true" version="1" changeset="22210276" timestamp="2014-05-08T14:39:01Z" user="BMM994" uid="189946" lat="31.7996775" lon="35.2264450"/>
 <node id="2844125972" visible="true" version="1" changeset="22210276" timestamp="2014-05-08T14:39:01Z" user="BMM994" uid="189946" lat="31.7998653" lon="35.2267277"/>
 <node id="2844125973" visible="true" version="1" changeset="22210276" timestamp="2014-05-08T14:39:01Z" user="BMM994" uid="189946" lat="31.7991543" lon="35.2271032"/>
 <node id="2844125975" visible="true" version="1" changeset="22210276" timestamp="2014-05-08T14:39:01Z" user="BMM994" uid="189946" lat="31.7995781" lon="35.2287447"/>
 <node id="2844125976" visible="true" version="1" changeset="22210276" timestamp="2014-05-08T14:39:01Z" user="BMM994" uid="189946" lat="31.7986848" lon="35.2262187"/>
 <node id="2844125977" visible="true" version="1" changeset="22210276" timestamp="2014-05-08T14:39:01Z" user="BMM994" uid="189946" lat="31.7982470" lon="35.2278113"/>
 <node id="2844125978" visible="true" version="1" changeset="22210276" timestamp="2014-05-08T14:39:01Z" user="BMM994" uid="189946" lat="31.7980966" lon="35.2284980"/>
 <node id="2844125979" visible="true" version="1" changeset="22210276" timestamp="2014-05-08T14:39:01Z" user="BMM994" uid="189946" lat="31.7990567" lon="35.2284329"/>
 <node id="2844125980" visible="true" version="1" changeset="22210276" timestamp="2014-05-08T14:39:01Z" user="BMM994" uid="189946" lat="31.7989166" lon="35.2288367"/>
 <node id="2844125981" visible="true" version="1" changeset="22210276" timestamp="2014-05-08T14:39:01Z" user="BMM994" uid="189946" lat="31.7979051" lon="35.2283638"/>
 <node id="2844125982" visible="true" version="1" changeset="22210276" timestamp="2014-05-08T14:39:01Z" user="BMM994" uid="189946" lat="31.7996966" lon="35.2283585"/>
 <node id="2844125983" visible="true" version="1" changeset="22210276" timestamp="2014-05-08T14:39:01Z" user="BMM994" uid="189946" lat="31.7996273" lon="35.2286069"/>
 <node id="2844125984" visible="true" version="1" changeset="22210276" timestamp="2014-05-08T14:39:01Z" user="BMM994" uid="189946" lat="31.7977353" lon="35.2284245"/>
 <node id="2844125985" visible="true" version="1" changeset="22210276" timestamp="2014-05-08T14:39:01Z" user="BMM994" uid="189946" lat="31.7982778" lon="35.2278666"/>
 <node id="2844125986" visible="true" version="3" changeset="176593294" timestamp="2025-12-29T18:52:32Z" user="ar58" uid="572423" lat="31.7975439" lon="35.2280495"/>
 <node id="2844125987" visible="true" version="1" changeset="22210276" timestamp="2014-05-08T14:39:01Z" user="BMM994" uid="189946" lat="31.7981501" lon="35.2271743"/>
 <node id="2844125988" visible="true" version="1" changeset="22210276" timestamp="2014-05-08T14:39:02Z" user="BMM994" uid="189946" lat="31.7979872" lon="35.2273822"/>
 <node id="2844125989" visible="true" version="1" changeset="22210276" timestamp="2014-05-08T14:39:02Z" user="BMM994" uid="189946" lat="31.7982288" lon="35.2274894"/>
 <node id="2844125990" visible="true" version="1" changeset="22210276" timestamp="2014-05-08T14:39:02Z" user="BMM994" uid="189946" lat="31.7999246" lon="35.2297425"/>
 <node id="2844125991" visible="true" version="1" changeset="22210276" timestamp="2014-05-08T14:39:02Z" user="BMM994" uid="189946" lat="31.7990191" lon="35.2285814"/>
 <node id="2844125992" visible="true" version="2" changeset="139834146" timestamp="2023-08-13T16:51:09Z" user="ar58" uid="572423" lat="31.7999613" lon="35.2264925"/>
 <node id="2844125993" visible="true" version="1" changeset="22210276" timestamp="2014-05-08T14:39:02Z" user="BMM994" uid="189946" lat="31.7987759" lon="35.2269691"/>
 <node id="2844125994" visible="true" version="1" changeset="22210276" timestamp="2014-05-08T14:39:02Z" user="BMM994" uid="189946" lat="31.7983508" lon="35.2279309"/>
 <node id="2844125995" visible="true" version="2" changeset="134727042" timestamp="2023-04-10T12:14:23Z" user="ar58" uid="572423" lat="31.7977328" lon="35.2284920"/>
 <node id="2844125996" visible="true" version="1" changeset="22210276" timestamp="2014-05-08T14:39:02Z" user="BMM994" uid="189946" lat="31.7998745" lon="35.2298122"/>
 <node id="2844125998" visible="true" version="1" changeset="22210276" timestamp="2014-05-08T14:39:02Z" user="BMM994" uid="189946" lat="31.7978960" lon="35.2278864"/>
 <node id="2844125999" visible="true" version="2" changeset="120435326" timestamp="2022-05-01T20:55:14Z" user="donovaly" uid="1730904" lat="31.7978498" lon="35.2282007"/>
 <node id="2844126000" visible="true" version="1" changeset="22210276" timestamp="2014-05-08T14:39:02Z" user="BMM994" uid="189946" lat="31.7982835" lon="35.2272261"/>
 <node id="2844126001" visible="true" version="1" changeset="22210276" timestamp="2014-05-08T14:39:02Z" user="BMM994" uid="189946" lat="31.7989770" lon="35.2281391"/>
 <node id="2844126002" visible="true" version="1" changeset="22210276" timestamp="2014-05-08T14:39:02Z" user="BMM994" uid="189946" lat="31.7983097" lon="35.2278129"/>
 <node id="2844126003" visible="true" version="1" changeset="22210276" timestamp="2014-05-08T14:39:02Z" user="BMM994" uid="189946" lat="31.7992731" lon="35.2263772"/>
 <node id="2844126004" visible="true" version="2" changeset="123814897" timestamp="2022-07-19T16:08:11Z" user="ar58" uid="572423" lat="31.8000730" lon="35.2282696"/>
 <node id="2844126005" visible="true" version="1" changeset="22210276" timestamp="2014-05-08T14:39:02Z" user="BMM994" uid="189946" lat="31.7992364" lon="35.2296674"/>
 <node id="2844126006" visible="true" version="3" changeset="125380723" timestamp="2022-08-25T21:34:57Z" user="Car162" uid="12223802" lat="31.8002956" lon="35.2282260"/>
 <node id="2844126007" visible="true" version="1" changeset="22210276" timestamp="2014-05-08T14:39:02Z" user="BMM994" uid="189946" lat="31.7989818" lon="35.2267768"/>
 <node id="2844126008" visible="true" version="1" changeset="22210276" timestamp="2014-05-08T14:39:02Z" user="BMM994" uid="189946" lat="31.8001799" lon="35.2270442"/>
 <node id="2844126009" visible="true" version="1" changeset="22210276" timestamp="2014-05-08T14:39:02Z" user="BMM994" uid="189946" lat="31.7985206" lon="35.2272856"/>
 <node id="2844126010" visible="true" version="1" changeset="22210276" timestamp="2014-05-08T14:39:02Z" user="BMM994" uid="189946" lat="31.7987201" lon="35.2271585"/>
 <node id="2844126011" visible="true" version="1" changeset="22210276" timestamp="2014-05-08T14:39:02Z" user="BMM994" uid="189946" lat="31.7982439" lon="35.2272884"/>
 <node id="2844126013" visible="true" version="1" changeset="22210276" timestamp="2014-05-08T14:39:02Z" user="BMM994" uid="189946" lat="31.7991543" lon="35.2271247"/>
 <node id="2844126014" visible="true" version="1" changeset="22210276" timestamp="2014-05-08T14:39:02Z" user="BMM994" uid="189946" lat="31.7986893" lon="35.2269369"/>
 <node id="2844126015" visible="true" version="2" changeset="123814897" timestamp="2022-07-19T16:08:11Z" user="ar58" uid="572423" lat="31.8000408" lon="35.2277980"/>
 <node id="2844126016" visible="true" version="1" changeset="22210276" timestamp="2014-05-08T14:39:02Z" user="BMM994" uid="189946" lat="31.7995872" lon="35.2300483"/>
 <node id="2844126017" visible="true" version="1" changeset="22210276" timestamp="2014-05-08T14:39:02Z" user="BMM994" uid="189946" lat="31.7990210" lon="35.2275822"/>
 <node id="2844126018" visible="true" version="1" changeset="22210276" timestamp="2014-05-08T14:39:02Z" user="BMM994" uid="189946" lat="31.7983508" lon="35.2271853"/>
 <node id="2844126019" visible="true" version="1" changeset="22210276" timestamp="2014-05-08T14:39:02Z" user="BMM994" uid="189946" lat="31.7994869" lon="35.2295977"/>
 <node id="2844126020" visible="true" version="3" changeset="139834146" timestamp="2023-08-13T16:51:09Z" user="ar58" uid="572423" lat="31.8001908" lon="35.2284734"/>
 <node id="2844126021" visible="true" version="1" changeset="22210276" timestamp="2014-05-08T14:39:02Z" user="BMM994" uid="189946" lat="31.7987839" lon="35.2273140"/>
 <node id="2844126022" visible="true" version="1" changeset="22210276" timestamp="2014-05-08T14:39:02Z" user="BMM994" uid="189946" lat="31.7993560" lon="35.2258254"/>
 <node id="2844126023" visible="true" version="1" changeset="22210276" timestamp="2014-05-08T14:39:02Z" user="BMM994" uid="189946" lat="31.7992637" lon="35.2271247"/>
 <node id="2844126024" visible="true" version="1" changeset="22210276" timestamp="2014-05-08T14:39:02Z" user="BMM994" uid="189946" lat="31.7991554" lon="35.2257476"/>
 <node id="2844126026" visible="true" version="1" changeset="22210276" timestamp="2014-05-08T14:39:02Z" user="BMM994" uid="189946" lat="31.7979279" lon="35.2284604"/>
 <node id="2844126027" visible="true" version="2" changeset="123814897" timestamp="2022-07-19T16:08:11Z" user="ar58" uid="572423" lat="31.7998965" lon="35.2318840"/>
 <node id="2844126028" visible="true" version="3" changeset="139834146" timestamp="2023-08-13T16:51:09Z" user="ar58" uid="572423" lat="31.8001649" lon="35.2277092"/>
 <node id="2844126029" visible="true" version="1" changeset="22210276" timestamp="2014-05-08T14:39:02Z" user="BMM994" uid="189946" lat="31.7998325" lon="35.2267186"/>
 <node id="2844126030" visible="true" version="1" changeset="22210276" timestamp="2014-05-08T14:39:02Z" user="BMM994" uid="189946" lat="31.7984932" lon="35.2280903"/>
 <node id="2844126031" visible="true" version="1" changeset="22210276" timestamp="2014-05-08T14:39:02Z" user="BMM994" uid="189946" lat="31.7989571" lon="35.2253614"/>
 <node id="2844126033" visible="true" version="1" changeset="22210276" timestamp="2014-05-08T14:39:02Z" user="BMM994" uid="189946" lat="31.7981866" lon="35.2276573"/>
 <node id="2844126034" visible="true" version="1" changeset="22210276" timestamp="2014-05-08T14:39:02Z" user="BMM994" uid="189946" lat="31.7982197" lon="35.2282566"/>
 <node id="2844126035" visible="true" version="1" changeset="22210276" timestamp="2014-05-08T14:39:02Z" user="BMM994" uid="189946" lat="31.7981638" lon="35.2275930"/>
 <node id="2844126036" visible="true" version="1" changeset="22210276" timestamp="2014-05-08T14:39:02Z" user="BMM994" uid="189946" lat="31.7984146" lon="35.2273838"/>
 <node id="2844126037" visible="true" version="1" changeset="22210276" timestamp="2014-05-08T14:39:02Z" user="BMM994" uid="189946" lat="31.7991167" lon="35.2276091"/>
 <node id="2844126038" visible="true" version="1" changeset="22210276" timestamp="2014-05-08T14:39:02Z" user="BMM994" uid="189946" lat="31.7987725" lon="35.2266454"/>
 <node id="2844126039" visible="true" version="1" changeset="22210276" timestamp="2014-05-08T14:39:02Z" user="BMM994" uid="189946" lat="31.7995143" lon="35.2297854"/>
 <node id="2844126040" visible="true" version="1" changeset="22210276" timestamp="2014-05-08T14:39:02Z" user="BMM994" uid="189946" lat="31.7980707" lon="35.2275638"/>
 <node id="2844126041" visible="true" version="1" changeset="22210276" timestamp="2014-05-08T14:39:02Z" user="BMM994" uid="189946" lat="31.7987440" lon="35.2270657"/>
 <node id="2844126042" visible="true" version="1" changeset="22210276" timestamp="2014-05-08T14:39:02Z" user="BMM994" uid="189946" lat="31.7990905" lon="35.2270925"/>
 <node id="2844126043" visible="true" version="1" changeset="22210276" timestamp="2014-05-08T14:39:02Z" user="BMM994" uid="189946" lat="31.7982869" lon="35.2271853"/>
 <node id="2844126044" visible="true" version="1" changeset="22210276" timestamp="2014-05-08T14:39:03Z" user="BMM994" uid="189946" lat="31.7993367" lon="35.2289325"/>
 <node id="2844126045" visible="true" version="1" changeset="22210276" timestamp="2014-05-08T14:39:03Z" user="BMM994" uid="189946" lat="31.7982824" lon="35.2271316"/>
 <node id="2844126046" visible="true" version="1" changeset="22210276" timestamp="2014-05-08T14:39:03Z" user="BMM994" uid="189946" lat="31.7989355" lon="35.2253600"/>
 <node id="2844135325" visible="true" version="1" changeset="22210276" timestamp="2014-05-08T14:47:50Z" user="BMM994" uid="189946" lat="31.7981011" lon="35.2285248"/>
 <node id="2844135326" visible="true" version="1" changeset="22210276" timestamp="2014-05-08T14:47:50Z" user="BMM994" uid="189946" lat="31.7980891" lon="35.2285162"/>
 <node id="2844135327" visible="true" version="1" changeset="22210276" timestamp="2014-05-08T14:47:50Z" user="BMM994" uid="189946" lat="31.7985833" lon="35.2286551"/>
 <node id="2844135328" visible="true" version="1" changeset="22210276" timestamp="2014-05-08T14:47:50Z" user="BMM994" uid="189946" lat="31.7984932" lon="35.2283424"/>
 <node id="2844135329" visible="true" version="2" changeset="123814897" timestamp="2022-07-19T16:08:11Z" user="ar58" uid="572423" lat="31.7980590" lon="35.2293632"/>
 <node id="2844135330" visible="true" version="1" changeset="22210276" timestamp="2014-05-08T14:47:50Z" user="BMM994" uid="189946" lat="31.7979963" lon="35.2282458"/>
 <node id="2844135331" visible="true" version="2" changeset="123814897" timestamp="2022-07-19T16:08:11Z" user="ar58" uid="572423" lat="31.7978007" lon="35.2287427"/>
 <node id="2844135332" visible="true" version="1" changeset="22210276" timestamp="2014-05-08T14:47:50Z" user="BMM994" uid="189946" lat="31.7980362" lon="35.2290414"/>
 <node id="2844135333" visible="true" version="1" changeset="22210276" timestamp="2014-05-08T14:47:50Z" user="BMM994" uid="189946" lat="31.7979598" lon="35.2290076"/>
 <node id="2844135334" visible="true" version="1" changeset="22210276" timestamp="2014-05-08T14:47:50Z" user="BMM994" uid="189946" lat="31.7985058" lon="35.2282206"/>
 <node id="2844135335" visible="true" version="1" changeset="22210276" timestamp="2014-05-08T14:47:50Z" user="BMM994" uid="189946" lat="31.7981228" lon="35.2290360"/>
 <node id="2844135336" visible="true" version="1" changeset="22210276" timestamp="2014-05-08T14:47:50Z" user="BMM994" uid="189946" lat="31.7985058" lon="35.2284459"/>
 <node id="2844135337" visible="true" version="1" changeset="22210276" timestamp="2014-05-08T14:47:50Z" user="BMM994" uid="189946" lat="31.7985024" lon="35.2283263"/>
 <node id="2844135338" visible="true" version="1" changeset="22210276" timestamp="2014-05-08T14:47:50Z" user="BMM994" uid="189946" lat="31.7986346" lon="35.2286374"/>
 <node id="2844135340" visible="true" version="1" changeset="22210276" timestamp="2014-05-08T14:47:51Z" user="BMM994" uid="189946" lat="31.7981786" lon="35.2292758"/>
 <node id="2844135341" visible="true" version="2" changeset="123814897" timestamp="2022-07-19T16:08:11Z" user="ar58" uid="572423" lat="31.7979266" lon="35.2291113"/>
 <node id="2844135342" visible="true" version="1" changeset="22210276" timestamp="2014-05-08T14:47:51Z" user="BMM994" uid="189946" lat="31.7981650" lon="35.2293455"/>
 <node id="2844135343" visible="true" version="2" changeset="123814897" timestamp="2022-07-19T16:08:11Z" user="ar58" uid="572423" lat="31.7979113" lon="35.2290594"/>
 <node id="2844135344" visible="true" version="2" changeset="123814897" timestamp="2022-07-19T16:08:11Z" user="ar58" uid="572423" lat="31.7977028" lon="35.2281484"/>
 <node id="2844135345" visible="true" version="1" changeset="22210276" timestamp="2014-05-08T14:47:51Z" user="BMM994" uid="189946" lat="31.7981057" lon="35.2292382"/>
 <node id="2844135346" visible="true" version="1" changeset="22210276" timestamp="2014-05-08T14:47:51Z" user="BMM994" uid="189946" lat="31.7982151" lon="35.2285677"/>
 <node id="2844135347" visible="true" version="1" changeset="22210276" timestamp="2014-05-08T14:47:51Z" user="BMM994" uid="189946" lat="31.7988990" lon="35.2291256"/>
 <node id="2844135348" visible="true" version="1" changeset="22210276" timestamp="2014-05-08T14:47:51Z" user="BMM994" uid="189946" lat="31.7979598" lon="35.2289110"/>
 <node id="2844135349" visible="true" version="1" changeset="22210276" timestamp="2014-05-08T14:47:51Z" user="BMM994" uid="189946" lat="31.7980150" lon="35.2290227"/>
 <node id="2844135350" visible="true" version="1" changeset="22210276" timestamp="2014-05-08T14:47:51Z" user="BMM994" uid="189946" lat="31.7981695" lon="35.2289164"/>
 <node id="2844135351" visible="true" version="1" changeset="22210276" timestamp="2014-05-08T14:47:51Z" user="BMM994" uid="189946" lat="31.7979222" lon="35.2290306"/>
 <node id="2844135352" visible="true" version="1" changeset="22210276" timestamp="2014-05-08T14:47:51Z" user="BMM994" uid="189946" lat="31.7980920" lon="35.2293187"/>
 <node id="2844135353" visible="true" version="1" changeset="22210276" timestamp="2014-05-08T14:47:51Z" user="BMM994" uid="189946" lat="31.7988717" lon="35.2288252"/>
 <node id="2844135354" visible="true" version="1" changeset="22210276" timestamp="2014-05-08T14:47:51Z" user="BMM994" uid="189946" lat="31.7977774" lon="35.2280688"/>
 <node id="2844135356" visible="true" version="1" changeset="22210276" timestamp="2014-05-08T14:47:51Z" user="BMM994" uid="189946" lat="31.7987714" lon="35.2287769"/>
 <node id="2844135357" visible="true" version="1" changeset="22210276" timestamp="2014-05-08T14:47:51Z" user="BMM994" uid="189946" lat="31.7982197" lon="35.2285355"/>
 <node id="2844135358" visible="true" version="1" changeset="22210276" timestamp="2014-05-08T14:47:51Z" user="BMM994" uid="189946" lat="31.7982277" lon="35.2289663"/>
 <node id="2844135359" visible="true" version="1" changeset="22210276" timestamp="2014-05-08T14:47:51Z" user="BMM994" uid="189946" lat="31.7983428" lon="35.2284175"/>
 <node id="2844135360" visible="true" version="1" changeset="22210276" timestamp="2014-05-08T14:47:51Z" user="BMM994" uid="189946" lat="31.7979917" lon="35.2290022"/>
 <node id="2844135361" visible="true" version="1" changeset="22210276" timestamp="2014-05-08T14:47:51Z" user="BMM994" uid="189946" lat="31.7983382" lon="35.2284443"/>
 <node id="2844135362" visible="true" version="1" changeset="22210276" timestamp="2014-05-08T14:47:51Z" user="BMM994" uid="189946" lat="31.7980362" lon="35.2280436"/>
 <node id="2844135363" visible="true" version="1" changeset="22210276" timestamp="2014-05-08T14:47:51Z" user="BMM994" uid="189946" lat="31.7980555" lon="35.2288145"/>
 <node id="2844135365" visible="true" version="1" changeset="22210276" timestamp="2014-05-08T14:47:51Z" user="BMM994" uid="189946" lat="31.7980419" lon="35.2288413"/>
 <node id="2844135366" visible="true" version="1" changeset="22210276" timestamp="2014-05-08T14:47:51Z" user="BMM994" uid="189946" lat="31.7979735" lon="35.2281171"/>
 <node id="2844135367" visible="true" version="1" changeset="22210276" timestamp="2014-05-08T14:47:51Z" user="BMM994" uid="189946" lat="31.7981228" lon="35.2283011"/>
 <node id="2844135368" visible="true" version="2" changeset="123814897" timestamp="2022-07-19T16:08:11Z" user="ar58" uid="572423" lat="31.7980718" lon="35.2294363"/>
 <node id="2844135369" visible="true" version="1" changeset="22210276" timestamp="2014-05-08T14:47:51Z" user="BMM994" uid="189946" lat="31.7982653" lon="35.2282941"/>
 <node id="2844135370" visible="true" version="1" changeset="22210276" timestamp="2014-05-08T14:47:51Z" user="BMM994" uid="189946" lat="31.7984283" lon="35.2282582"/>
 <node id="2844135371" visible="true" version="1" changeset="22210276" timestamp="2014-05-08T14:47:51Z" user="BMM994" uid="189946" lat="31.7983371" lon="35.2287624"/>
 <node id="2844135372" visible="true" version="1" changeset="22210276" timestamp="2014-05-08T14:47:51Z" user="BMM994" uid="189946" lat="31.7990495" lon="35.2288842"/>
 <node id="2844135374" visible="true" version="1" changeset="22210276" timestamp="2014-05-08T14:47:51Z" user="BMM994" uid="189946" lat="31.7980966" lon="35.2291792"/>
 <node id="2844135375" visible="true" version="1" changeset="22210276" timestamp="2014-05-08T14:47:51Z" user="BMM994" uid="189946" lat="31.7988033" lon="35.2290880"/>
 <node id="2844135376" visible="true" version="1" changeset="22210276" timestamp="2014-05-08T14:47:51Z" user="BMM994" uid="189946" lat="31.7979769" lon="35.2278987"/>
 <node id="2844135377" visible="true" version="3" changeset="166178903" timestamp="2025-05-13T01:25:18Z" user="ar58" uid="572423" lat="31.7979378" lon="35.2294207"/>
 <node id="2844135378" visible="true" version="1" changeset="22210276" timestamp="2014-05-08T14:47:51Z" user="BMM994" uid="189946" lat="31.7981695" lon="35.2288198"/>
 <node id="2844135379" visible="true" version="1" changeset="22210276" timestamp="2014-05-08T14:47:51Z" user="BMM994" uid="189946" lat="31.7987474" lon="35.2288697"/>
 <node id="2844135380" visible="true" version="1" changeset="22210276" timestamp="2014-05-08T14:47:51Z" user="BMM994" uid="189946" lat="31.7987440" lon="35.2290183"/>
 <node id="2844135381" visible="true" version="1" changeset="22210276" timestamp="2014-05-08T14:47:51Z" user="BMM994" uid="189946" lat="31.7980875" lon="35.2287394"/>
 <node id="2844135382" visible="true" version="2" changeset="123814897" timestamp="2022-07-19T16:08:11Z" user="ar58" uid="572423" lat="31.7978802" lon="35.2289759"/>
 <node id="2844135383" visible="true" version="1" changeset="22210276" timestamp="2014-05-08T14:47:51Z" user="BMM994" uid="189946" lat="31.7982425" lon="35.2284980"/>
 <node id="2844135384" visible="true" version="1" changeset="22210276" timestamp="2014-05-08T14:47:51Z" user="BMM994" uid="189946" lat="31.7978914" lon="35.2279401"/>
 <node id="2844135385" visible="true" version="1" changeset="22210276" timestamp="2014-05-08T14:47:51Z" user="BMM994" uid="189946" lat="31.7980738" lon="35.2287394"/>
 <node id="2844135387" visible="true" version="1" changeset="22210276" timestamp="2014-05-08T14:47:51Z" user="BMM994" uid="189946" lat="31.7982049" lon="35.2287731"/>
 <node id="2844135388" visible="true" version="2" changeset="123814897" timestamp="2022-07-19T16:08:11Z" user="ar58" uid="572423" lat="31.7979152" lon="35.2291422"/>
 <node id="2844135921" visible="true" version="1" changeset="22210276" timestamp="2014-05-08T14:49:17Z" user="BMM994" uid="189946" lat="31.7993173" lon="35.2287463"/>
 <node id="2844135922" visible="true" version="1" changeset="22210276" timestamp="2014-05-08T14:49:17Z" user="BMM994" uid="189946" lat="31.7995726" lon="35.2285478"/>
 <node id="2844135923" visible="true" version="1" changeset="22210276" timestamp="2014-05-08T14:49:17Z" user="BMM994" uid="189946" lat="31.7989115" lon="35.2283976"/>
 <node id="2844135924" visible="true" version="1" changeset="22210276" timestamp="2014-05-08T14:49:17Z" user="BMM994" uid="189946" lat="31.7986152" lon="35.2282152"/>
 <node id="2844135925" visible="true" version="1" changeset="22210276" timestamp="2014-05-08T14:49:17Z" user="BMM994" uid="189946" lat="31.7989252" lon="35.2276842"/>
 <node id="2844135926" visible="true" version="1" changeset="22210276" timestamp="2014-05-08T14:49:17Z" user="BMM994" uid="189946" lat="31.7995225" lon="35.2286927"/>
 <node id="2844135927" visible="true" version="1" changeset="22210276" timestamp="2014-05-08T14:49:17Z" user="BMM994" uid="189946" lat="31.7991942" lon="35.2288536"/>
 <node id="2844135928" visible="true" version="1" changeset="22210276" timestamp="2014-05-08T14:49:17Z" user="BMM994" uid="189946" lat="31.7994906" lon="35.2287463"/>
 <node id="2844135929" visible="true" version="1" changeset="22210276" timestamp="2014-05-08T14:49:17Z" user="BMM994" uid="189946" lat="31.7993356" lon="35.2288000"/>
 <node id="2844135930" visible="true" version="1" changeset="22210276" timestamp="2014-05-08T14:49:17Z" user="BMM994" uid="189946" lat="31.7996000" lon="35.2283118"/>
 <node id="2844135931" visible="true" version="1" changeset="22210276" timestamp="2014-05-08T14:49:17Z" user="BMM994" uid="189946" lat="31.7989207" lon="35.2278183"/>
 <node id="2844135932" visible="true" version="1" changeset="22210276" timestamp="2014-05-08T14:49:17Z" user="BMM994" uid="189946" lat="31.7993128" lon="35.2280007"/>
 <node id="2844135933" visible="true" version="1" changeset="22210276" timestamp="2014-05-08T14:49:17Z" user="BMM994" uid="189946" lat="31.7996046" lon="35.2284030"/>
 <node id="2844135934" visible="true" version="1" changeset="22210276" timestamp="2014-05-08T14:49:17Z" user="BMM994" uid="189946" lat="31.7991350" lon="35.2277378"/>
 <node id="2844135935" visible="true" version="1" changeset="22210276" timestamp="2014-05-08T14:49:17Z" user="BMM994" uid="189946" lat="31.7989982" lon="35.2277003"/>
 <node id="2844135936" visible="true" version="1" changeset="22210276" timestamp="2014-05-08T14:49:17Z" user="BMM994" uid="189946" lat="31.7989070" lon="35.2281241"/>
 <node id="2844135937" visible="true" version="1" changeset="22210276" timestamp="2014-05-08T14:49:17Z" user="BMM994" uid="189946" lat="31.7991669" lon="35.2286176"/>
 <node id="2844135938" visible="true" version="1" changeset="22210276" timestamp="2014-05-08T14:49:17Z" user="BMM994" uid="189946" lat="31.7987520" lon="35.2278505"/>
 <node id="2844135939" visible="true" version="1" changeset="22210276" timestamp="2014-05-08T14:49:17Z" user="BMM994" uid="189946" lat="31.7995407" lon="35.2283869"/>
 <node id="2844135940" visible="true" version="1" changeset="22210276" timestamp="2014-05-08T14:49:17Z" user="BMM994" uid="189946" lat="31.7991532" lon="35.2280597"/>
 <node id="2844135941" visible="true" version="1" changeset="22210276" timestamp="2014-05-08T14:49:17Z" user="BMM994" uid="189946" lat="31.7993128" lon="35.2282743"/>
 <node id="2844135942" visible="true" version="1" changeset="22210276" timestamp="2014-05-08T14:49:17Z" user="BMM994" uid="189946" lat="31.7986881" lon="35.2286122"/>
 <node id="2844135943" visible="true" version="1" changeset="22210276" timestamp="2014-05-08T14:49:17Z" user="BMM994" uid="189946" lat="31.7995134" lon="35.2285317"/>
 <node id="2844135944" visible="true" version="1" changeset="22210276" timestamp="2014-05-08T14:49:17Z" user="BMM994" uid="189946" lat="31.7988751" lon="35.2287785"/>
 <node id="2844135945" visible="true" version="1" changeset="22210276" timestamp="2014-05-08T14:49:17Z" user="BMM994" uid="189946" lat="31.7992991" lon="35.2278719"/>
 <node id="2844135946" visible="true" version="1" changeset="22210276" timestamp="2014-05-08T14:49:17Z" user="BMM994" uid="189946" lat="31.7994176" lon="35.2283976"/>
 <node id="2844135947" visible="true" version="1" changeset="22210276" timestamp="2014-05-08T14:49:17Z" user="BMM994" uid="189946" lat="31.7992717" lon="35.2285639"/>
 <node id="2844135948" visible="true" version="1" changeset="22210276" timestamp="2014-05-08T14:49:17Z" user="BMM994" uid="189946" lat="31.7990894" lon="35.2280168"/>
 <node id="2844135949" visible="true" version="1" changeset="22210276" timestamp="2014-05-08T14:49:17Z" user="BMM994" uid="189946" lat="31.7990757" lon="35.2277056"/>
 <node id="2844135950" visible="true" version="1" changeset="22210276" timestamp="2014-05-08T14:49:17Z" user="BMM994" uid="189946" lat="31.7992626" lon="35.2281080"/>
 <node id="2844135951" visible="true" version="1" changeset="22210276" timestamp="2014-05-08T14:49:17Z" user="BMM994" uid="189946" lat="31.7993310" lon="35.2279041"/>
 <node id="2844135952" visible="true" version="1" changeset="22210276" timestamp="2014-05-08T14:49:17Z" user="BMM994" uid="189946" lat="31.7995453" lon="35.2281723"/>
 <node id="2844135953" visible="true" version="1" changeset="22210276" timestamp="2014-05-08T14:49:17Z" user="BMM994" uid="189946" lat="31.7994131" lon="35.2286927"/>
 <node id="2844135954" visible="true" version="1" changeset="22210276" timestamp="2014-05-08T14:49:17Z" user="BMM994" uid="189946" lat="31.7995863" lon="35.2284942"/>
 <node id="2844135955" visible="true" version="1" changeset="22210276" timestamp="2014-05-08T14:49:17Z" user="BMM994" uid="189946" lat="31.7995863" lon="35.2282313"/>
 <node id="2844135956" visible="true" version="1" changeset="22210276" timestamp="2014-05-08T14:49:17Z" user="BMM994" uid="189946" lat="31.7990210" lon="35.2280007"/>
 <node id="2844135957" visible="true" version="1" changeset="22210276" timestamp="2014-05-08T14:49:17Z" user="BMM994" uid="189946" lat="31.7988705" lon="35.2276198"/>
 <node id="2844135958" visible="true" version="1" changeset="22210276" timestamp="2014-05-08T14:49:17Z" user="BMM994" uid="189946" lat="31.7994951" lon="35.2286229"/>
 <node id="2844135959" visible="true" version="1" changeset="22210276" timestamp="2014-05-08T14:49:17Z" user="BMM994" uid="189946" lat="31.7994131" lon="35.2282635"/>
 <node id="2844135960" visible="true" version="1" changeset="22210276" timestamp="2014-05-08T14:49:18Z" user="BMM994" uid="189946" lat="31.7989845" lon="35.2286283"/>
 <node id="2844135961" visible="true" version="1" changeset="22210276" timestamp="2014-05-08T14:49:18Z" user="BMM994" uid="189946" lat="31.7993903" lon="35.2279095"/>
 <node id="2844135962" visible="true" version="1" changeset="22210276" timestamp="2014-05-08T14:49:18Z" user="BMM994" uid="189946" lat="31.7992581" lon="35.2281992"/>
 <node id="2844135963" visible="true" version="1" changeset="22210276" timestamp="2014-05-08T14:49:18Z" user="BMM994" uid="189946" lat="31.7985650" lon="35.2282904"/>
 <node id="2844135964" visible="true" version="1" changeset="22210276" timestamp="2014-05-08T14:49:18Z" user="BMM994" uid="189946" lat="31.7990164" lon="35.2288375"/>
 <node id="2844135965" visible="true" version="1" changeset="22210276" timestamp="2014-05-08T14:49:18Z" user="BMM994" uid="189946" lat="31.7988340" lon="35.2277700"/>
 <node id="2844135966" visible="true" version="1" changeset="22210276" timestamp="2014-05-08T14:49:18Z" user="BMM994" uid="189946" lat="31.7990027" lon="35.2278987"/>
 <node id="2844135967" visible="true" version="1" changeset="22210276" timestamp="2014-05-08T14:49:18Z" user="BMM994" uid="189946" lat="31.7994587" lon="35.2280490"/>
 <node id="2844135968" visible="true" version="1" changeset="22210276" timestamp="2014-05-08T14:49:18Z" user="BMM994" uid="189946" lat="31.7994176" lon="35.2279578"/>
 <node id="2844135969" visible="true" version="1" changeset="22210276" timestamp="2014-05-08T14:49:18Z" user="BMM994" uid="189946" lat="31.7993994" lon="35.2288000"/>
 <node id="2844135970" visible="true" version="1" changeset="22210276" timestamp="2014-05-08T14:49:18Z" user="BMM994" uid="189946" lat="31.7992033" lon="35.2280704"/>
 <node id="2844135971" visible="true" version="1" changeset="22210276" timestamp="2014-05-08T14:49:18Z" user="BMM994" uid="189946" lat="31.7985605" lon="35.2284298"/>
 <node id="2844135972" visible="true" version="1" changeset="22210276" timestamp="2014-05-08T14:49:18Z" user="BMM994" uid="189946" lat="31.7992125" lon="35.2277861"/>
 <node id="2844135973" visible="true" version="1" changeset="22210276" timestamp="2014-05-08T14:49:18Z" user="BMM994" uid="189946" lat="31.7995544" lon="35.2286498"/>
 <node id="2844135974" visible="true" version="1" changeset="22210276" timestamp="2014-05-08T14:49:18Z" user="BMM994" uid="189946" lat="31.7994450" lon="35.2287463"/>
 <node id="2844135975" visible="true" version="1" changeset="22210276" timestamp="2014-05-08T14:49:18Z" user="BMM994" uid="189946" lat="31.7994541" lon="35.2287892"/>
 <node id="2844135976" visible="true" version="1" changeset="22210276" timestamp="2014-05-08T14:49:18Z" user="BMM994" uid="189946" lat="31.7989115" lon="35.2282260"/>
 <node id="2844135977" visible="true" version="1" changeset="22210276" timestamp="2014-05-08T14:49:18Z" user="BMM994" uid="189946" lat="31.7989252" lon="35.2286551"/>
 <node id="2844135978" visible="true" version="1" changeset="22210276" timestamp="2014-05-08T14:49:18Z" user="BMM994" uid="189946" lat="31.7993219" lon="35.2288643"/>
 <node id="2844135979" visible="true" version="1" changeset="22210276" timestamp="2014-05-08T14:49:18Z" user="BMM994" uid="189946" lat="31.7988933" lon="35.2285532"/>
 <node id="2844135980" visible="true" version="1" changeset="22210276" timestamp="2014-05-08T14:49:18Z" user="BMM994" uid="189946" lat="31.7986608" lon="35.2280650"/>
 <node id="2844135981" visible="true" version="1" changeset="22210276" timestamp="2014-05-08T14:49:18Z" user="BMM994" uid="189946" lat="31.7993538" lon="35.2284727"/>
 <node id="2844142154" visible="true" version="1" changeset="22210276" timestamp="2014-05-08T14:54:44Z" user="BMM994" uid="189946" lat="31.7992832" lon="35.2292342"/>
 <node id="2844142155" visible="true" version="1" changeset="22210276" timestamp="2014-05-08T14:54:44Z" user="BMM994" uid="189946" lat="31.7986477" lon="35.2298475"/>
 <node id="2844142156" visible="true" version="1" changeset="22210276" timestamp="2014-05-08T14:54:44Z" user="BMM994" uid="189946" lat="31.7982797" lon="35.2288659"/>
 <node id="2844142157" visible="true" version="1" changeset="22210276" timestamp="2014-05-08T14:54:44Z" user="BMM994" uid="189946" lat="31.7989410" lon="35.2298839"/>
 <node id="2844142158" visible="true" version="1" changeset="22210276" timestamp="2014-05-08T14:54:44Z" user="BMM994" uid="189946" lat="31.7984648" lon="35.2288955"/>
 <node id="2844142159" visible="true" version="2" changeset="176593294" timestamp="2025-12-29T18:52:32Z" user="ar58" uid="572423" lat="31.7981518" lon="35.2296995"/>
 <node id="2844142161" visible="true" version="1" changeset="22210276" timestamp="2014-05-08T14:54:44Z" user="BMM994" uid="189946" lat="31.7992136" lon="35.2293147"/>
 <node id="2844142162" visible="true" version="1" changeset="22210276" timestamp="2014-05-08T14:54:44Z" user="BMM994" uid="189946" lat="31.7990950" lon="35.2294229"/>
 <node id="2844142163" visible="true" version="1" changeset="22210276" timestamp="2014-05-08T14:54:45Z" user="BMM994" uid="189946" lat="31.7991452" lon="35.2300966"/>
 <node id="2844142164" visible="true" version="2" changeset="176593294" timestamp="2025-12-29T18:52:32Z" user="ar58" uid="572423" lat="31.7980600" lon="35.2296234"/>
 <node id="2844142165" visible="true" version="1" changeset="22210276" timestamp="2014-05-08T14:54:45Z" user="BMM994" uid="189946" lat="31.7990730" lon="35.2292056"/>
 <node id="2844142166" visible="true" version="1" changeset="22210276" timestamp="2014-05-08T14:54:45Z" user="BMM994" uid="189946" lat="31.7991714" lon="35.2297387"/>
 <node id="2844142167" visible="true" version="1" changeset="22210276" timestamp="2014-05-08T14:54:45Z" user="BMM994" uid="189946" lat="31.7991092" lon="35.2291898"/>
 <node id="2844142168" visible="true" version="1" changeset="22210276" timestamp="2014-05-08T14:54:45Z" user="BMM994" uid="189946" lat="31.7985284" lon="35.2288297"/>
 <node id="2844142169" visible="true" version="2" changeset="176593294" timestamp="2025-12-29T18:52:32Z" user="ar58" uid="572423" lat="31.7982886" lon="35.2295385"/>
 <node id="2844142170" visible="true" version="1" changeset="22210276" timestamp="2014-05-08T14:54:45Z" user="BMM994" uid="189946" lat="31.7986381" lon="35.2291256"/>
 <node id="2844142171" visible="true" version="1" changeset="22210276" timestamp="2014-05-08T14:54:45Z" user="BMM994" uid="189946" lat="31.7986027" lon="35.2293670"/>
 <node id="2844142172" visible="true" version="1" changeset="22210276" timestamp="2014-05-08T14:54:45Z" user="BMM994" uid="189946" lat="31.7991753" lon="35.2293348"/>
 <node id="2844142173" visible="true" version="1" changeset="22210276" timestamp="2014-05-08T14:54:45Z" user="BMM994" uid="189946" lat="31.7986063" lon="35.2290831"/>
 <node id="2844142174" visible="true" version="1" changeset="22210276" timestamp="2014-05-08T14:54:45Z" user="BMM994" uid="189946" lat="31.7984060" lon="35.2288299"/>
 <node id="2844142175" visible="true" version="1" changeset="22210276" timestamp="2014-05-08T14:54:45Z" user="BMM994" uid="189946" lat="31.7985571" lon="35.2290189"/>
 <node id="2844142176" visible="true" version="2" changeset="176593294" timestamp="2025-12-29T18:52:32Z" user="ar58" uid="572423" lat="31.7983102" lon="35.2298513"/>
 <node id="2844142177" visible="true" version="1" changeset="22210276" timestamp="2014-05-08T14:54:45Z" user="BMM994" uid="189946" lat="31.7985297" lon="35.2294367"/>
 <node id="2844142178" visible="true" version="1" changeset="22210276" timestamp="2014-05-08T14:54:45Z" user="BMM994" uid="189946" lat="31.7991802" lon="35.2291793"/>
 <node id="2844142181" visible="true" version="1" changeset="22210276" timestamp="2014-05-08T14:54:45Z" user="BMM994" uid="189946" lat="31.7983661" lon="35.2287765"/>
 <node id="2844142183" visible="true" version="2" changeset="176593294" timestamp="2025-12-29T18:52:32Z" user="ar58" uid="572423" lat="31.7981016" lon="35.2296887"/>
 <node id="2844142185" visible="true" version="2" changeset="123814897" timestamp="2022-07-19T16:08:11Z" user="ar58" uid="572423" lat="31.7981870" lon="35.2294964"/>
 <node id="2844142186" visible="true" version="1" changeset="22210276" timestamp="2014-05-08T14:54:45Z" user="BMM994" uid="189946" lat="31.7992092" lon="35.2291458"/>
 <node id="2844142187" visible="true" version="1" changeset="22210276" timestamp="2014-05-08T14:54:45Z" user="BMM994" uid="189946" lat="31.7983854" lon="35.2290072"/>
 <node id="2844142188" visible="true" version="1" changeset="22210276" timestamp="2014-05-08T14:54:45Z" user="BMM994" uid="189946" lat="31.7988644" lon="35.2297050"/>
 <node id="2844142190" visible="true" version="1" changeset="22210276" timestamp="2014-05-08T14:54:45Z" user="BMM994" uid="189946" lat="31.7990939" lon="35.2297978"/>
 <node id="2844142191" visible="true" version="2" changeset="176593294" timestamp="2025-12-29T18:52:32Z" user="ar58" uid="572423" lat="31.7982658" lon="35.2298068"/>
 <node id="2844142192" visible="true" version="2" changeset="176593294" timestamp="2025-12-29T18:52:32Z" user="ar58" uid="572423" lat="31.7980754" lon="35.2294856"/>
 <node id="2844142193" visible="true" version="1" changeset="22210276" timestamp="2014-05-08T14:54:45Z" user="BMM994" uid="189946" lat="31.7987453" lon="35.2299576"/>
 <node id="2844142194" visible="true" version="1" changeset="22210276" timestamp="2014-05-08T14:54:45Z" user="BMM994" uid="189946" lat="31.7986809" lon="35.2296298"/>
 <node id="2844142195" visible="true" version="2" changeset="176593294" timestamp="2025-12-29T18:52:32Z" user="ar58" uid="572423" lat="31.7981511" lon="35.2294973"/>
 <node id="2844142196" visible="true" version="1" changeset="22210276" timestamp="2014-05-08T14:54:45Z" user="BMM994" uid="189946" lat="31.7987985" lon="35.2296204"/>
 <node id="2844142197" visible="true" version="1" changeset="22210276" timestamp="2014-05-08T14:54:45Z" user="BMM994" uid="189946" lat="31.7982652" lon="35.2291991"/>
 <node id="2844142198" visible="true" version="1" changeset="22210276" timestamp="2014-05-08T14:54:45Z" user="BMM994" uid="189946" lat="31.7986643" lon="35.2290230"/>
 <node id="2844142199" visible="true" version="1" changeset="22210276" timestamp="2014-05-08T14:54:45Z" user="BMM994" uid="189946" lat="31.7988303" lon="35.2297417"/>
 <node id="2844142200" visible="true" version="2" changeset="176593294" timestamp="2025-12-29T18:52:32Z" user="ar58" uid="572423" lat="31.7985829" lon="35.2295847"/>
 <node id="2844142401" visible="true" version="1" changeset="22210276" timestamp="2014-05-08T14:54:45Z" user="BMM994" uid="189946" lat="31.7990366" lon="35.2292455"/>
 <node id="2844142404" visible="true" version="1" changeset="22210276" timestamp="2014-05-08T14:54:46Z" user="BMM994" uid="189946" lat="31.7987306" lon="35.2296935"/>
 <node id="2844142405" visible="true" version="1" changeset="22210276" timestamp="2014-05-08T14:54:46Z" user="BMM994" uid="189946" lat="31.7993036" lon="35.2297280"/>
 <node id="2844142406" visible="true" version="1" changeset="22210276" timestamp="2014-05-08T14:54:46Z" user="BMM994" uid="189946" lat="31.7983644" lon="35.2293251"/>
 <node id="2844142407" visible="true" version="1" changeset="22210276" timestamp="2014-05-08T14:54:46Z" user="BMM994" uid="189946" lat="31.7987440" lon="35.2291256"/>
 <node id="2844142408" visible="true" version="1" changeset="22210276" timestamp="2014-05-08T14:54:46Z" user="BMM994" uid="189946" lat="31.7982516" lon="35.2295118"/>
 <node id="2844142409" visible="true" version="1" changeset="22210276" timestamp="2014-05-08T14:54:46Z" user="BMM994" uid="189946" lat="31.7983371" lon="35.2295027"/>
 <node id="2844142410" visible="true" version="1" changeset="22210276" timestamp="2014-05-08T14:54:46Z" user="BMM994" uid="189946" lat="31.7982909" lon="35.2293432"/>
 <node id="2844142411" visible="true" version="2" changeset="123814897" timestamp="2022-07-19T16:08:11Z" user="ar58" uid="572423" lat="31.7981329" lon="35.2294517"/>
 <node id="2844142413" visible="true" version="1" changeset="22210276" timestamp="2014-05-08T14:54:46Z" user="BMM994" uid="189946" lat="31.7983165" lon="35.2290785"/>
 <node id="2844142414" visible="true" version="1" changeset="22210276" timestamp="2014-05-08T14:54:46Z" user="BMM994" uid="189946" lat="31.7986158" lon="35.2289581"/>
 <node id="2844142415" visible="true" version="1" changeset="22210276" timestamp="2014-05-08T14:54:46Z" user="BMM994" uid="189946" lat="31.7984201" lon="35.2290939"/>
 <node id="2844142416" visible="true" version="1" changeset="22210276" timestamp="2014-05-08T14:54:46Z" user="BMM994" uid="189946" lat="31.7984409" lon="35.2291217"/>
 <node id="2844142418" visible="true" version="1" changeset="22210276" timestamp="2014-05-08T14:54:46Z" user="BMM994" uid="189946" lat="31.7988008" lon="35.2294099"/>
 <node id="2844142419" visible="true" version="1" changeset="22210276" timestamp="2014-05-08T14:54:46Z" user="BMM994" uid="189946" lat="31.7991498" lon="35.2291429"/>
 <node id="2844142420" visible="true" version="1" changeset="22210276" timestamp="2014-05-08T14:54:46Z" user="BMM994" uid="189946" lat="31.7990564" lon="35.2292705"/>
 <node id="2844142421" visible="true" version="2" changeset="176593294" timestamp="2025-12-29T18:52:32Z" user="ar58" uid="572423" lat="31.7981902" lon="35.2295258"/>
 <node id="2844142422" visible="true" version="1" changeset="22210276" timestamp="2014-05-08T14:54:46Z" user="BMM994" uid="189946" lat="31.7985708" lon="35.2291952"/>
 <node id="2844142423" visible="true" version="1" changeset="22210276" timestamp="2014-05-08T14:54:46Z" user="BMM994" uid="189946" lat="31.7983890" lon="35.2291754"/>
 <node id="2844142424" visible="true" version="2" changeset="176593294" timestamp="2025-12-29T18:52:32Z" user="ar58" uid="572423" lat="31.7982099" lon="35.2297386"/>
 <node id="2844142426" visible="true" version="1" changeset="22210276" timestamp="2014-05-08T14:54:46Z" user="BMM994" uid="189946" lat="31.7985707" lon="35.2297486"/>
 <node id="2844142427" visible="true" version="1" changeset="22210276" timestamp="2014-05-08T14:54:46Z" user="BMM994" uid="189946" lat="31.7986608" lon="35.2292774"/>
 <node id="2844142428" visible="true" version="2" changeset="176593294" timestamp="2025-12-29T18:52:32Z" user="ar58" uid="572423" lat="31.7983828" lon="35.2297940"/>
 <node id="2844142430" visible="true" version="1" changeset="22210276" timestamp="2014-05-08T14:54:46Z" user="BMM994" uid="189946" lat="31.7984340" lon="35.2294743"/>
 <node id="2844142431" visible="true" version="1" changeset="22210276" timestamp="2014-05-08T14:54:46Z" user="BMM994" uid="189946" lat="31.7986988" lon="35.2297925"/>
 <node id="2844142432" visible="true" version="1" changeset="22210276" timestamp="2014-05-08T14:54:46Z" user="BMM994" uid="189946" lat="31.7987899" lon="35.2299095"/>
 <node id="2844142433" visible="true" version="1" changeset="22210276" timestamp="2014-05-08T14:54:46Z" user="BMM994" uid="189946" lat="31.7988034" lon="35.2300323"/>
 <node id="2844142434" visible="true" version="1" changeset="22210276" timestamp="2014-05-08T14:54:46Z" user="BMM994" uid="189946" lat="31.7984751" lon="35.2287584"/>
 <node id="2844142435" visible="true" version="1" changeset="22210276" timestamp="2014-05-08T14:54:46Z" user="BMM994" uid="189946" lat="31.7983388" lon="35.2291810"/>
 <node id="2844142436" visible="true" version="1" changeset="22210276" timestamp="2014-05-08T14:54:46Z" user="BMM994" uid="189946" lat="31.7984624" lon="35.2290502"/>
 <node id="2844142437" visible="true" version="1" changeset="22210276" timestamp="2014-05-08T14:54:46Z" user="BMM994" uid="189946" lat="31.7995043" lon="35.2297173"/>
 <node id="2844142438" visible="true" version="1" changeset="22210276" timestamp="2014-05-08T14:54:46Z" user="BMM994" uid="189946" lat="31.7990125" lon="35.2293187"/>
 <node id="2844148779" visible="true" version="1" changeset="22210276" timestamp="2014-05-08T15:00:09Z" user="BMM994" uid="189946" lat="31.7988413" lon="35.2300343"/>
 <node id="2844149207" visible="true" version="1" changeset="22210276" timestamp="2014-05-08T15:00:41Z" user="BMM994" uid="189946" lat="31.7979598" lon="35.2306652"/>
 <node id="2844149208" visible="true" version="2" changeset="123819117" timestamp="2022-07-19T17:52:08Z" user="ar58" uid="572423" lat="31.7980084" lon="35.2308568"/>
 <node id="2844149209" visible="true" version="1" changeset="22210276" timestamp="2014-05-08T15:00:42Z" user="BMM994" uid="189946" lat="31.7980088" lon="35.2302376"/>
 <node id="2844149210" visible="true" version="1" changeset="22210276" timestamp="2014-05-08T15:00:42Z" user="BMM994" uid="189946" lat="31.7981650" lon="35.2300161"/>
 <node id="2844149211" visible="true" version="1" changeset="22210276" timestamp="2014-05-08T15:00:42Z" user="BMM994" uid="189946" lat="31.7979552" lon="35.2305364"/>
 <node id="2844149212" visible="true" version="2" changeset="166272231" timestamp="2025-05-14T18:49:46Z" user="ar58" uid="572423" lat="31.7981738" lon="35.2299593"/>
 <node id="2844149213" visible="true" version="1" changeset="22210276" timestamp="2014-05-08T15:00:42Z" user="BMM994" uid="189946" lat="31.7979051" lon="35.2307725"/>
 <node id="2844149214" visible="true" version="2" changeset="123819117" timestamp="2022-07-19T17:52:08Z" user="ar58" uid="572423" lat="31.7980832" lon="35.2309789"/>
 <node id="2844149215" visible="true" version="2" changeset="166178903" timestamp="2025-05-13T01:25:18Z" user="ar58" uid="572423" lat="31.7981046" lon="35.2299265"/>
 <node id="2844149216" visible="true" version="1" changeset="22210276" timestamp="2014-05-08T15:00:42Z" user="BMM994" uid="189946" lat="31.7979313" lon="35.2304147"/>
 <node id="2844149217" visible="true" version="1" changeset="22210276" timestamp="2014-05-08T15:00:42Z" user="BMM994" uid="189946" lat="31.7980555" lon="35.2300536"/>
 <node id="2844149218" visible="true" version="2" changeset="166272231" timestamp="2025-05-14T18:49:46Z" user="ar58" uid="572423" lat="31.7979906" lon="35.2303675"/>
 <node id="2844149220" visible="true" version="2" changeset="166272231" timestamp="2025-05-14T18:49:46Z" user="ar58" uid="572423" lat="31.7981151" lon="35.2300873"/>
 <node id="2844149221" visible="true" version="1" changeset="22210276" timestamp="2014-05-08T15:00:42Z" user="BMM994" uid="189946" lat="31.7978002" lon="35.2306223"/>
 <node id="2844846827" visible="true" version="1" changeset="22218292" timestamp="2014-05-08T20:44:36Z" user="BMM994" uid="189946" lat="31.7978047" lon="35.2260892"/>
 <node id="2844846841" visible="true" version="2" changeset="134727042" timestamp="2023-04-10T12:14:23Z" user="ar58" uid="572423" lat="31.7982277" lon="35.2259611"/>
 <node id="2844846855" visible="true" version="2" changeset="134727042" timestamp="2023-04-10T12:14:23Z" user="ar58" uid="572423" lat="31.7981305" lon="35.2261966"/>
 <node id="2844846873" visible="true" version="2" changeset="134727042" timestamp="2023-04-10T12:14:23Z" user="ar58" uid="572423" lat="31.7984018" lon="35.2255234"/>
 <node id="2844846876" visible="true" version="1" changeset="22218292" timestamp="2014-05-08T20:44:37Z" user="BMM994" uid="189946" lat="31.7983789" lon="35.2254293"/>
 <node id="2844846880" visible="true" version="2" changeset="134727042" timestamp="2023-04-10T12:14:23Z" user="ar58" uid="572423" lat="31.7983839" lon="35.2256117"/>
 <node id="2844846881" visible="true" version="1" changeset="22218292" timestamp="2014-05-08T20:44:37Z" user="BMM994" uid="189946" lat="31.7983014" lon="35.2253435"/>
 <node id="2844846882" visible="true" version="1" changeset="22218292" timestamp="2014-05-08T20:44:37Z" user="BMM994" uid="189946" lat="31.7981967" lon="35.2252577"/>
 <node id="2844846883" visible="true" version="1" changeset="22218292" timestamp="2014-05-08T20:44:37Z" user="BMM994" uid="189946" lat="31.7981101" lon="35.2252201"/>
 <node id="2844846887" visible="true" version="1" changeset="22218292" timestamp="2014-05-08T20:44:37Z" user="BMM994" uid="189946" lat="31.7975858" lon="35.2260945"/>
 <node id="2844846890" visible="true" version="1" changeset="22218292" timestamp="2014-05-08T20:44:37Z" user="BMM994" uid="189946" lat="31.7980281" lon="35.2260999"/>
 <node id="2844847607" visible="true" version="1" changeset="22218292" timestamp="2014-05-08T20:44:37Z" user="BMM994" uid="189946" lat="31.7975038" lon="35.2261090"/>
 <node id="2844847622" visible="true" version="1" changeset="22218292" timestamp="2014-05-08T20:44:38Z" user="BMM994" uid="189946" lat="31.7977226" lon="35.2260892"/>
 <node id="2844847676" visible="true" version="2" changeset="134727042" timestamp="2023-04-10T12:14:23Z" user="ar58" uid="572423" lat="31.7981446" lon="35.2260585"/>
 <node id="2845185756" visible="true" version="1" changeset="22219774" timestamp="2014-05-08T22:40:46Z" user="BMM994" uid="189946" lat="31.8007704" lon="35.2257460"/>
 <node id="2845185758" visible="true" version="1" changeset="22219774" timestamp="2014-05-08T22:40:46Z" user="BMM994" uid="189946" lat="31.8009224" lon="35.2260107"/>
 <node id="2845185759" visible="true" version="1" changeset="22219774" timestamp="2014-05-08T22:40:46Z" user="BMM994" uid="189946" lat="31.8001583" lon="35.2256689"/>
 <node id="2845185767" visible="true" version="1" changeset="22219774" timestamp="2014-05-08T22:40:46Z" user="BMM994" uid="189946" lat="31.8004511" lon="35.2264077"/>
 <node id="2845185768" visible="true" version="1" changeset="22219774" timestamp="2014-05-08T22:40:46Z" user="BMM994" uid="189946" lat="31.8008157" lon="35.2258513"/>
 <node id="2845185771" visible="true" version="1" changeset="22219774" timestamp="2014-05-08T22:40:46Z" user="BMM994" uid="189946" lat="31.8004088" lon="35.2256884"/>
 <node id="2845185772" visible="true" version="1" changeset="22219774" timestamp="2014-05-08T22:40:46Z" user="BMM994" uid="189946" lat="31.8007325" lon="35.2257686"/>
 <node id="2845185780" visible="true" version="1" changeset="22219774" timestamp="2014-05-08T22:40:46Z" user="BMM994" uid="189946" lat="31.8007687" lon="35.2255544"/>
 <node id="2845185781" visible="true" version="1" changeset="22219774" timestamp="2014-05-08T22:40:46Z" user="BMM994" uid="189946" lat="31.8001790" lon="35.2264754"/>
 <node id="2845185787" visible="true" version="1" changeset="22219774" timestamp="2014-05-08T22:40:46Z" user="BMM994" uid="189946" lat="31.8002253" lon="35.2263291"/>
 <node id="2845185789" visible="true" version="1" changeset="22219774" timestamp="2014-05-08T22:40:46Z" user="BMM994" uid="189946" lat="31.8001591" lon="35.2262644"/>
 <node id="2845185798" visible="true" version="1" changeset="22219774" timestamp="2014-05-08T22:40:47Z" user="BMM994" uid="189946" lat="31.8003857" lon="35.2264488"/>
 <node id="2845186002" visible="true" version="1" changeset="22219774" timestamp="2014-05-08T22:40:47Z" user="BMM994" uid="189946" lat="31.8000759" lon="35.2261816"/>
 <node id="2845186011" visible="true" version="1" changeset="22219774" timestamp="2014-05-08T22:40:47Z" user="BMM994" uid="189946" lat="31.8000835" lon="35.2259845"/>
 <node id="2845186015" visible="true" version="1" changeset="22219774" timestamp="2014-05-08T22:40:47Z" user="BMM994" uid="189946" lat="31.8005430" lon="35.2259996"/>
 <node id="2845186016" visible="true" version="1" changeset="22219774" timestamp="2014-05-08T22:40:47Z" user="BMM994" uid="189946" lat="31.8006248" lon="35.2261789"/>
 <node id="2845186024" visible="true" version="1" changeset="22219774" timestamp="2014-05-08T22:40:47Z" user="BMM994" uid="189946" lat="31.8008818" lon="35.2259160"/>
 <node id="2845186025" visible="true" version="1" changeset="22219774" timestamp="2014-05-08T22:40:47Z" user="BMM994" uid="189946" lat="31.8001577" lon="35.2260735"/>
 <node id="2845186026" visible="true" version="1" changeset="22219774" timestamp="2014-05-08T22:40:47Z" user="BMM994" uid="189946" lat="31.8004022" lon="35.2264850"/>
 <node id="2845186028" visible="true" version="1" changeset="22219774" timestamp="2014-05-08T22:40:47Z" user="BMM994" uid="189946" lat="31.8003049" lon="35.2257541"/>
 <node id="2845186035" visible="true" version="1" changeset="22219774" timestamp="2014-05-08T22:40:47Z" user="BMM994" uid="189946" lat="31.8006748" lon="35.2254195"/>
 <node id="2845186039" visible="true" version="1" changeset="22219774" timestamp="2014-05-08T22:40:47Z" user="BMM994" uid="189946" lat="31.8004784" lon="35.2260684"/>
 <node id="2845186040" visible="true" version="1" changeset="22219774" timestamp="2014-05-08T22:40:47Z" user="BMM994" uid="189946" lat="31.8001828" lon="35.2260586"/>
 <node id="2845186044" visible="true" version="1" changeset="22219774" timestamp="2014-05-08T22:40:48Z" user="BMM994" uid="189946" lat="31.8001177" lon="35.2263327"/>
 <node id="2845186045" visible="true" version="1" changeset="22219774" timestamp="2014-05-08T22:40:48Z" user="BMM994" uid="189946" lat="31.8005199" lon="35.2260142"/>
 <node id="2845186056" visible="true" version="1" changeset="22219774" timestamp="2014-05-08T22:40:48Z" user="BMM994" uid="189946" lat="31.8007965" lon="35.2258068"/>
 <node id="2845186066" visible="true" version="1" changeset="22219774" timestamp="2014-05-08T22:40:48Z" user="BMM994" uid="189946" lat="31.8005503" lon="35.2262260"/>
 <node id="2845186069" visible="true" version="1" changeset="22219774" timestamp="2014-05-08T22:40:48Z" user="BMM994" uid="189946" lat="31.8001139" lon="35.2261591"/>
 <node id="2845186075" visible="true" version="1" changeset="22219774" timestamp="2014-05-08T22:40:48Z" user="BMM994" uid="189946" lat="31.8007823" lon="35.2258711"/>
 <node id="2845186081" visible="true" version="1" changeset="22219774" timestamp="2014-05-08T22:40:48Z" user="BMM994" uid="189946" lat="31.8004198" lon="35.2257947"/>
 <node id="2845186084" visible="true" version="1" changeset="22219774" timestamp="2014-05-08T22:40:48Z" user="BMM994" uid="189946" lat="31.8003175" lon="35.2265382"/>
 <node id="2845186085" visible="true" version="2" changeset="133235022" timestamp="2023-03-03T05:28:47Z" user="luja" uid="120636" lat="31.8000555" lon="35.2261341">
  <tag k="addr:housenumber" v="26"/>
  <tag k="addr:street" v="לוי אשכול"/>
 </node>
 <node id="2845186090" visible="true" version="1" changeset="22219774" timestamp="2014-05-08T22:40:48Z" user="BMM994" uid="189946" lat="31.8002659" lon="35.2264238"/>
 <node id="2845186095" visible="true" version="1" changeset="22219774" timestamp="2014-05-08T22:40:49Z" user="BMM994" uid="189946" lat="31.8004033" lon="35.2263024"/>
 <node id="2845186096" visible="true" version="1" changeset="22219774" timestamp="2014-05-08T22:40:49Z" user="BMM994" uid="189946" lat="31.8004489" lon="35.2257763"/>
 <node id="2845186102" visible="true" version="2" changeset="133235022" timestamp="2023-03-03T05:29:48Z" user="luja" uid="120636" lat="31.8007120" lon="35.2257210">
  <tag k="addr:housenumber" v="14"/>
  <tag k="addr:street" v="פארן"/>
 </node>
 <node id="2845186103" visible="true" version="1" changeset="22219774" timestamp="2014-05-08T22:40:49Z" user="BMM994" uid="189946" lat="31.8003171" lon="35.2263566"/>
 <node id="2845186104" visible="true" version="1" changeset="22219774" timestamp="2014-05-08T22:40:49Z" user="BMM994" uid="189946" lat="31.8000252" lon="35.2260635"/>
 <node id="2845186105" visible="true" version="1" changeset="22219774" timestamp="2014-05-08T22:40:49Z" user="BMM994" uid="189946" lat="31.8008142" lon="35.2256605"/>
 <node id="2845186107" visible="true" version="1" changeset="22219774" timestamp="2014-05-08T22:40:49Z" user="BMM994" uid="189946" lat="31.8008784" lon="35.2258290"/>
 <node id="2845186119" visible="true" version="1" changeset="22219774" timestamp="2014-05-08T22:40:49Z" user="BMM994" uid="189946" lat="31.8002535" lon="35.2262233"/>
 <node id="2845186122" visible="true" version="1" changeset="22219774" timestamp="2014-05-08T22:40:49Z" user="BMM994" uid="189946" lat="31.8007400" lon="35.2255715"/>
 <node id="2845186126" visible="true" version="1" changeset="22219774" timestamp="2014-05-08T22:40:49Z" user="BMM994" uid="189946" lat="31.8003311" lon="35.2263874"/>
 <node id="2845186130" visible="true" version="1" changeset="22219774" timestamp="2014-05-08T22:40:50Z" user="BMM994" uid="189946" lat="31.8001408" lon="35.2263190"/>
 <node id="2845186132" visible="true" version="1" changeset="22219774" timestamp="2014-05-08T22:40:50Z" user="BMM994" uid="189946" lat="31.8006817" lon="35.2256504"/>
 <node id="2845186134" visible="true" version="1" changeset="22219774" timestamp="2014-05-08T22:40:50Z" user="BMM994" uid="189946" lat="31.7999171" lon="35.2258927"/>
 <node id="2845186135" visible="true" version="1" changeset="22219774" timestamp="2014-05-08T22:40:50Z" user="BMM994" uid="189946" lat="31.7999975" lon="35.2260800"/>
 <node id="2845186136" visible="true" version="1" changeset="22219774" timestamp="2014-05-08T22:40:50Z" user="BMM994" uid="189946" lat="31.8000183" lon="35.2258326"/>
 <node id="2845186137" visible="true" version="1" changeset="22219774" timestamp="2014-05-08T22:40:50Z" user="BMM994" uid="189946" lat="31.8001400" lon="35.2262199"/>
 <node id="2845186139" visible="true" version="1" changeset="22219774" timestamp="2014-05-08T22:40:50Z" user="BMM994" uid="189946" lat="31.7998882" lon="35.2250700"/>
 <node id="2845186141" visible="true" version="1" changeset="22219774" timestamp="2014-05-08T22:40:50Z" user="BMM994" uid="189946" lat="31.8009089" lon="35.2258999"/>
 <node id="2845186142" visible="true" version="1" changeset="22219774" timestamp="2014-05-08T22:40:50Z" user="BMM994" uid="189946" lat="31.8008355" lon="35.2260624"/>
 <node id="2845186150" visible="true" version="1" changeset="22219774" timestamp="2014-05-08T22:40:50Z" user="BMM994" uid="189946" lat="31.8007743" lon="35.2259197"/>
 <node id="2845186151" visible="true" version="1" changeset="22219774" timestamp="2014-05-08T22:40:50Z" user="BMM994" uid="189946" lat="31.8005736" lon="35.2254796"/>
 <node id="2845186155" visible="true" version="1" changeset="22219774" timestamp="2014-05-08T22:40:50Z" user="BMM994" uid="189946" lat="31.8009827" lon="35.2256208"/>
 <node id="2845186163" visible="true" version="2" changeset="133235022" timestamp="2023-03-03T05:29:48Z" user="luja" uid="120636" lat="31.8004874" lon="35.2259428">
  <tag k="addr:housenumber" v="17"/>
  <tag k="addr:street" v="פארן"/>
 </node>
 <node id="2845186164" visible="true" version="1" changeset="22219774" timestamp="2014-05-08T22:40:50Z" user="BMM994" uid="189946" lat="31.8001122" lon="35.2259675"/>
 <node id="2845186167" visible="true" version="1" changeset="22219774" timestamp="2014-05-08T22:40:50Z" user="BMM994" uid="189946" lat="31.8009100" lon="35.2258102"/>
 <node id="2845186169" visible="true" version="1" changeset="22219774" timestamp="2014-05-08T22:40:50Z" user="BMM994" uid="189946" lat="31.8002524" lon="35.2263129"/>
 <node id="2845186174" visible="true" version="1" changeset="22219774" timestamp="2014-05-08T22:40:50Z" user="BMM994" uid="189946" lat="31.8004217" lon="35.2262528"/>
 <node id="2845186176" visible="true" version="1" changeset="22219774" timestamp="2014-05-08T22:40:50Z" user="BMM994" uid="189946" lat="31.8002673" lon="35.2264275"/>
 <node id="2845186177" visible="true" version="1" changeset="22219774" timestamp="2014-05-08T22:40:50Z" user="BMM994" uid="189946" lat="31.8007973" lon="35.2259060"/>
 <node id="2845186178" visible="true" version="1" changeset="22219774" timestamp="2014-05-08T22:40:50Z" user="BMM994" uid="189946" lat="31.8006541" lon="35.2256669"/>
 <node id="2845186181" visible="true" version="1" changeset="22219774" timestamp="2014-05-08T22:40:50Z" user="BMM994" uid="189946" lat="31.8001258" lon="35.2262842"/>
 <node id="2845186186" visible="true" version="1" changeset="22219774" timestamp="2014-05-08T22:40:51Z" user="BMM994" uid="189946" lat="31.8008393" lon="35.2256456"/>
 <node id="2845186191" visible="true" version="1" changeset="22219774" timestamp="2014-05-08T22:40:51Z" user="BMM994" uid="189946" lat="31.8004785" lon="35.2254587"/>
 <node id="2845186194" visible="true" version="1" changeset="22219774" timestamp="2014-05-08T22:40:51Z" user="BMM994" uid="189946" lat="31.8002219" lon="35.2262420"/>
 <node id="2845186195" visible="true" version="1" changeset="22219774" timestamp="2014-05-08T22:40:51Z" user="BMM994" uid="189946" lat="31.8004550" lon="35.2260832"/>
 <node id="2845186196" visible="true" version="2" changeset="133235022" timestamp="2023-03-03T05:28:48Z" user="luja" uid="120636" lat="31.8002930" lon="35.2264842">
  <tag k="addr:housenumber" v="24"/>
  <tag k="addr:street" v="לוי אשכול"/>
 </node>
 <node id="2845693012" visible="true" version="1" changeset="22228385" timestamp="2014-05-09T11:10:23Z" user="BMM994" uid="189946" lat="31.8011934" lon="35.2271444"/>
 <node id="2845693014" visible="true" version="1" changeset="22228385" timestamp="2014-05-09T11:10:23Z" user="BMM994" uid="189946" lat="31.8012846" lon="35.2278954"/>
 <node id="2845693017" visible="true" version="1" changeset="22228385" timestamp="2014-05-09T11:10:23Z" user="BMM994" uid="189946" lat="31.8012526" lon="35.2290863"/>
 <node id="2845693019" visible="true" version="1" changeset="22228385" timestamp="2014-05-09T11:10:23Z" user="BMM994" uid="189946" lat="31.8012834" lon="35.2277200"/>
 <node id="2845693022" visible="true" version="1" changeset="22228385" timestamp="2014-05-09T11:10:23Z" user="BMM994" uid="189946" lat="31.8013062" lon="35.2294626"/>
 <node id="2845693038" visible="true" version="2" changeset="26730825" timestamp="2014-11-12T09:46:40Z" user="WillRock41" uid="963154" lat="31.8013897" lon="35.2297022"/>
 <node id="2845693050" visible="true" version="1" changeset="22228385" timestamp="2014-05-09T11:10:23Z" user="BMM994" uid="189946" lat="31.8012287" lon="35.2272640"/>
 <node id="2845693053" visible="true" version="1" changeset="22228385" timestamp="2014-05-09T11:10:23Z" user="BMM994" uid="189946" lat="31.8008913" lon="35.2264165"/>
 <node id="2845693056" visible="true" version="1" changeset="22228385" timestamp="2014-05-09T11:10:24Z" user="BMM994" uid="189946" lat="31.8011330" lon="35.2269744"/>
 <node id="2845693071" visible="true" version="1" changeset="22228385" timestamp="2014-05-09T11:10:24Z" user="BMM994" uid="189946" lat="31.8012846" lon="35.2293545"/>
 <node id="2845693079" visible="true" version="1" changeset="22228385" timestamp="2014-05-09T11:10:24Z" user="BMM994" uid="189946" lat="31.8012561" lon="35.2274089"/>
 <node id="2845693086" visible="true" version="1" changeset="22228385" timestamp="2014-05-09T11:10:24Z" user="BMM994" uid="189946" lat="31.8012709" lon="35.2275467"/>
 <node id="2845693094" visible="true" version="2" changeset="26730825" timestamp="2014-11-12T09:46:39Z" user="WillRock41" uid="963154" lat="31.8013482" lon="35.2295910"/>
 <node id="2845693096" visible="true" version="1" changeset="22228385" timestamp="2014-05-09T11:10:24Z" user="BMM994" uid="189946" lat="31.8010840" lon="35.2268655"/>
 <node id="2845693101" visible="true" version="1" changeset="22228385" timestamp="2014-05-09T11:10:24Z" user="BMM994" uid="189946" lat="31.8012526" lon="35.2289308"/>
 <node id="2845693109" visible="true" version="1" changeset="22228385" timestamp="2014-05-09T11:10:25Z" user="BMM994" uid="189946" lat="31.8012663" lon="35.2292473"/>
 <node id="2845708697" visible="true" version="1" changeset="22228385" timestamp="2014-05-09T11:18:33Z" user="BMM994" uid="189946" lat="31.8011440" lon="35.2295489"/>
 <node id="2845708700" visible="true" version="1" changeset="22228385" timestamp="2014-05-09T11:18:33Z" user="BMM994" uid="189946" lat="31.8005080" lon="35.2297021"/>
 <node id="2845711502" visible="true" version="1" changeset="22228385" timestamp="2014-05-09T11:18:33Z" user="BMM994" uid="189946" lat="31.8009090" lon="35.2295851"/>
 <node id="2845711505" visible="true" version="1" changeset="22228385" timestamp="2014-05-09T11:18:33Z" user="BMM994" uid="189946" lat="31.8005962" lon="35.2298504"/>
 <node id="2845711506" visible="true" version="1" changeset="22228385" timestamp="2014-05-09T11:18:33Z" user="BMM994" uid="189946" lat="31.8010477" lon="35.2293683"/>
 <node id="2845711508" visible="true" version="1" changeset="22228385" timestamp="2014-05-09T11:18:33Z" user="BMM994" uid="189946" lat="31.8004260" lon="35.2298846"/>
 <node id="2845711511" visible="true" version="1" changeset="22228385" timestamp="2014-05-09T11:18:33Z" user="BMM994" uid="189946" lat="31.8010859" lon="35.2295479"/>
 <node id="2845711512" visible="true" version="1" changeset="22228385" timestamp="2014-05-09T11:18:33Z" user="BMM994" uid="189946" lat="31.8011453" lon="35.2294384"/>
 <node id="2845711513" visible="true" version="1" changeset="22228385" timestamp="2014-05-09T11:18:33Z" user="BMM994" uid="189946" lat="31.8009541" lon="35.2294782"/>
 <node id="2845711515" visible="true" version="1" changeset="22228385" timestamp="2014-05-09T11:18:33Z" user="BMM994" uid="189946" lat="31.8004302" lon="35.2296617"/>
 <node id="2845711516" visible="true" version="1" changeset="22228385" timestamp="2014-05-09T11:18:33Z" user="BMM994" uid="189946" lat="31.8010469" lon="35.2294367"/>
 <node id="2845711517" visible="true" version="1" changeset="22228385" timestamp="2014-05-09T11:18:33Z" user="BMM994" uid="189946" lat="31.8006059" lon="35.2294201"/>
 <node id="2845711518" visible="true" version="1" changeset="22228385" timestamp="2014-05-09T11:18:34Z" user="BMM994" uid="189946" lat="31.8005150" lon="35.2294177"/>
 <node id="2845711519" visible="true" version="1" changeset="22228385" timestamp="2014-05-09T11:18:34Z" user="BMM994" uid="189946" lat="31.8006258" lon="35.2292820"/>
 <node id="2845711520" visible="true" version="1" changeset="22228385" timestamp="2014-05-09T11:18:34Z" user="BMM994" uid="189946" lat="31.8007378" lon="35.2291639"/>
 <node id="2845711521" visible="true" version="1" changeset="22228385" timestamp="2014-05-09T11:18:34Z" user="BMM994" uid="189946" lat="31.8005127" lon="35.2292217"/>
 <node id="2845711527" visible="true" version="1" changeset="22228385" timestamp="2014-05-09T11:18:34Z" user="BMM994" uid="189946" lat="31.8010066" lon="35.2296549"/>
 <node id="2845711530" visible="true" version="1" changeset="22228385" timestamp="2014-05-09T11:18:34Z" user="BMM994" uid="189946" lat="31.8010846" lon="35.2296562"/>
 <node id="2845711531" visible="true" version="1" changeset="22228385" timestamp="2014-05-09T11:18:34Z" user="BMM994" uid="189946" lat="31.8005157" lon="35.2293794"/>
 <node id="2845711532" visible="true" version="2" changeset="133387403" timestamp="2023-03-07T05:09:02Z" user="luja" uid="120636" lat="31.8004285" lon="35.2297513">
  <tag k="addr:housenumber" v="8"/>
  <tag k="addr:street" v="לוי אשכול"/>
 </node>
 <node id="2845711533" visible="true" version="2" changeset="133387403" timestamp="2023-03-07T05:09:03Z" user="luja" uid="120636" lat="31.8005423" lon="35.2292740">
  <tag k="addr:housenumber" v="12"/>
  <tag k="addr:street" v="לוי אשכול"/>
 </node>
 <node id="2845711537" visible="true" version="1" changeset="22228385" timestamp="2014-05-09T11:18:34Z" user="BMM994" uid="189946" lat="31.8008114" lon="35.2299892"/>
 <node id="2845711539" visible="true" version="1" changeset="22228385" timestamp="2014-05-09T11:18:34Z" user="BMM994" uid="189946" lat="31.8005425" lon="35.2292219"/>
 <node id="2845711540" visible="true" version="1" changeset="22228385" timestamp="2014-05-09T11:18:34Z" user="BMM994" uid="189946" lat="31.8012593" lon="35.2291647"/>
 <node id="2845711542" visible="true" version="1" changeset="22228385" timestamp="2014-05-09T11:18:34Z" user="BMM994" uid="189946" lat="31.8005086" lon="35.2298868"/>
 <node id="2845711545" visible="true" version="1" changeset="22228385" timestamp="2014-05-09T11:18:34Z" user="BMM994" uid="189946" lat="31.8010074" lon="35.2295867"/>
 <node id="2845711546" visible="true" version="2" changeset="133235022" timestamp="2023-03-03T05:30:24Z" user="luja" uid="120636" lat="31.8011446" lon="35.2294941">
  <tag k="addr:housenumber" v="3"/>
  <tag k="addr:street" v="פארן"/>
 </node>
 <node id="2845711548" visible="true" version="1" changeset="22228385" timestamp="2014-05-09T11:18:34Z" user="BMM994" uid="189946" lat="31.8006256" lon="35.2293413"/>
 <node id="2845711549" visible="true" version="1" changeset="22228385" timestamp="2014-05-09T11:18:34Z" user="BMM994" uid="189946" lat="31.8004304" lon="35.2296030"/>
 <node id="2845711550" visible="true" version="1" changeset="22228385" timestamp="2014-05-09T11:18:34Z" user="BMM994" uid="189946" lat="31.8006030" lon="35.2295689"/>
 <node id="2845711552" visible="true" version="1" changeset="22228385" timestamp="2014-05-09T11:18:34Z" user="BMM994" uid="189946" lat="31.8006109" lon="35.2290808"/>
 <node id="2845711559" visible="true" version="2" changeset="133387403" timestamp="2023-03-07T05:09:02Z" user="luja" uid="120636" lat="31.8004327" lon="35.2294832">
  <tag k="addr:housenumber" v="10"/>
  <tag k="addr:street" v="לוי אשכול"/>
 </node>
 <node id="2845711560" visible="true" version="1" changeset="22228385" timestamp="2014-05-09T11:18:34Z" user="BMM994" uid="189946" lat="31.8007373" lon="35.2292826"/>
 <node id="2845711565" visible="true" version="1" changeset="22228385" timestamp="2014-05-09T11:18:34Z" user="BMM994" uid="189946" lat="31.8005420" lon="35.2293408"/>
 <node id="2845711567" visible="true" version="1" changeset="22228385" timestamp="2014-05-09T11:18:34Z" user="BMM994" uid="189946" lat="31.8008379" lon="35.2291469"/>
 <node id="2845711568" visible="true" version="1" changeset="22228385" timestamp="2014-05-09T11:18:34Z" user="BMM994" uid="189946" lat="31.8006106" lon="35.2291345"/>
 <node id="2845711569" visible="true" version="1" changeset="22228385" timestamp="2014-05-09T11:18:34Z" user="BMM994" uid="189946" lat="31.8005155" lon="35.2296053"/>
 <node id="2845711571" visible="true" version="1" changeset="22228385" timestamp="2014-05-09T11:18:35Z" user="BMM994" uid="189946" lat="31.8005989" lon="35.2297045"/>
 <node id="2845711573" visible="true" version="1" changeset="22228385" timestamp="2014-05-09T11:18:35Z" user="BMM994" uid="189946" lat="31.8005130" lon="35.2291340"/>
 <node id="2845711575" visible="true" version="1" changeset="22228385" timestamp="2014-05-09T11:18:35Z" user="BMM994" uid="189946" lat="31.8007038" lon="35.2291637"/>
 <node id="2845711576" visible="true" version="1" changeset="22228385" timestamp="2014-05-09T11:18:35Z" user="BMM994" uid="189946" lat="31.8009103" lon="35.2294775"/>
 <node id="2845711577" visible="true" version="1" changeset="22228385" timestamp="2014-05-09T11:18:35Z" user="BMM994" uid="189946" lat="31.8005162" lon="35.2295666"/>
 <node id="2845711578" visible="true" version="1" changeset="22228385" timestamp="2014-05-09T11:18:35Z" user="BMM994" uid="189946" lat="31.8005088" lon="35.2296638"/>
 <node id="2845711580" visible="true" version="1" changeset="22228385" timestamp="2014-05-09T11:18:35Z" user="BMM994" uid="189946" lat="31.8007042" lon="35.2290814"/>
 <node id="2845711581" visible="true" version="1" changeset="22228385" timestamp="2014-05-09T11:18:35Z" user="BMM994" uid="189946" lat="31.8004347" lon="35.2293773"/>
 <node id="2845711588" visible="true" version="1" changeset="22228385" timestamp="2014-05-09T11:18:35Z" user="BMM994" uid="189946" lat="31.8009554" lon="35.2293668"/>
 <node id="2845711595" visible="true" version="1" changeset="22228385" timestamp="2014-05-09T11:18:35Z" user="BMM994" uid="189946" lat="31.8005093" lon="35.2298481"/>
 <node id="2845713484" visible="true" version="1" changeset="22228385" timestamp="2014-05-09T11:22:55Z" user="BMM994" uid="189946" lat="31.8006223" lon="35.2279990"/>
 <node id="2845713485" visible="true" version="1" changeset="22228385" timestamp="2014-05-09T11:22:55Z" user="BMM994" uid="189946" lat="31.8006269" lon="35.2280580"/>
 <node id="2845713486" visible="true" version="1" changeset="22228385" timestamp="2014-05-09T11:22:55Z" user="BMM994" uid="189946" lat="31.8009552" lon="35.2289324"/>
 <node id="2845713487" visible="true" version="1" changeset="22228385" timestamp="2014-05-09T11:22:55Z" user="BMM994" uid="189946" lat="31.8006554" lon="35.2265221"/>
 <node id="2845713488" visible="true" version="2" changeset="133235022" timestamp="2023-03-03T05:29:46Z" user="luja" uid="120636" lat="31.8008767" lon="35.2281528">
  <tag k="addr:housenumber" v="7"/>
  <tag k="addr:street" v="פארן"/>
 </node>
 <node id="2845713489" visible="true" version="1" changeset="22228385" timestamp="2014-05-09T11:22:56Z" user="BMM994" uid="189946" lat="31.8004138" lon="35.2273483"/>
 <node id="2845713490" visible="true" version="1" changeset="22228385" timestamp="2014-05-09T11:22:56Z" user="BMM994" uid="189946" lat="31.8007181" lon="35.2272587"/>
 <node id="2845713491" visible="true" version="1" changeset="22228385" timestamp="2014-05-09T11:22:56Z" user="BMM994" uid="189946" lat="31.8009005" lon="35.2276127"/>
 <node id="2845713492" visible="true" version="2" changeset="133235022" timestamp="2023-03-03T05:28:48Z" user="luja" uid="120636" lat="31.8003126" lon="35.2268486">
  <tag k="addr:housenumber" v="22"/>
  <tag k="addr:street" v="לוי אשכול"/>
 </node>
 <node id="2845713494" visible="true" version="1" changeset="22228385" timestamp="2014-05-09T11:22:56Z" user="BMM994" uid="189946" lat="31.8009973" lon="35.2273804"/>
 <node id="2845713495" visible="true" version="1" changeset="22228385" timestamp="2014-05-09T11:22:56Z" user="BMM994" uid="189946" lat="31.8010053" lon="35.2288787"/>
 <node id="2845713496" visible="true" version="2" changeset="133235022" timestamp="2023-03-03T05:28:48Z" user="luja" uid="120636" lat="31.8003776" lon="35.2271475">
  <tag k="addr:housenumber" v="20"/>
  <tag k="addr:street" v="לוי אשכול"/>
 </node>
 <node id="2845713497" visible="true" version="1" changeset="22228385" timestamp="2014-05-09T11:22:56Z" user="BMM994" uid="189946" lat="31.8008788" lon="35.2274073"/>
 <node id="2845713498" visible="true" version="1" changeset="22228385" timestamp="2014-05-09T11:22:56Z" user="BMM994" uid="189946" lat="31.8004901" lon="35.2278970"/>
 <node id="2845713499" visible="true" version="1" changeset="22228385" timestamp="2014-05-09T11:22:56Z" user="BMM994" uid="189946" lat="31.8008514" lon="35.2272624"/>
 <node id="2845713500" visible="true" version="1" changeset="22228385" timestamp="2014-05-09T11:22:56Z" user="BMM994" uid="189946" lat="31.8010747" lon="35.2291569"/>
 <node id="2845715601" visible="true" version="1" changeset="22228385" timestamp="2014-05-09T11:22:56Z" user="BMM994" uid="189946" lat="31.8010418" lon="35.2277790"/>
 <node id="2845715602" visible="true" version="1" changeset="22228385" timestamp="2014-05-09T11:22:56Z" user="BMM994" uid="189946" lat="31.8007728" lon="35.2275108"/>
 <node id="2845715603" visible="true" version="1" changeset="22228385" timestamp="2014-05-09T11:22:56Z" user="BMM994" uid="189946" lat="31.8008560" lon="35.2287806"/>
 <node id="2845715604" visible="true" version="1" changeset="22228385" timestamp="2014-05-09T11:22:56Z" user="BMM994" uid="189946" lat="31.8007956" lon="35.2269153"/>
 <node id="2845715605" visible="true" version="1" changeset="22228385" timestamp="2014-05-09T11:22:56Z" user="BMM994" uid="189946" lat="31.8010931" lon="35.2274341"/>
 <node id="2845715606" visible="true" version="1" changeset="22228385" timestamp="2014-05-09T11:22:56Z" user="BMM994" uid="189946" lat="31.8010055" lon="35.2285721"/>
 <node id="2845715607" visible="true" version="2" changeset="133235022" timestamp="2023-03-03T05:29:46Z" user="luja" uid="120636" lat="31.8004337" lon="35.2283940">
  <tag k="addr:housenumber" v="14"/>
  <tag k="addr:street" v="לוי אשכול"/>
 </node>
 <node id="2845715608" visible="true" version="1" changeset="22228385" timestamp="2014-05-09T11:22:56Z" user="BMM994" uid="189946" lat="31.8008742" lon="35.2285821"/>
 <node id="2845715609" visible="true" version="1" changeset="22228385" timestamp="2014-05-09T11:22:56Z" user="BMM994" uid="189946" lat="31.8008925" lon="35.2268547"/>
 <node id="2845715610" visible="true" version="1" changeset="22228385" timestamp="2014-05-09T11:22:56Z" user="BMM994" uid="189946" lat="31.8008195" lon="35.2266723"/>
 <node id="2845715611" visible="true" version="1" changeset="22228385" timestamp="2014-05-09T11:22:56Z" user="BMM994" uid="189946" lat="31.8008093" lon="35.2279507"/>
 <node id="2845715612" visible="true" version="1" changeset="22228385" timestamp="2014-05-09T11:22:56Z" user="BMM994" uid="189946" lat="31.8004901" lon="35.2287500"/>
 <node id="2845715614" visible="true" version="1" changeset="22228385" timestamp="2014-05-09T11:22:56Z" user="BMM994" uid="189946" lat="31.8007774" lon="35.2275966"/>
 <node id="2845715615" visible="true" version="1" changeset="22228385" timestamp="2014-05-09T11:22:56Z" user="BMM994" uid="189946" lat="31.8008822" lon="35.2280097"/>
 <node id="2845715616" visible="true" version="1" changeset="22228385" timestamp="2014-05-09T11:22:56Z" user="BMM994" uid="189946" lat="31.8011250" lon="35.2281207"/>
 <node id="2845715617" visible="true" version="1" changeset="22228385" timestamp="2014-05-09T11:22:57Z" user="BMM994" uid="189946" lat="31.8007238" lon="35.2267045"/>
 <node id="2845715618" visible="true" version="2" changeset="133235022" timestamp="2023-03-03T05:28:48Z" user="luja" uid="120636" lat="31.8004373" lon="35.2274702">
  <tag k="addr:housenumber" v="18"/>
  <tag k="addr:street" v="לוי אשכול"/>
 </node>
 <node id="2845715619" visible="true" version="1" changeset="22228385" timestamp="2014-05-09T11:22:57Z" user="BMM994" uid="189946" lat="31.8004263" lon="35.2287446"/>
 <node id="2845715620" visible="true" version="1" changeset="22228385" timestamp="2014-05-09T11:22:57Z" user="BMM994" uid="189946" lat="31.8004092" lon="35.2272732"/>
 <node id="2845715621" visible="true" version="1" changeset="22228385" timestamp="2014-05-09T11:22:57Z" user="BMM994" uid="189946" lat="31.8007101" lon="35.2279544"/>
 <node id="2845715622" visible="true" version="1" changeset="22228385" timestamp="2014-05-09T11:22:57Z" user="BMM994" uid="189946" lat="31.8009882" lon="35.2272088"/>
 <node id="2845715623" visible="true" version="1" changeset="22228385" timestamp="2014-05-09T11:22:57Z" user="BMM994" uid="189946" lat="31.8004582" lon="35.2276449"/>
 <node id="2845715624" visible="true" version="1" changeset="22228385" timestamp="2014-05-09T11:22:57Z" user="BMM994" uid="189946" lat="31.8005186" lon="35.2264739"/>
 <node id="2845715625" visible="true" version="1" changeset="22228385" timestamp="2014-05-09T11:22:57Z" user="BMM994" uid="189946" lat="31.8007181" lon="35.2283208"/>
 <node id="2845715626" visible="true" version="2" changeset="133235022" timestamp="2023-03-03T05:29:45Z" user="luja" uid="120636" lat="31.8004750" lon="35.2277779">
  <tag k="addr:housenumber" v="16"/>
  <tag k="addr:street" v="לוי אשכול"/>
 </node>
 <node id="2845715627" visible="true" version="1" changeset="22228385" timestamp="2014-05-09T11:22:57Z" user="BMM994" uid="189946" lat="31.8004594" lon="35.2275843"/>
 <node id="2845715628" visible="true" version="2" changeset="133235022" timestamp="2023-03-03T05:29:47Z" user="luja" uid="120636" lat="31.8006945" lon="35.2266263">
  <tag k="addr:housenumber" v="15"/>
  <tag k="addr:street" v="פארן"/>
 </node>
 <node id="2845715629" visible="true" version="1" changeset="22228385" timestamp="2014-05-09T11:22:57Z" user="BMM994" uid="189946" lat="31.8008059" lon="35.2278632"/>
 <node id="2845715630" visible="true" version="1" changeset="22228385" timestamp="2014-05-09T11:22:57Z" user="BMM994" uid="189946" lat="31.8004992" lon="35.2265184"/>
 <node id="2845715631" visible="true" version="1" changeset="22228385" timestamp="2014-05-09T11:22:57Z" user="BMM994" uid="189946" lat="31.8008332" lon="35.2270478"/>
 <node id="2845715632" visible="true" version="1" changeset="22228385" timestamp="2014-05-09T11:22:57Z" user="BMM994" uid="189946" lat="31.8010520" lon="35.2272141"/>
 <node id="2845715633" visible="true" version="1" changeset="22228385" timestamp="2014-05-09T11:22:57Z" user="BMM994" uid="189946" lat="31.8007135" lon="35.2287822"/>
 <node id="2845715634" visible="true" version="1" changeset="22228385" timestamp="2014-05-09T11:22:57Z" user="BMM994" uid="189946" lat="31.8011159" lon="35.2277613"/>
 <node id="2845715635" visible="true" version="1" changeset="22228385" timestamp="2014-05-09T11:22:57Z" user="BMM994" uid="189946" lat="31.8003499" lon="35.2269620"/>
 <node id="2845715637" visible="true" version="1" changeset="22228385" timestamp="2014-05-09T11:22:57Z" user="BMM994" uid="189946" lat="31.8010372" lon="35.2271192"/>
 <node id="2845715638" visible="true" version="1" changeset="22228385" timestamp="2014-05-09T11:22:57Z" user="BMM994" uid="189946" lat="31.8007147" lon="35.2271766"/>
 <node id="2845715639" visible="true" version="1" changeset="22228385" timestamp="2014-05-09T11:22:57Z" user="BMM994" uid="189946" lat="31.8008685" lon="35.2287553"/>
 <node id="2845715640" visible="true" version="1" changeset="22228385" timestamp="2014-05-09T11:22:57Z" user="BMM994" uid="189946" lat="31.8007819" lon="35.2283208"/>
 <node id="2845715641" visible="true" version="1" changeset="22228385" timestamp="2014-05-09T11:22:57Z" user="BMM994" uid="189946" lat="31.8004776" lon="35.2289039"/>
 <node id="2845715642" visible="true" version="1" changeset="22228385" timestamp="2014-05-09T11:22:57Z" user="BMM994" uid="189946" lat="31.8007819" lon="35.2282350"/>
 <node id="2845715643" visible="true" version="1" changeset="22228385" timestamp="2014-05-09T11:22:57Z" user="BMM994" uid="189946" lat="31.8007932" lon="35.2261889"/>
 <node id="2845715644" visible="true" version="1" changeset="22228385" timestamp="2014-05-09T11:22:57Z" user="BMM994" uid="189946" lat="31.8006269" lon="35.2262984"/>
 <node id="2845715645" visible="true" version="2" changeset="133235022" timestamp="2023-03-03T05:29:47Z" user="luja" uid="120636" lat="31.8008131" lon="35.2269771">
  <tag k="addr:housenumber" v="13"/>
  <tag k="addr:street" v="פארן"/>
 </node>
 <node id="2845715646" visible="true" version="1" changeset="22228385" timestamp="2014-05-09T11:22:57Z" user="BMM994" uid="189946" lat="31.8011250" lon="35.2278954"/>
 <node id="2845715647" visible="true" version="1" changeset="22228385" timestamp="2014-05-09T11:22:57Z" user="BMM994" uid="189946" lat="31.8010566" lon="35.2269996"/>
 <node id="2845715648" visible="true" version="1" changeset="22228385" timestamp="2014-05-09T11:22:57Z" user="BMM994" uid="189946" lat="31.8004411" lon="35.2280403"/>
 <node id="2845715649" visible="true" version="1" changeset="22228385" timestamp="2014-05-09T11:22:57Z" user="BMM994" uid="189946" lat="31.8006315" lon="35.2268295"/>
 <node id="2845715650" visible="true" version="1" changeset="22228385" timestamp="2014-05-09T11:22:57Z" user="BMM994" uid="189946" lat="31.8009426" lon="35.2270157"/>
 <node id="2845715652" visible="true" version="2" changeset="133235022" timestamp="2023-03-03T05:29:47Z" user="luja" uid="120636" lat="31.8008649" lon="35.2273334">
  <tag k="addr:housenumber" v="11"/>
  <tag k="addr:street" v="פארן"/>
 </node>
 <node id="2845715653" visible="true" version="1" changeset="22228385" timestamp="2014-05-09T11:22:57Z" user="BMM994" uid="189946" lat="31.8004992" lon="35.2265720"/>
 <node id="2845715654" visible="true" version="1" changeset="22228385" timestamp="2014-05-09T11:22:57Z" user="BMM994" uid="189946" lat="31.8006634" lon="35.2269046"/>
 <node id="2845715656" visible="true" version="1" changeset="22228385" timestamp="2014-05-09T11:22:57Z" user="BMM994" uid="189946" lat="31.8010372" lon="35.2280043"/>
 <node id="2845715657" visible="true" version="1" changeset="22228385" timestamp="2014-05-09T11:22:57Z" user="BMM994" uid="189946" lat="31.8003499" lon="35.2270371"/>
 <node id="2845715658" visible="true" version="2" changeset="133235022" timestamp="2023-03-03T05:29:46Z" user="luja" uid="120636" lat="31.8009085" lon="35.2277133">
  <tag k="addr:housenumber" v="9"/>
  <tag k="addr:street" v="פארן"/>
 </node>
 <node id="2845715660" visible="true" version="1" changeset="22228385" timestamp="2014-05-09T11:22:57Z" user="BMM994" uid="189946" lat="31.8008731" lon="35.2282457"/>
 <node id="2845715661" visible="true" version="1" changeset="22228385" timestamp="2014-05-09T11:22:57Z" user="BMM994" uid="189946" lat="31.8005961" lon="35.2263397"/>
 <node id="2845715662" visible="true" version="1" changeset="22228385" timestamp="2014-05-09T11:22:57Z" user="BMM994" uid="189946" lat="31.8002622" lon="35.2266954"/>
 <node id="2845715663" visible="true" version="1" changeset="22228385" timestamp="2014-05-09T11:22:57Z" user="BMM994" uid="189946" lat="31.8009141" lon="35.2277844"/>
 <node id="2845715664" visible="true" version="1" changeset="22228385" timestamp="2014-05-09T11:22:57Z" user="BMM994" uid="189946" lat="31.8007055" lon="35.2280027"/>
 <node id="2845715665" visible="true" version="1" changeset="22228385" timestamp="2014-05-09T11:22:58Z" user="BMM994" uid="189946" lat="31.8010281" lon="35.2275966"/>
 <node id="2845742760" visible="true" version="1" changeset="22228385" timestamp="2014-05-09T11:48:41Z" user="BMM994" uid="189946" lat="31.8005190" lon="35.2265823"/>
 <node id="2845742762" visible="true" version="1" changeset="22228385" timestamp="2014-05-09T11:48:41Z" user="BMM994" uid="189946" lat="31.8039106" lon="35.2282119"/>
 <node id="2845742782" visible="true" version="1" changeset="22228385" timestamp="2014-05-09T11:48:42Z" user="BMM994" uid="189946" lat="31.8033257" lon="35.2276664"/>
 <node id="2845742784" visible="true" version="1" changeset="22228385" timestamp="2014-05-09T11:48:42Z" user="BMM994" uid="189946" lat="31.8009140" lon="35.2264693"/>
 <node id="2845742785" visible="true" version="1" changeset="22228385" timestamp="2014-05-09T11:48:42Z" user="BMM994" uid="189946" lat="31.8007526" lon="35.2262416"/>
 <node id="2845742789" visible="true" version="1" changeset="22228385" timestamp="2014-05-09T11:48:42Z" user="BMM994" uid="189946" lat="31.8039548" lon="35.2287285"/>
 <node id="2845742796" visible="true" version="1" changeset="22228385" timestamp="2014-05-09T11:48:42Z" user="BMM994" uid="189946" lat="31.8034214" lon="35.2279668"/>
 <node id="2845742800" visible="true" version="1" changeset="22228385" timestamp="2014-05-09T11:48:42Z" user="BMM994" uid="189946" lat="31.8011036" lon="35.2285607"/>
 <node id="2845743002" visible="true" version="1" changeset="22228385" timestamp="2014-05-09T11:48:42Z" user="BMM994" uid="189946" lat="31.8034670" lon="35.2280204"/>
 <node id="2845743006" visible="true" version="1" changeset="22228385" timestamp="2014-05-09T11:48:43Z" user="BMM994" uid="189946" lat="31.8032254" lon="35.2276127"/>
 <node id="2845743011" visible="true" version="1" changeset="22228385" timestamp="2014-05-09T11:48:43Z" user="BMM994" uid="189946" lat="31.8033589" lon="35.2277452"/>
 <node id="2845743023" visible="true" version="1" changeset="22228385" timestamp="2014-05-09T11:48:43Z" user="BMM994" uid="189946" lat="31.8024642" lon="35.2274035"/>
 <node id="2845743031" visible="true" version="1" changeset="22228385" timestamp="2014-05-09T11:48:43Z" user="BMM994" uid="189946" lat="31.8022739" lon="35.2271498"/>
 <node id="2845743034" visible="true" version="1" changeset="22228385" timestamp="2014-05-09T11:48:43Z" user="BMM994" uid="189946" lat="31.8010705" lon="35.2259991"/>
 <node id="2845743037" visible="true" version="1" changeset="22228385" timestamp="2014-05-09T11:48:43Z" user="BMM994" uid="189946" lat="31.8006372" lon="35.2263156"/>
 <node id="2845743063" visible="true" version="1" changeset="22228385" timestamp="2014-05-09T11:48:44Z" user="BMM994" uid="189946" lat="31.8030430" lon="35.2275698"/>
 <node id="2845743068" visible="true" version="1" changeset="22228385" timestamp="2014-05-09T11:48:44Z" user="BMM994" uid="189946" lat="31.8038135" lon="35.2285730"/>
 <node id="2845743073" visible="true" version="1" changeset="22228385" timestamp="2014-05-09T11:48:44Z" user="BMM994" uid="189946" lat="31.8010327" lon="35.2268939"/>
 <node id="2845743086" visible="true" version="1" changeset="22228385" timestamp="2014-05-09T11:48:44Z" user="BMM994" uid="189946" lat="31.8038499" lon="35.2284228"/>
 <node id="2845743088" visible="true" version="1" changeset="22228385" timestamp="2014-05-09T11:48:45Z" user="BMM994" uid="189946" lat="31.8035589" lon="35.2280413"/>
 <node id="2845743090" visible="true" version="1" changeset="22228385" timestamp="2014-05-09T11:48:45Z" user="BMM994" uid="189946" lat="31.8039106" lon="35.2281583"/>
 <node id="2845743093" visible="true" version="1" changeset="22228385" timestamp="2014-05-09T11:48:45Z" user="BMM994" uid="189946" lat="31.8016942" lon="35.2264583"/>
 <node id="2845743094" visible="true" version="1" changeset="22228385" timestamp="2014-05-09T11:48:45Z" user="BMM994" uid="189946" lat="31.8038194" lon="35.2285231"/>
 <node id="2845743101" visible="true" version="1" changeset="22228385" timestamp="2014-05-09T11:48:45Z" user="BMM994" uid="189946" lat="31.8035217" lon="35.2280365"/>
 <node id="2845743105" visible="true" version="1" changeset="22228385" timestamp="2014-05-09T11:48:45Z" user="BMM994" uid="189946" lat="31.8033863" lon="35.2278579"/>
 <node id="2845743106" visible="true" version="1" changeset="22228385" timestamp="2014-05-09T11:48:45Z" user="BMM994" uid="189946" lat="31.8017165" lon="35.2270709"/>
 <node id="2845743113" visible="true" version="1" changeset="22228385" timestamp="2014-05-09T11:48:45Z" user="BMM994" uid="189946" lat="31.8038422" lon="35.2280778"/>
 <node id="2845743128" visible="true" version="1" changeset="22228385" timestamp="2014-05-09T11:48:45Z" user="BMM994" uid="189946" lat="31.8009433" lon="35.2256459"/>
 <node id="2845743129" visible="true" version="1" changeset="22228385" timestamp="2014-05-09T11:48:45Z" user="BMM994" uid="189946" lat="31.8023411" lon="35.2271943"/>
 <node id="2845743137" visible="true" version="1" changeset="22228385" timestamp="2014-05-09T11:48:45Z" user="BMM994" uid="189946" lat="31.8016892" lon="35.2269958"/>
 <node id="2845743139" visible="true" version="1" changeset="22228385" timestamp="2014-05-09T11:48:45Z" user="BMM994" uid="189946" lat="31.8023163" lon="35.2271779"/>
 <node id="2845743144" visible="true" version="1" changeset="22228385" timestamp="2014-05-09T11:48:46Z" user="BMM994" uid="189946" lat="31.8005232" lon="35.2265087"/>
 <node id="2845743157" visible="true" version="1" changeset="22228385" timestamp="2014-05-09T11:48:46Z" user="BMM994" uid="189946" lat="31.8015626" lon="35.2264601"/>
 <node id="2845743159" visible="true" version="1" changeset="22228385" timestamp="2014-05-09T11:48:46Z" user="BMM994" uid="189946" lat="31.8017940" lon="35.2271192"/>
 <node id="2845743165" visible="true" version="1" changeset="22228385" timestamp="2014-05-09T11:48:46Z" user="BMM994" uid="189946" lat="31.8019451" lon="35.2271291"/>
 <node id="2845743179" visible="true" version="1" changeset="22228385" timestamp="2014-05-09T11:48:46Z" user="BMM994" uid="189946" lat="31.8016983" lon="35.2268510"/>
 <node id="2845743192" visible="true" version="1" changeset="22228385" timestamp="2014-05-09T11:48:47Z" user="BMM994" uid="189946" lat="31.8038878" lon="35.2281046"/>
 <node id="2845743198" visible="true" version="1" changeset="22228385" timestamp="2014-05-09T11:48:47Z" user="BMM994" uid="189946" lat="31.8032755" lon="35.2276342"/>
 <node id="2845743306" visible="true" version="1" changeset="22228385" timestamp="2014-05-09T11:48:47Z" user="BMM994" uid="189946" lat="31.8027845" lon="35.2275414"/>
 <node id="2845743315" visible="true" version="1" changeset="22228385" timestamp="2014-05-09T11:48:47Z" user="BMM994" uid="189946" lat="31.8025611" lon="35.2274931"/>
 <node id="2845743316" visible="true" version="1" changeset="22228385" timestamp="2014-05-09T11:48:47Z" user="BMM994" uid="189946" lat="31.8024961" lon="35.2274572"/>
 <node id="2845743319" visible="true" version="1" changeset="22228385" timestamp="2014-05-09T11:48:47Z" user="BMM994" uid="189946" lat="31.8022044" lon="35.2271460"/>
 <node id="2845748551" visible="true" version="1" changeset="22228385" timestamp="2014-05-09T11:55:23Z" user="BMM994" uid="189946" lat="31.8012958" lon="35.2294105"/>
 <node id="3627236101" visible="true" version="2" changeset="139834146" timestamp="2023-08-13T16:51:09Z" user="ar58" uid="572423" lat="31.7998280" lon="35.2260992"/>
 <node id="5277470071" visible="true" version="1" changeset="54537447" timestamp="2017-12-11T12:07:11Z" user="BMM994" uid="189946" lat="31.8005157" lon="35.2283406"/>
 <node id="5277470072" visible="true" version="1" changeset="54537447" timestamp="2017-12-11T12:07:12Z" user="BMM994" uid="189946" lat="31.8006946" lon="35.2283497"/>
 <node id="5277470073" visible="true" version="1" changeset="54537447" timestamp="2017-12-11T12:07:12Z" user="BMM994" uid="189946" lat="31.8006852" lon="35.2286033"/>
 <node id="5277470074" visible="true" version="1" changeset="54537447" timestamp="2017-12-11T12:07:12Z" user="BMM994" uid="189946" lat="31.8004805" lon="35.2285342"/>
 <node id="5277470075" visible="true" version="1" changeset="54537447" timestamp="2017-12-11T12:07:12Z" user="BMM994" uid="189946" lat="31.8005136" lon="35.2285945"/>
 <node id="5277470076" visible="true" version="1" changeset="54537447" timestamp="2017-12-11T12:07:12Z" user="BMM994" uid="189946" lat="31.8005157" lon="35.2285360"/>
 <node id="5277470077" visible="true" version="1" changeset="54537447" timestamp="2017-12-11T12:07:12Z" user="BMM994" uid="189946" lat="31.8005130" lon="35.2284126"/>
 <node id="5277470078" visible="true" version="1" changeset="54537447" timestamp="2017-12-11T12:07:12Z" user="BMM994" uid="189946" lat="31.8004851" lon="35.2284112"/>
 <node id="6196335335" visible="true" version="5" changeset="166178903" timestamp="2025-05-13T01:25:18Z" user="ar58" uid="572423" lat="31.7978508" lon="35.2300252"/>
 <node id="6196335337" visible="true" version="4" changeset="166178903" timestamp="2025-05-13T01:25:18Z" user="ar58" uid="572423" lat="31.7978704" lon="35.2299167"/>
 <node id="6196370374" visible="true" version="4" changeset="166178903" timestamp="2025-05-13T01:25:18Z" user="ar58" uid="572423" lat="31.7978037" lon="35.2302312">
  <tag k="railway" v="switch"/>
 </node>
 <node id="6196370382" visible="true" version="3" changeset="166178903" timestamp="2025-05-13T01:25:18Z" user="ar58" uid="572423" lat="31.7978685" lon="35.2300979"/>
 <node id="6196370383" visible="true" version="4" changeset="166178903" timestamp="2025-05-13T01:25:18Z" user="ar58" uid="572423" lat="31.7979017" lon="35.2299711"/>
 <node id="6196370384" visible="true" version="4" changeset="183277598" timestamp="2026-05-27T22:20:18Z" user="ar58" uid="572423" lat="31.7978779" lon="35.2298394"/>
 <node id="6196370685" visible="true" version="4" changeset="166178903" timestamp="2025-05-13T01:25:18Z" user="ar58" uid="572423" lat="31.7979069" lon="35.2296438"/>
 <node id="6196370686" visible="true" version="3" changeset="134727042" timestamp="2023-04-10T12:14:23Z" user="ar58" uid="572423" lat="31.7976319" lon="35.2285897"/>
 <node id="6196370692" visible="true" version="3" changeset="134727042" timestamp="2023-04-10T12:14:23Z" user="ar58" uid="572423" lat="31.7976074" lon="35.2284680"/>
 <node id="6196370694" visible="true" version="5" changeset="176593294" timestamp="2025-12-29T18:52:32Z" user="ar58" uid="572423" lat="31.7975770" lon="35.2279536"/>
 <node id="6196370695" visible="true" version="5" changeset="147314250" timestamp="2024-02-11T02:56:31Z" user="ar58" uid="572423" lat="31.7975866" lon="35.2276935"/>
 <node id="6196370696" visible="true" version="2" changeset="123814897" timestamp="2022-07-19T16:08:11Z" user="ar58" uid="572423" lat="31.7976905" lon="35.2273480"/>
 <node id="6196370697" visible="true" version="2" changeset="123814897" timestamp="2022-07-19T16:08:11Z" user="ar58" uid="572423" lat="31.7978346" lon="35.2270670"/>
 <node id="6196370701" visible="true" version="2" changeset="123819117" timestamp="2022-07-19T17:52:08Z" user="ar58" uid="572423" lat="31.7985425" lon="35.2258526"/>
 <node id="6196370719" visible="true" version="6" changeset="183277598" timestamp="2026-05-27T22:20:18Z" user="ar58" uid="572423" lat="31.7978500" lon="35.2298156">
  <tag k="crossing" v="uncontrolled"/>
  <tag k="crossing:markings" v="yes"/>
  <tag k="highway" v="crossing"/>
 </node>
 <node id="6196370720" visible="true" version="4" changeset="166178903" timestamp="2025-05-13T01:25:18Z" user="ar58" uid="572423" lat="31.7978678" lon="35.2296516"/>
 <node id="6196370724" visible="true" version="3" changeset="134727042" timestamp="2023-04-10T12:14:23Z" user="ar58" uid="572423" lat="31.7976005" lon="35.2286112"/>
 <node id="6196370731" visible="true" version="4" changeset="147314250" timestamp="2024-02-11T02:56:31Z" user="ar58" uid="572423" lat="31.7975699" lon="35.2276066"/>
 <node id="6196370732" visible="true" version="3" changeset="134727042" timestamp="2023-04-10T12:14:23Z" user="ar58" uid="572423" lat="31.7975822" lon="35.2275435"/>
 <node id="6196370733" visible="true" version="1" changeset="66173530" timestamp="2019-01-09T19:45:51Z" user="ar58" uid="572423" lat="31.7976554" lon="35.2273353"/>
 <node id="6196370734" visible="true" version="2" changeset="123819117" timestamp="2022-07-19T17:52:08Z" user="ar58" uid="572423" lat="31.7978028" lon="35.2270437"/>
 <node id="6196370740" visible="true" version="4" changeset="159213674" timestamp="2024-11-16T16:02:30Z" user="ar58" uid="572423" lat="31.7985370" lon="35.2257596">
  <tag k="railway" v="switch"/>
 </node>
 <node id="6196370768" visible="true" version="4" changeset="166178903" timestamp="2025-05-13T01:25:18Z" user="ar58" uid="572423" lat="31.7977721" lon="35.2302016">
  <tag k="railway" v="switch"/>
 </node>
 <node id="7257804369" visible="true" version="5" changeset="176906694" timestamp="2026-01-06T14:52:01Z" user="decmap" uid="19411509" lat="31.8006814" lon="35.2263913">
  <tag k="addr:city" v="ירושלים"/>
  <tag k="addr:housenumber" v="15"/>
  <tag k="addr:street" v="פארן"/>
  <tag k="air_conditioning" v="yes"/>
  <tag k="description" v="Gourmet grocery store"/>
  <tag k="name" v="Eshkolet"/>
  <tag k="name:en" v="Eshkolet"/>
  <tag k="name:he" v="אשכולת"/>
  <tag k="phone" v="+972 25816225"/>
  <tag k="shop" v="supermarket"/>
  <tag k="website" v="https://eshkolet.co.il"/>
 </node>
 <node id="9087671428" visible="true" version="2" changeset="139834146" timestamp="2023-08-13T16:51:09Z" user="ar58" uid="572423" lat="31.8001826" lon="35.2280284"/>
 <node id="9707933418" visible="true" version="1" changeset="120435326" timestamp="2022-05-01T20:55:14Z" user="donovaly" uid="1730904" lat="31.7980003" lon="35.2288997">
  <tag k="barrier" v="gate"/>
 </node>
 <node id="9707933419" visible="true" version="1" changeset="120435326" timestamp="2022-05-01T20:55:14Z" user="donovaly" uid="1730904" lat="31.7978383" lon="35.2277597">
  <tag k="entrance" v="main"/>
 </node>
 <node id="9869094700" visible="true" version="1" changeset="123251914" timestamp="2022-07-05T21:27:22Z" user="ar58" uid="572423" lat="31.8002225" lon="35.2248477"/>
 <node id="9870640969" visible="true" version="2" changeset="159213674" timestamp="2024-11-16T16:02:30Z" user="ar58" uid="572423" lat="31.7985682" lon="35.2258084">
  <tag k="railway" v="switch"/>
 </node>
 <node id="9897857631" visible="true" version="1" changeset="123814897" timestamp="2022-07-19T16:08:11Z" user="ar58" uid="572423" lat="31.7980868" lon="35.2302721"/>
 <node id="9897857632" visible="true" version="2" changeset="166178903" timestamp="2025-05-13T01:25:18Z" user="ar58" uid="572423" lat="31.7982365" lon="35.2299509"/>
 <node id="9897857681" visible="true" version="3" changeset="176593294" timestamp="2025-12-29T18:52:32Z" user="ar58" uid="572423" lat="31.7982949" lon="35.2299085">
  <tag k="direction" v="forward"/>
  <tag k="highway" v="give_way"/>
 </node>
 <node id="9897857682" visible="true" version="1" changeset="123814897" timestamp="2022-07-19T16:08:11Z" user="ar58" uid="572423" lat="31.7984674" lon="35.2298018"/>
 <node id="9897857683" visible="true" version="1" changeset="123814897" timestamp="2022-07-19T16:08:11Z" user="ar58" uid="572423" lat="31.7983779" lon="35.2298766"/>
 <node id="9897857684" visible="true" version="2" changeset="176593294" timestamp="2025-12-29T18:52:32Z" user="ar58" uid="572423" lat="31.7983206" lon="35.2299017"/>
 <node id="9897857686" visible="true" version="2" changeset="166178903" timestamp="2025-05-13T01:25:18Z" user="ar58" uid="572423" lat="31.7977877" lon="35.2301757"/>
 <node id="9897858046" visible="true" version="1" changeset="123814897" timestamp="2022-07-19T16:08:11Z" user="ar58" uid="572423" lat="31.7992919" lon="35.2318203"/>
 <node id="9897858047" visible="true" version="1" changeset="123814897" timestamp="2022-07-19T16:08:11Z" user="ar58" uid="572423" lat="31.7992481" lon="35.2318883"/>
 <node id="9897858049" visible="true" version="1" changeset="123814897" timestamp="2022-07-19T16:08:11Z" user="ar58" uid="572423" lat="31.7995598" lon="35.2321743"/>
 <node id="9897858050" visible="true" version="1" changeset="123814897" timestamp="2022-07-19T16:08:11Z" user="ar58" uid="572423" lat="31.7995767" lon="35.2321967"/>
 <node id="9897858051" visible="true" version="1" changeset="123814897" timestamp="2022-07-19T16:08:11Z" user="ar58" uid="572423" lat="31.7995877" lon="35.2322187"/>
 <node id="9897858052" visible="true" version="1" changeset="123814897" timestamp="2022-07-19T16:08:11Z" user="ar58" uid="572423" lat="31.7995937" lon="35.2322491"/>
 <node id="9897858053" visible="true" version="1" changeset="123814897" timestamp="2022-07-19T16:08:11Z" user="ar58" uid="572423" lat="31.7995933" lon="35.2322805"/>
 <node id="9897858054" visible="true" version="2" changeset="123819117" timestamp="2022-07-19T17:52:08Z" user="ar58" uid="572423" lat="31.7995908" lon="35.2323130"/>
 <node id="9897858055" visible="true" version="1" changeset="123814897" timestamp="2022-07-19T16:08:11Z" user="ar58" uid="572423" lat="31.7999521" lon="35.2304002"/>
 <node id="9897858056" visible="true" version="1" changeset="123814897" timestamp="2022-07-19T16:08:11Z" user="ar58" uid="572423" lat="31.8001052" lon="35.2305141"/>
 <node id="9897858057" visible="true" version="1" changeset="123814897" timestamp="2022-07-19T16:08:11Z" user="ar58" uid="572423" lat="31.7999749" lon="35.2304433"/>
 <node id="9897858058" visible="true" version="1" changeset="123814897" timestamp="2022-07-19T16:08:11Z" user="ar58" uid="572423" lat="31.7999862" lon="35.2304974"/>
 <node id="9897858104" visible="true" version="2" changeset="134727042" timestamp="2023-04-10T12:14:23Z" user="ar58" uid="572423" lat="31.7976181" lon="35.2274306"/>
 <node id="9897858106" visible="true" version="2" changeset="134727042" timestamp="2023-04-10T12:14:23Z" user="ar58" uid="572423" lat="31.7976537" lon="35.2274445"/>
 <node id="9897858108" visible="true" version="1" changeset="123814897" timestamp="2022-07-19T16:08:11Z" user="ar58" uid="572423" lat="31.7977690" lon="35.2285889"/>
 <node id="9897858109" visible="true" version="1" changeset="123814897" timestamp="2022-07-19T16:08:11Z" user="ar58" uid="572423" lat="31.7977245" lon="35.2283656"/>
 <node id="9897858110" visible="true" version="1" changeset="123814897" timestamp="2022-07-19T16:08:11Z" user="ar58" uid="572423" lat="31.7978837" lon="35.2290322"/>
 <node id="9897858111" visible="true" version="1" changeset="123814897" timestamp="2022-07-19T16:08:11Z" user="ar58" uid="572423" lat="31.7979783" lon="35.2292794"/>
 <node id="9897858112" visible="true" version="2" changeset="134727042" timestamp="2023-04-10T12:14:23Z" user="ar58" uid="572423" lat="31.7975911" lon="35.2283420"/>
 <node id="9897858113" visible="true" version="2" changeset="134727042" timestamp="2023-04-10T12:14:23Z" user="ar58" uid="572423" lat="31.7976198" lon="35.2275489"/>
 <node id="9897858114" visible="true" version="1" changeset="123814897" timestamp="2022-07-19T16:08:11Z" user="ar58" uid="572423" lat="31.7977272" lon="35.2271850"/>
 <node id="9897858115" visible="true" version="1" changeset="123814897" timestamp="2022-07-19T16:08:11Z" user="ar58" uid="572423" lat="31.7977599" lon="35.2271999"/>
 <node id="9897858140" visible="true" version="3" changeset="166178903" timestamp="2025-05-13T01:25:18Z" user="ar58" uid="572423" lat="31.7978006" lon="35.2300877"/>
 <node id="9898049267" visible="true" version="3" changeset="166272231" timestamp="2025-05-14T18:49:46Z" user="ar58" uid="572423" lat="31.7977769" lon="35.2301365"/>
 <node id="9898049269" visible="true" version="2" changeset="166178903" timestamp="2025-05-13T01:25:18Z" user="ar58" uid="572423" lat="31.7978283" lon="35.2305603"/>
 <node id="9898049274" visible="true" version="2" changeset="166272231" timestamp="2025-05-14T18:49:46Z" user="ar58" uid="572423" lat="31.7982401" lon="35.2311826"/>
 <node id="9898049456" visible="true" version="1" changeset="123819117" timestamp="2022-07-19T17:52:08Z" user="ar58" uid="572423" lat="31.7979721" lon="35.2307606"/>
 <node id="9898049457" visible="true" version="1" changeset="123819117" timestamp="2022-07-19T17:52:08Z" user="ar58" uid="572423" lat="31.7980742" lon="35.2309931"/>
 <node id="9898049458" visible="true" version="3" changeset="176593294" timestamp="2025-12-29T18:52:32Z" user="ar58" uid="572423" lat="31.7981365" lon="35.2303696">
  <tag k="crossing" v="uncontrolled"/>
  <tag k="crossing:markings" v="yes"/>
  <tag k="highway" v="crossing"/>
 </node>
 <node id="10799209402" visible="true" version="1" changeset="134727042" timestamp="2023-04-10T12:14:23Z" user="ar58" uid="572423" lat="31.7981174" lon="35.2261163"/>
 <node id="10799209403" visible="true" version="1" changeset="134727042" timestamp="2023-04-10T12:14:23Z" user="ar58" uid="572423" lat="31.7981456" lon="35.2262070"/>
 <node id="10799229212" visible="true" version="4" changeset="176593294" timestamp="2025-12-29T18:52:32Z" user="ar58" uid="572423" lat="31.7979661" lon="35.2295289">
  <tag k="crossing" v="uncontrolled"/>
  <tag k="crossing:markings" v="yes"/>
  <tag k="highway" v="crossing"/>
 </node>
 <node id="10799229217" visible="true" version="4" changeset="173006161" timestamp="2025-10-08T13:53:18Z" user="ar58" uid="572423" lat="31.7979867" lon="35.2296358"/>
 <node id="10799229219" visible="true" version="1" changeset="134727042" timestamp="2023-04-10T12:14:23Z" user="ar58" uid="572423" lat="31.7975391" lon="35.2278035"/>
 <node id="10799229220" visible="true" version="2" changeset="176593294" timestamp="2025-12-29T18:52:32Z" user="ar58" uid="572423" lat="31.7975398" lon="35.2279491"/>
 <node id="10799229221" visible="true" version="1" changeset="134727042" timestamp="2023-04-10T12:14:23Z" user="ar58" uid="572423" lat="31.7975566" lon="35.2283599"/>
 <node id="10799229222" visible="true" version="2" changeset="166178903" timestamp="2025-05-13T01:25:18Z" user="ar58" uid="572423" lat="31.7978515" lon="35.2295584"/>
 <node id="10799229223" visible="true" version="2" changeset="166178903" timestamp="2025-05-13T01:25:18Z" user="ar58" uid="572423" lat="31.7978326" lon="35.2294688"/>
 <node id="10799229224" visible="true" version="1" changeset="134727042" timestamp="2023-04-10T12:14:23Z" user="ar58" uid="572423" lat="31.7975666" lon="35.2284487"/>
 <node id="10799229225" visible="true" version="2" changeset="166178903" timestamp="2025-05-13T01:25:18Z" user="ar58" uid="572423" lat="31.7979168" lon="35.2297253"/>
 <node id="10799229226" visible="true" version="2" changeset="166178903" timestamp="2025-05-13T01:25:18Z" user="ar58" uid="572423" lat="31.7978867" lon="35.2295402"/>
 <node id="10799229227" visible="true" version="1" changeset="134727042" timestamp="2023-04-10T12:14:23Z" user="ar58" uid="572423" lat="31.7978632" lon="35.2294405"/>
 <node id="10799229228" visible="true" version="1" changeset="134727042" timestamp="2023-04-10T12:14:23Z" user="ar58" uid="572423" lat="31.7975799" lon="35.2285228"/>
 <node id="10799229229" visible="true" version="1" changeset="134727042" timestamp="2023-04-10T12:14:23Z" user="ar58" uid="572423" lat="31.7978112" lon="35.2293837"/>
 <node id="10799229231" visible="true" version="2" changeset="147314250" timestamp="2024-02-11T02:56:31Z" user="ar58" uid="572423" lat="31.7976556" lon="35.2278338"/>
 <node id="10799229233" visible="true" version="1" changeset="134727042" timestamp="2023-04-10T12:14:23Z" user="ar58" uid="572423" lat="31.7982830" lon="35.2269519"/>
 <node id="10799229234" visible="true" version="2" changeset="147314250" timestamp="2024-02-11T02:56:31Z" user="ar58" uid="572423" lat="31.7982177" lon="35.2269082"/>
 <node id="10799229235" visible="true" version="2" changeset="147314250" timestamp="2024-02-11T02:56:31Z" user="ar58" uid="572423" lat="31.7980324" lon="35.2267277"/>
 <node id="10799229236" visible="true" version="2" changeset="147314250" timestamp="2024-02-11T02:56:31Z" user="ar58" uid="572423" lat="31.7980153" lon="35.2266721"/>
 <node id="10799229238" visible="true" version="2" changeset="147314250" timestamp="2024-02-11T02:56:31Z" user="ar58" uid="572423" lat="31.7980057" lon="35.2266021"/>
 <node id="10799229240" visible="true" version="1" changeset="134727042" timestamp="2023-04-10T12:14:23Z" user="ar58" uid="572423" lat="31.7982362" lon="35.2269414"/>
 <node id="10799229241" visible="true" version="1" changeset="134727042" timestamp="2023-04-10T12:14:23Z" user="ar58" uid="572423" lat="31.7982750" lon="35.2269599"/>
 <node id="10799229242" visible="true" version="2" changeset="147314250" timestamp="2024-02-11T02:56:31Z" user="ar58" uid="572423" lat="31.7979350" lon="35.2268125"/>
 <node id="10799229246" visible="true" version="1" changeset="134727042" timestamp="2023-04-10T12:14:23Z" user="ar58" uid="572423" lat="31.7982787" lon="35.2269489"/>
 <node id="10799229247" visible="true" version="2" changeset="176593294" timestamp="2025-12-29T18:52:32Z" user="ar58" uid="572423" lat="31.7975804" lon="35.2280470"/>
 <node id="10799229248" visible="true" version="2" changeset="181003271" timestamp="2026-04-07T14:40:36Z" user="ar58" uid="572423" lat="31.7975767" lon="35.2278093"/>
 <node id="10799229255" visible="true" version="2" changeset="166178903" timestamp="2025-05-13T01:25:18Z" user="ar58" uid="572423" lat="31.7979728" lon="35.2298459"/>
 <node id="10799229256" visible="true" version="3" changeset="166272231" timestamp="2025-05-14T18:49:46Z" user="ar58" uid="572423" lat="31.7979400" lon="35.2298536"/>
 <node id="10799229265" visible="true" version="1" changeset="134727042" timestamp="2023-04-10T12:14:23Z" user="ar58" uid="572423" lat="31.7982163" lon="35.2263205"/>
 <node id="10799229266" visible="true" version="1" changeset="134727042" timestamp="2023-04-10T12:14:23Z" user="ar58" uid="572423" lat="31.7982671" lon="35.2263250"/>
 <node id="10799229267" visible="true" version="1" changeset="134727042" timestamp="2023-04-10T12:14:23Z" user="ar58" uid="572423" lat="31.7986470" lon="35.2261787"/>
 <node id="10799229268" visible="true" version="1" changeset="134727042" timestamp="2023-04-10T12:14:23Z" user="ar58" uid="572423" lat="31.7986522" lon="35.2261007"/>
 <node id="10799229270" visible="true" version="5" changeset="183277598" timestamp="2026-05-27T22:20:18Z" user="ar58" uid="572423" lat="31.7994267" lon="35.2249299"/>
 <node id="11112313603" visible="true" version="1" changeset="139834146" timestamp="2023-08-13T16:51:09Z" user="ar58" uid="572423" lat="31.8001443" lon="35.2278582"/>
 <node id="11112313604" visible="true" version="1" changeset="139834146" timestamp="2023-08-13T16:51:09Z" user="ar58" uid="572423" lat="31.7999925" lon="35.2264843"/>
 <node id="11112377805" visible="true" version="1" changeset="139834146" timestamp="2023-08-13T16:51:09Z" user="ar58" uid="572423" lat="31.7999004" lon="35.2263005"/>
 <node id="11609152270" visible="true" version="1" changeset="147314250" timestamp="2024-02-11T02:56:31Z" user="ar58" uid="572423" lat="31.7994566" lon="35.2251659"/>
 <node id="11609152271" visible="true" version="1" changeset="147314250" timestamp="2024-02-11T02:56:31Z" user="ar58" uid="572423" lat="31.8003163" lon="35.2287943"/>
 <node id="11609152273" visible="true" version="1" changeset="147314250" timestamp="2024-02-11T02:56:31Z" user="ar58" uid="572423" lat="31.7975522" lon="35.2276849"/>
 <node id="11609152275" visible="true" version="2" changeset="176593294" timestamp="2025-12-29T18:52:32Z" user="ar58" uid="572423" lat="31.7978911" lon="35.2267762"/>
 <node id="11609152276" visible="true" version="1" changeset="147314250" timestamp="2024-02-11T02:56:31Z" user="ar58" uid="572423" lat="31.7980547" lon="35.2267676"/>
 <node id="11609152277" visible="true" version="1" changeset="147314250" timestamp="2024-02-11T02:56:31Z" user="ar58" uid="572423" lat="31.7980877" lon="35.2268080"/>
 <node id="11609152278" visible="true" version="2" changeset="183277598" timestamp="2026-05-27T22:20:18Z" user="ar58" uid="572423" lat="31.7980589" lon="35.2268337">
  <tag k="crossing" v="uncontrolled"/>
  <tag k="crossing:markings" v="yes"/>
  <tag k="highway" v="crossing"/>
 </node>
 <node id="11609152279" visible="true" version="3" changeset="183277598" timestamp="2026-05-27T22:20:18Z" user="ar58" uid="572423" lat="31.7979643" lon="35.2268095"/>
 <node id="11609152280" visible="true" version="1" changeset="147314250" timestamp="2024-02-11T02:56:31Z" user="ar58" uid="572423" lat="31.7978764" lon="35.2268350"/>
 <node id="11609152281" visible="true" version="1" changeset="147314250" timestamp="2024-02-11T02:56:31Z" user="ar58" uid="572423" lat="31.7979080" lon="35.2268191"/>
 <node id="11609152282" visible="true" version="1" changeset="147314250" timestamp="2024-02-11T02:56:31Z" user="ar58" uid="572423" lat="31.7980071" lon="35.2268134"/>
 <node id="11609152283" visible="true" version="2" changeset="176593294" timestamp="2025-12-29T18:52:32Z" user="ar58" uid="572423" lat="31.7985338" lon="35.2256462">
  <tag k="crossing" v="uncontrolled"/>
  <tag k="crossing:markings" v="yes"/>
  <tag k="highway" v="crossing"/>
 </node>
 <node id="11609152369" visible="true" version="2" changeset="176593294" timestamp="2025-12-29T18:52:32Z" user="ar58" uid="572423" lat="31.7991339" lon="35.2248561">
  <tag k="crossing" v="uncontrolled"/>
  <tag k="crossing:markings" v="yes"/>
  <tag k="highway" v="crossing"/>
 </node>
 <node id="11609152377" visible="true" version="3" changeset="183277598" timestamp="2026-05-27T22:20:18Z" user="ar58" uid="572423" lat="31.7994245" lon="35.2250902">
  <tag k="crossing" v="traffic_signals"/>
  <tag k="highway" v="crossing"/>
 </node>
 <node id="11609152378" visible="true" version="2" changeset="183277598" timestamp="2026-05-27T22:20:18Z" user="ar58" uid="572423" lat="31.7994825" lon="35.2250557"/>
 <node id="11609152379" visible="true" version="3" changeset="181713419" timestamp="2026-04-23T11:27:31Z" user="layfish" uid="22545188" lat="31.7985552" lon="35.2254803">
  <tag k="crossing" v="uncontrolled"/>
  <tag k="crossing:island" v="yes"/>
  <tag k="crossing:markings" v="yes"/>
  <tag k="highway" v="crossing"/>
 </node>
 <node id="11609152381" visible="true" version="1" changeset="147314250" timestamp="2024-02-11T02:56:31Z" user="ar58" uid="572423" lat="31.7980416" lon="35.2267465">
  <tag k="highway" v="give_way"/>
 </node>
 <node id="11609152382" visible="true" version="3" changeset="183277598" timestamp="2026-05-27T22:20:18Z" user="ar58" uid="572423" lat="31.7980237" lon="35.2267031"/>
 <node id="11609152383" visible="true" version="1" changeset="147314250" timestamp="2024-02-11T02:56:31Z" user="ar58" uid="572423" lat="31.7980084" lon="35.2266388"/>
 <node id="11609152385" visible="true" version="2" changeset="176593294" timestamp="2025-12-29T18:52:32Z" user="ar58" uid="572423" lat="31.7980157" lon="35.2265837">
  <tag k="crossing" v="uncontrolled"/>
  <tag k="crossing:markings" v="yes"/>
  <tag k="highway" v="crossing"/>
 </node>
 <node id="11609152386" visible="true" version="2" changeset="176593294" timestamp="2025-12-29T18:52:32Z" user="ar58" uid="572423" lat="31.7977784" lon="35.2268367">
  <tag k="crossing" v="uncontrolled"/>
  <tag k="crossing:markings" v="yes"/>
  <tag k="highway" v="crossing"/>
 </node>
 <node id="11609152388" visible="true" version="3" changeset="181003271" timestamp="2026-04-07T14:40:36Z" user="ar58" uid="572423" lat="31.7974965" lon="35.2280526"/>
 <node id="11609152390" visible="true" version="1" changeset="147314250" timestamp="2024-02-11T02:56:31Z" user="ar58" uid="572423" lat="31.7976345" lon="35.2277188"/>
 <node id="12832658757" visible="true" version="2" changeset="166272231" timestamp="2025-05-14T18:49:46Z" user="ar58" uid="572423" lat="31.7979980" lon="35.2297100"/>
 <node id="12832658762" visible="true" version="4" changeset="176593294" timestamp="2025-12-29T18:52:32Z" user="ar58" uid="572423" lat="31.7980900" lon="35.2298357">
  <tag k="crossing" v="uncontrolled"/>
  <tag k="crossing:markings" v="yes"/>
  <tag k="highway" v="crossing"/>
 </node>
 <node id="12832658771" visible="true" version="1" changeset="166178903" timestamp="2025-05-13T01:25:18Z" user="ar58" uid="572423" lat="31.7981820" lon="35.2298038"/>
 <node id="12832658772" visible="true" version="2" changeset="166272231" timestamp="2025-05-14T18:49:46Z" user="ar58" uid="572423" lat="31.7981535" lon="35.2297858"/>
 <node id="12832658773" visible="true" version="3" changeset="173006161" timestamp="2025-10-08T13:53:18Z" user="ar58" uid="572423" lat="31.7981655" lon="35.2298557"/>
 <node id="12832658777" visible="true" version="1" changeset="166178903" timestamp="2025-05-13T01:25:18Z" user="ar58" uid="572423" lat="31.7979256" lon="35.2298541"/>
 <node id="12832658778" visible="true" version="2" changeset="173006161" timestamp="2025-10-08T13:53:18Z" user="ar58" uid="572423" lat="31.7979941" lon="35.2298307"/>
 <node id="12832658779" visible="true" version="2" changeset="183277598" timestamp="2026-05-27T22:20:18Z" user="ar58" uid="572423" lat="31.7980005" lon="35.2299365"/>
 <node id="12832658780" visible="true" version="1" changeset="166178903" timestamp="2025-05-13T01:25:18Z" user="ar58" uid="572423" lat="31.7979928" lon="35.2299871"/>
 <node id="12832658781" visible="true" version="2" changeset="166272231" timestamp="2025-05-14T18:49:46Z" user="ar58" uid="572423" lat="31.7980062" lon="35.2298835"/>
 <node id="12832658786" visible="true" version="2" changeset="183277598" timestamp="2026-05-27T22:20:18Z" user="ar58" uid="572423" lat="31.7979127" lon="35.2298846"/>
 <node id="12832658790" visible="true" version="1" changeset="166178903" timestamp="2025-05-13T01:25:18Z" user="ar58" uid="572423" lat="31.7982357" lon="35.2299334"/>
 <node id="12832658791" visible="true" version="1" changeset="166178903" timestamp="2025-05-13T01:25:18Z" user="ar58" uid="572423" lat="31.7982242" lon="35.2300194"/>
 <node id="12832658792" visible="true" version="1" changeset="166178903" timestamp="2025-05-13T01:25:18Z" user="ar58" uid="572423" lat="31.7981100" lon="35.2302199"/>
 <node id="12832682054" visible="true" version="2" changeset="166272231" timestamp="2025-05-14T18:49:46Z" user="ar58" uid="572423" lat="31.7982044" lon="35.2298357"/>
 <node id="12832682098" visible="true" version="2" changeset="183277598" timestamp="2026-05-27T22:20:18Z" user="ar58" uid="572423" lat="31.7979183" lon="35.2297853"/>
 <node id="12832682099" visible="true" version="2" changeset="183277598" timestamp="2026-05-27T22:20:18Z" user="ar58" uid="572423" lat="31.7979082" lon="35.2299271"/>
 <node id="12832682100" visible="true" version="1" changeset="166178903" timestamp="2025-05-13T01:25:18Z" user="ar58" uid="572423" lat="31.7978891" lon="35.2300298"/>
 <node id="12832682101" visible="true" version="1" changeset="166178903" timestamp="2025-05-13T01:25:18Z" user="ar58" uid="572423" lat="31.7978334" lon="35.2301792"/>
 <node id="12832682107" visible="true" version="2" changeset="183277598" timestamp="2026-05-27T22:20:18Z" user="ar58" uid="572423" lat="31.7978803" lon="35.2297828"/>
 <node id="12832682108" visible="true" version="1" changeset="166178903" timestamp="2025-05-13T01:25:18Z" user="ar58" uid="572423" lat="31.7978632" lon="35.2299654"/>
 <node id="12832682109" visible="true" version="1" changeset="166178903" timestamp="2025-05-13T01:25:18Z" user="ar58" uid="572423" lat="31.7978166" lon="35.2301213"/>
 <node id="12832682110" visible="true" version="1" changeset="166178903" timestamp="2025-05-13T01:25:18Z" user="ar58" uid="572423" lat="31.7978504" lon="35.2301423"/>
 <node id="12832682111" visible="true" version="1" changeset="166178903" timestamp="2025-05-13T01:25:18Z" user="ar58" uid="572423" lat="31.7978341" lon="35.2300795"/>
 <node id="12832682145" visible="true" version="1" changeset="166178903" timestamp="2025-05-13T01:25:18Z" user="ar58" uid="572423" lat="31.7979149" lon="35.2298536"/>
 <node id="12832682147" visible="true" version="2" changeset="183277598" timestamp="2026-05-27T22:20:18Z" user="ar58" uid="572423" lat="31.7978987" lon="35.2298494"/>
 <node id="12832682148" visible="true" version="1" changeset="166178903" timestamp="2025-05-13T01:25:18Z" user="ar58" uid="572423" lat="31.7978748" lon="35.2298731"/>
 <node id="12832682149" visible="true" version="1" changeset="166178903" timestamp="2025-05-13T01:25:18Z" user="ar58" uid="572423" lat="31.7978776" lon="35.2297263"/>
 <node id="12832682155" visible="true" version="1" changeset="166178903" timestamp="2025-05-13T01:25:18Z" user="ar58" uid="572423" lat="31.7978184" lon="35.2300352"/>
 <node id="12832682156" visible="true" version="1" changeset="166178903" timestamp="2025-05-13T01:25:18Z" user="ar58" uid="572423" lat="31.7978317" lon="35.2299819"/>
 <node id="12832682157" visible="true" version="2" changeset="183277598" timestamp="2026-05-27T22:20:18Z" user="ar58" uid="572423" lat="31.7978495" lon="35.2298746"/>
 <node id="12832682158" visible="true" version="2" changeset="183277598" timestamp="2026-05-27T22:20:18Z" user="ar58" uid="572423" lat="31.7978415" lon="35.2299306"/>
 <node id="12832682159" visible="true" version="1" changeset="166178903" timestamp="2025-05-13T01:25:18Z" user="ar58" uid="572423" lat="31.7979708" lon="35.2302829"/>
 <node id="12832682161" visible="true" version="1" changeset="166178903" timestamp="2025-05-13T01:25:18Z" user="ar58" uid="572423" lat="31.7979015" lon="35.2304240"/>
 <node id="12832682162" visible="true" version="1" changeset="166178903" timestamp="2025-05-13T01:25:18Z" user="ar58" uid="572423" lat="31.7980065" lon="35.2301896"/>
 <node id="12832682163" visible="true" version="1" changeset="166178903" timestamp="2025-05-13T01:25:18Z" user="ar58" uid="572423" lat="31.7980298" lon="35.2300997"/>
 <node id="12832682164" visible="true" version="1" changeset="166178903" timestamp="2025-05-13T01:25:18Z" user="ar58" uid="572423" lat="31.7980557" lon="35.2299905"/>
 <node id="12832682165" visible="true" version="1" changeset="166178903" timestamp="2025-05-13T01:25:18Z" user="ar58" uid="572423" lat="31.7980673" lon="35.2299546"/>
 <node id="12832682166" visible="true" version="1" changeset="166178903" timestamp="2025-05-13T01:25:18Z" user="ar58" uid="572423" lat="31.7980791" lon="35.2299305"/>
 <node id="12832682167" visible="true" version="1" changeset="166178903" timestamp="2025-05-13T01:25:18Z" user="ar58" uid="572423" lat="31.7980887" lon="35.2299189"/>
 <node id="12832682168" visible="true" version="1" changeset="166178903" timestamp="2025-05-13T01:25:18Z" user="ar58" uid="572423" lat="31.7981074" lon="35.2299035"/>
 <node id="12832682169" visible="true" version="2" changeset="166272231" timestamp="2025-05-14T18:49:46Z" user="ar58" uid="572423" lat="31.7981528" lon="35.2298948"/>
 <node id="12832682170" visible="true" version="2" changeset="166589738" timestamp="2025-05-22T00:02:14Z" user="ar58" uid="572423" lat="31.7980451" lon="35.2297953"/>
 <node id="12832682172" visible="true" version="2" changeset="173006161" timestamp="2025-10-08T13:53:18Z" user="ar58" uid="572423" lat="31.7981139" lon="35.2297789">
  <tag k="highway" v="give_way"/>
 </node>
 <node id="12832682173" visible="true" version="1" changeset="166178903" timestamp="2025-05-13T01:25:18Z" user="ar58" uid="572423" lat="31.7981362" lon="35.2297810"/>
 <node id="12832682174" visible="true" version="1" changeset="166178903" timestamp="2025-05-13T01:25:18Z" user="ar58" uid="572423" lat="31.7981673" lon="35.2297930"/>
 <node id="12832682175" visible="true" version="2" changeset="166272231" timestamp="2025-05-14T18:49:46Z" user="ar58" uid="572423" lat="31.7982138" lon="35.2298586"/>
 <node id="12832682176" visible="true" version="1" changeset="166178903" timestamp="2025-05-13T01:25:18Z" user="ar58" uid="572423" lat="31.7981791" lon="35.2298615"/>
 <node id="12832682177" visible="true" version="1" changeset="166178903" timestamp="2025-05-13T01:25:18Z" user="ar58" uid="572423" lat="31.7981932" lon="35.2298712"/>
 <node id="12832682178" visible="true" version="1" changeset="166178903" timestamp="2025-05-13T01:25:18Z" user="ar58" uid="572423" lat="31.7982070" lon="35.2298839"/>
 <node id="12832682179" visible="true" version="2" changeset="173006161" timestamp="2025-10-08T13:53:18Z" user="ar58" uid="572423" lat="31.7981277" lon="35.2298454"/>
 <node id="12832682181" visible="true" version="1" changeset="166178903" timestamp="2025-05-13T01:25:18Z" user="ar58" uid="572423" lat="31.7982222" lon="35.2298821"/>
 <node id="12832682182" visible="true" version="1" changeset="166178903" timestamp="2025-05-13T01:25:18Z" user="ar58" uid="572423" lat="31.7982221" lon="35.2299019"/>
 <node id="12832682183" visible="true" version="1" changeset="166178903" timestamp="2025-05-13T01:25:18Z" user="ar58" uid="572423" lat="31.7982324" lon="35.2299963"/>
 <node id="12832682184" visible="true" version="1" changeset="166178903" timestamp="2025-05-13T01:25:18Z" user="ar58" uid="572423" lat="31.7982098" lon="35.2300459"/>
 <node id="12832682185" visible="true" version="1" changeset="166178903" timestamp="2025-05-13T01:25:18Z" user="ar58" uid="572423" lat="31.7981349" lon="35.2301713"/>
 <node id="12832682188" visible="true" version="1" changeset="166178903" timestamp="2025-05-13T01:25:18Z" user="ar58" uid="572423" lat="31.7981258" lon="35.2298958"/>
 <node id="12832682189" visible="true" version="2" changeset="166272231" timestamp="2025-05-14T18:49:46Z" user="ar58" uid="572423" lat="31.7981405" lon="35.2298936"/>
 <node id="12832682190" visible="true" version="1" changeset="166178903" timestamp="2025-05-13T01:25:18Z" user="ar58" uid="572423" lat="31.7980804" lon="35.2299777"/>
 <node id="12832682194" visible="true" version="1" changeset="166178903" timestamp="2025-05-13T01:25:18Z" user="ar58" uid="572423" lat="31.7978180" lon="35.2302067"/>
 <node id="12832682195" visible="true" version="1" changeset="166178903" timestamp="2025-05-13T01:25:18Z" user="ar58" uid="572423" lat="31.7978001" lon="35.2301540"/>
 <node id="12832682196" visible="true" version="1" changeset="166178903" timestamp="2025-05-13T01:25:18Z" user="ar58" uid="572423" lat="31.7980465" lon="35.2300295"/>
 <node id="12832682198" visible="true" version="3" changeset="176593294" timestamp="2025-12-29T18:52:32Z" user="ar58" uid="572423" lat="31.7982759" lon="35.2299120">
  <tag k="crossing" v="unmarked"/>
  <tag k="crossing:markings" v="no"/>
  <tag k="highway" v="crossing"/>
 </node>
 <node id="12837443699" visible="true" version="1" changeset="166272231" timestamp="2025-05-14T18:49:46Z" user="ar58" uid="572423" lat="31.7980037" lon="35.2297601"/>
 <node id="12837443700" visible="true" version="1" changeset="166272231" timestamp="2025-05-14T18:49:46Z" user="ar58" uid="572423" lat="31.7980078" lon="35.2298537"/>
 <node id="12837516401" visible="true" version="1" changeset="166272231" timestamp="2025-05-14T18:49:46Z" user="ar58" uid="572423" lat="31.7979583" lon="35.2298509"/>
 <node id="12837516404" visible="true" version="1" changeset="166272231" timestamp="2025-05-14T18:49:46Z" user="ar58" uid="572423" lat="31.7980948" lon="35.2309768"/>
 <node id="12837516405" visible="true" version="1" changeset="166272231" timestamp="2025-05-14T18:49:46Z" user="ar58" uid="572423" lat="31.7980354" lon="35.2308686"/>
 <node id="12837516406" visible="true" version="1" changeset="166272231" timestamp="2025-05-14T18:49:46Z" user="ar58" uid="572423" lat="31.7979961" lon="35.2307740"/>
 <node id="12837516407" visible="true" version="1" changeset="166272231" timestamp="2025-05-14T18:49:46Z" user="ar58" uid="572423" lat="31.7979760" lon="35.2306974"/>
 <node id="12837516408" visible="true" version="1" changeset="166272231" timestamp="2025-05-14T18:49:46Z" user="ar58" uid="572423" lat="31.7979660" lon="35.2306065"/>
 <node id="12837516409" visible="true" version="1" changeset="166272231" timestamp="2025-05-14T18:49:46Z" user="ar58" uid="572423" lat="31.7979653" lon="35.2305269"/>
 <node id="12837516410" visible="true" version="1" changeset="166272231" timestamp="2025-05-14T18:49:46Z" user="ar58" uid="572423" lat="31.7979880" lon="35.2304185"/>
 <node id="12837516411" visible="true" version="1" changeset="166272231" timestamp="2025-05-14T18:49:46Z" user="ar58" uid="572423" lat="31.7980484" lon="35.2302135"/>
 <node id="12837516412" visible="true" version="1" changeset="166272231" timestamp="2025-05-14T18:49:46Z" user="ar58" uid="572423" lat="31.7981754" lon="35.2299821"/>
 <node id="12837516413" visible="true" version="1" changeset="166272231" timestamp="2025-05-14T18:49:46Z" user="ar58" uid="572423" lat="31.7981623" lon="35.2299341"/>
 <node id="12837516414" visible="true" version="1" changeset="166272231" timestamp="2025-05-14T18:49:46Z" user="ar58" uid="572423" lat="31.7981449" lon="35.2299188"/>
 <node id="12837516415" visible="true" version="1" changeset="166272231" timestamp="2025-05-14T18:49:46Z" user="ar58" uid="572423" lat="31.7981248" lon="35.2299170"/>
 <node id="12837516416" visible="true" version="1" changeset="166272231" timestamp="2025-05-14T18:49:46Z" user="ar58" uid="572423" lat="31.7980925" lon="35.2299448"/>
 <node id="12837516417" visible="true" version="1" changeset="166272231" timestamp="2025-05-14T18:49:46Z" user="ar58" uid="572423" lat="31.7980183" lon="35.2303270"/>
 <node id="12837516418" visible="true" version="1" changeset="166272231" timestamp="2025-05-14T18:49:46Z" user="ar58" uid="572423" lat="31.7980632" lon="35.2302155"/>
 <node id="12837516419" visible="true" version="1" changeset="166272231" timestamp="2025-05-14T18:49:46Z" user="ar58" uid="572423" lat="31.7981010" lon="35.2301405"/>
 <node id="12837516420" visible="true" version="1" changeset="166272231" timestamp="2025-05-14T18:49:46Z" user="ar58" uid="572423" lat="31.7981693" lon="35.2300347"/>
 <node id="12837516421" visible="true" version="1" changeset="166272231" timestamp="2025-05-14T18:49:46Z" user="ar58" uid="572423" lat="31.7981876" lon="35.2299958"/>
 <node id="12837516422" visible="true" version="1" changeset="166272231" timestamp="2025-05-14T18:49:46Z" user="ar58" uid="572423" lat="31.7981906" lon="35.2299542"/>
 <node id="12837516423" visible="true" version="1" changeset="166272231" timestamp="2025-05-14T18:49:46Z" user="ar58" uid="572423" lat="31.7981800" lon="35.2299185"/>
 <node id="12837516424" visible="true" version="1" changeset="166272231" timestamp="2025-05-14T18:49:46Z" user="ar58" uid="572423" lat="31.7981674" lon="35.2299024"/>
 <node id="12837516425" visible="true" version="1" changeset="166272231" timestamp="2025-05-14T18:49:46Z" user="ar58" uid="572423" lat="31.7981868" lon="35.2299331"/>
 <node id="12837516426" visible="true" version="1" changeset="166272231" timestamp="2025-05-14T18:49:46Z" user="ar58" uid="572423" lat="31.7981905" lon="35.2299752"/>
 <node id="12837516427" visible="true" version="1" changeset="166272231" timestamp="2025-05-14T18:49:46Z" user="ar58" uid="572423" lat="31.7981779" lon="35.2300183"/>
 <node id="12837516428" visible="true" version="1" changeset="166272231" timestamp="2025-05-14T18:49:46Z" user="ar58" uid="572423" lat="31.7981316" lon="35.2300886"/>
 <node id="12837516432" visible="true" version="1" changeset="166272231" timestamp="2025-05-14T18:49:46Z" user="ar58" uid="572423" lat="31.7981700" lon="35.2310923"/>
 <node id="12837516433" visible="true" version="1" changeset="166272231" timestamp="2025-05-14T18:49:46Z" user="ar58" uid="572423" lat="31.7981945" lon="35.2298178"/>
 <node id="12854425805" visible="true" version="1" changeset="166589738" timestamp="2025-05-22T00:02:14Z" user="ar58" uid="572423" lat="31.7980705" lon="35.2297856"/>
 <node id="13202806745" visible="true" version="1" changeset="173006161" timestamp="2025-10-08T13:53:18Z" user="ar58" uid="572423" lat="31.7979847" lon="35.2298389"/>
 <node id="13202806746" visible="true" version="1" changeset="173006161" timestamp="2025-10-08T13:53:18Z" user="ar58" uid="572423" lat="31.7980009" lon="35.2298226"/>
 <node id="13202806747" visible="true" version="2" changeset="176593294" timestamp="2025-12-29T18:52:32Z" user="ar58" uid="572423" lat="31.7979906" lon="35.2293960">
  <tag k="crossing" v="uncontrolled"/>
  <tag k="crossing:markings" v="yes"/>
  <tag k="highway" v="crossing"/>
 </node>
 <node id="13416384258" visible="true" version="1" changeset="176593294" timestamp="2025-12-29T18:52:32Z" user="ar58" uid="572423" lat="31.7979613" lon="35.2268675"/>
 <node id="13416384259" visible="true" version="1" changeset="176593294" timestamp="2025-12-29T18:52:32Z" user="ar58" uid="572423" lat="31.7979255" lon="35.2268805"/>
 <node id="13416384260" visible="true" version="1" changeset="176593294" timestamp="2025-12-29T18:52:32Z" user="ar58" uid="572423" lat="31.7979886" lon="35.2268612"/>
 <node id="13416384261" visible="true" version="1" changeset="176593294" timestamp="2025-12-29T18:52:32Z" user="ar58" uid="572423" lat="31.7980144" lon="35.2268623"/>
 <node id="13416384262" visible="true" version="1" changeset="176593294" timestamp="2025-12-29T18:52:32Z" user="ar58" uid="572423" lat="31.7980384" lon="35.2268736"/>
 <node id="13416384263" visible="true" version="1" changeset="176593294" timestamp="2025-12-29T18:52:32Z" user="ar58" uid="572423" lat="31.7978574" lon="35.2270876"/>
 <node id="13416384264" visible="true" version="1" changeset="176593294" timestamp="2025-12-29T18:52:32Z" user="ar58" uid="572423" lat="31.7977642" lon="35.2272243"/>
 <node id="13416384265" visible="true" version="1" changeset="176593294" timestamp="2025-12-29T18:52:32Z" user="ar58" uid="572423" lat="31.7977173" lon="35.2273108"/>
 <node id="13416384266" visible="true" version="1" changeset="176593294" timestamp="2025-12-29T18:52:32Z" user="ar58" uid="572423" lat="31.7976624" lon="35.2274492"/>
 <node id="13416384267" visible="true" version="1" changeset="176593294" timestamp="2025-12-29T18:52:32Z" user="ar58" uid="572423" lat="31.7976244" lon="35.2275890"/>
 <node id="13416384268" visible="true" version="1" changeset="176593294" timestamp="2025-12-29T18:52:32Z" user="ar58" uid="572423" lat="31.7976630" lon="35.2278967"/>
 <node id="13416384269" visible="true" version="1" changeset="176593294" timestamp="2025-12-29T18:52:32Z" user="ar58" uid="572423" lat="31.7976642" lon="35.2279641"/>
 <node id="13416384270" visible="true" version="1" changeset="176593294" timestamp="2025-12-29T18:52:32Z" user="ar58" uid="572423" lat="31.7976602" lon="35.2282624"/>
 <node id="13416384271" visible="true" version="1" changeset="176593294" timestamp="2025-12-29T18:52:32Z" user="ar58" uid="572423" lat="31.7976727" lon="35.2283739"/>
 <node id="13416384272" visible="true" version="1" changeset="176593294" timestamp="2025-12-29T18:52:32Z" user="ar58" uid="572423" lat="31.7976985" lon="35.2284787"/>
 <node id="13416384273" visible="true" version="1" changeset="176593294" timestamp="2025-12-29T18:52:32Z" user="ar58" uid="572423" lat="31.7980043" lon="35.2294909"/>
 <node id="13416384274" visible="true" version="1" changeset="176593294" timestamp="2025-12-29T18:52:32Z" user="ar58" uid="572423" lat="31.7979329" lon="35.2292745"/>
 <node id="13416384275" visible="true" version="1" changeset="176593294" timestamp="2025-12-29T18:52:32Z" user="ar58" uid="572423" lat="31.7979569" lon="35.2293176"/>
 <node id="13416384276" visible="true" version="1" changeset="176593294" timestamp="2025-12-29T18:52:32Z" user="ar58" uid="572423" lat="31.7979739" lon="35.2293343"/>
 <node id="13416384277" visible="true" version="1" changeset="176593294" timestamp="2025-12-29T18:52:32Z" user="ar58" uid="572423" lat="31.7980064" lon="35.2294542"/>
 <node id="13416384278" visible="true" version="1" changeset="176593294" timestamp="2025-12-29T18:52:32Z" user="ar58" uid="572423" lat="31.7980056" lon="35.2295135"/>
 <node id="13416384279" visible="true" version="1" changeset="176593294" timestamp="2025-12-29T18:52:32Z" user="ar58" uid="572423" lat="31.7980200" lon="35.2295867"/>
 <node id="13416384280" visible="true" version="1" changeset="176593294" timestamp="2025-12-29T18:52:32Z" user="ar58" uid="572423" lat="31.7982851" lon="35.2298369"/>
 <node id="13416384281" visible="true" version="1" changeset="176593294" timestamp="2025-12-29T18:52:32Z" user="ar58" uid="572423" lat="31.7983433" lon="35.2298368"/>
 <node id="13416384282" visible="true" version="1" changeset="176593294" timestamp="2025-12-29T18:52:32Z" user="ar58" uid="572423" lat="31.7980755" lon="35.2296585"/>
 <node id="13416384283" visible="true" version="1" changeset="176593294" timestamp="2025-12-29T18:52:32Z" user="ar58" uid="572423" lat="31.7980330" lon="35.2295292"/>
 <node id="13416384284" visible="true" version="1" changeset="176593294" timestamp="2025-12-29T18:52:32Z" user="ar58" uid="572423" lat="31.7981248" lon="35.2294590"/>
 <node id="13416384285" visible="true" version="1" changeset="176593294" timestamp="2025-12-29T18:52:32Z" user="ar58" uid="572423" lat="31.7982442" lon="35.2295406"/>
 <node id="13416384286" visible="true" version="1" changeset="176593294" timestamp="2025-12-29T18:52:32Z" user="ar58" uid="572423" lat="31.7983548" lon="35.2295342"/>
 <node id="13416384287" visible="true" version="1" changeset="176593294" timestamp="2025-12-29T18:52:32Z" user="ar58" uid="572423" lat="31.7985159" lon="35.2294934"/>
 <node id="13416384288" visible="true" version="1" changeset="176593294" timestamp="2025-12-29T18:52:32Z" user="ar58" uid="572423" lat="31.7980414" lon="35.2296473"/>
 <node id="13416384289" visible="true" version="1" changeset="176593294" timestamp="2025-12-29T18:52:32Z" user="ar58" uid="572423" lat="31.7980615" lon="35.2296772"/>
 <node id="13416384290" visible="true" version="1" changeset="176593294" timestamp="2025-12-29T18:52:32Z" user="ar58" uid="572423" lat="31.7980921" lon="35.2297044"/>
 <node id="13416384291" visible="true" version="1" changeset="176593294" timestamp="2025-12-29T18:52:32Z" user="ar58" uid="572423" lat="31.7981306" lon="35.2297194"/>
 <node id="13416384292" visible="true" version="1" changeset="176593294" timestamp="2025-12-29T18:52:32Z" user="ar58" uid="572423" lat="31.7981698" lon="35.2297343"/>
 <node id="13416384293" visible="true" version="1" changeset="176593294" timestamp="2025-12-29T18:52:32Z" user="ar58" uid="572423" lat="31.7982138" lon="35.2297655"/>
 <node id="13416384294" visible="true" version="1" changeset="176593294" timestamp="2025-12-29T18:52:32Z" user="ar58" uid="572423" lat="31.7982482" lon="35.2298031"/>
 <node id="13416384295" visible="true" version="1" changeset="176593294" timestamp="2025-12-29T18:52:32Z" user="ar58" uid="572423" lat="31.7982681" lon="35.2298478"/>
 <node id="13416384296" visible="true" version="1" changeset="176593294" timestamp="2025-12-29T18:52:32Z" user="ar58" uid="572423" lat="31.7982874" lon="35.2300061"/>
 <node id="13416384297" visible="true" version="1" changeset="176593294" timestamp="2025-12-29T18:52:32Z" user="ar58" uid="572423" lat="31.7983381" lon="35.2298947"/>
 <node id="13416384298" visible="true" version="1" changeset="176593294" timestamp="2025-12-29T18:52:32Z" user="ar58" uid="572423" lat="31.7981744" lon="35.2301873"/>
 <node id="13416384299" visible="true" version="1" changeset="176593294" timestamp="2025-12-29T18:52:32Z" user="ar58" uid="572423" lat="31.7981500" lon="35.2302510"/>
 <node id="13416384300" visible="true" version="1" changeset="176593294" timestamp="2025-12-29T18:52:32Z" user="ar58" uid="572423" lat="31.7981469" lon="35.2302909"/>
 <node id="13416433001" visible="true" version="1" changeset="176593294" timestamp="2025-12-29T18:52:32Z" user="ar58" uid="572423" lat="31.7981507" lon="35.2303140"/>
 <node id="13416433002" visible="true" version="1" changeset="176593294" timestamp="2025-12-29T18:52:32Z" user="ar58" uid="572423" lat="31.7981537" lon="35.2303249"/>
 <node id="13416433011" visible="true" version="1" changeset="176593294" timestamp="2025-12-29T18:52:32Z" user="ar58" uid="572423" lat="31.7978406" lon="35.2297098"/>
 <node id="13416433012" visible="true" version="1" changeset="176593294" timestamp="2025-12-29T18:52:32Z" user="ar58" uid="572423" lat="31.7978223" lon="35.2295848"/>
 <node id="13416433013" visible="true" version="1" changeset="176593294" timestamp="2025-12-29T18:52:32Z" user="ar58" uid="572423" lat="31.7977935" lon="35.2294523"/>
 <node id="13416433014" visible="true" version="1" changeset="176593294" timestamp="2025-12-29T18:52:32Z" user="ar58" uid="572423" lat="31.7977374" lon="35.2292753"/>
 <node id="13416433015" visible="true" version="1" changeset="176593294" timestamp="2025-12-29T18:52:32Z" user="ar58" uid="572423" lat="31.7976000" lon="35.2288689"/>
 <node id="13416433016" visible="true" version="1" changeset="176593294" timestamp="2025-12-29T18:52:32Z" user="ar58" uid="572423" lat="31.7975482" lon="35.2286986"/>
 <node id="13416433017" visible="true" version="1" changeset="176593294" timestamp="2025-12-29T18:52:32Z" user="ar58" uid="572423" lat="31.7975096" lon="35.2284900"/>
 <node id="13416433018" visible="true" version="1" changeset="176593294" timestamp="2025-12-29T18:52:32Z" user="ar58" uid="572423" lat="31.7974976" lon="35.2283015"/>
 <node id="13416433019" visible="true" version="2" changeset="181003271" timestamp="2026-04-07T14:40:36Z" user="ar58" uid="572423" lat="31.7974959" lon="35.2280988"/>
 <node id="13416433023" visible="true" version="1" changeset="176593294" timestamp="2025-12-29T18:52:32Z" user="ar58" uid="572423" lat="31.7974972" lon="35.2279968"/>
 <node id="13416433024" visible="true" version="1" changeset="176593294" timestamp="2025-12-29T18:52:32Z" user="ar58" uid="572423" lat="31.7974954" lon="35.2278386"/>
 <node id="13416433025" visible="true" version="1" changeset="176593294" timestamp="2025-12-29T18:52:32Z" user="ar58" uid="572423" lat="31.7975011" lon="35.2277313"/>
 <node id="13416433026" visible="true" version="1" changeset="176593294" timestamp="2025-12-29T18:52:32Z" user="ar58" uid="572423" lat="31.7975095" lon="35.2276043"/>
 <node id="13416433027" visible="true" version="1" changeset="176593294" timestamp="2025-12-29T18:52:32Z" user="ar58" uid="572423" lat="31.7975189" lon="35.2275435"/>
 <node id="13416433028" visible="true" version="1" changeset="176593294" timestamp="2025-12-29T18:52:32Z" user="ar58" uid="572423" lat="31.7975263" lon="35.2274058"/>
 <node id="13416433029" visible="true" version="1" changeset="176593294" timestamp="2025-12-29T18:52:32Z" user="ar58" uid="572423" lat="31.7975464" lon="35.2272774"/>
 <node id="13416433030" visible="true" version="1" changeset="176593294" timestamp="2025-12-29T18:52:32Z" user="ar58" uid="572423" lat="31.7975717" lon="35.2271912"/>
 <node id="13416433031" visible="true" version="1" changeset="176593294" timestamp="2025-12-29T18:52:32Z" user="ar58" uid="572423" lat="31.7976170" lon="35.2270826"/>
 <node id="13416433032" visible="true" version="1" changeset="176593294" timestamp="2025-12-29T18:52:32Z" user="ar58" uid="572423" lat="31.7978123" lon="35.2267857"/>
 <node id="13416433034" visible="true" version="1" changeset="176593294" timestamp="2025-12-29T18:52:32Z" user="ar58" uid="572423" lat="31.7978402" lon="35.2267756"/>
 <node id="13416433035" visible="true" version="1" changeset="176593294" timestamp="2025-12-29T18:52:32Z" user="ar58" uid="572423" lat="31.7978577" lon="35.2267568"/>
 <node id="13416433036" visible="true" version="1" changeset="176593294" timestamp="2025-12-29T18:52:32Z" user="ar58" uid="572423" lat="31.7979846" lon="35.2265592"/>
 <node id="13416433037" visible="true" version="1" changeset="176593294" timestamp="2025-12-29T18:52:32Z" user="ar58" uid="572423" lat="31.7981676" lon="35.2262103"/>
 <node id="13416433038" visible="true" version="1" changeset="176593294" timestamp="2025-12-29T18:52:32Z" user="ar58" uid="572423" lat="31.7984510" lon="35.2256599"/>
 <node id="13416433039" visible="true" version="1" changeset="176593294" timestamp="2025-12-29T18:52:32Z" user="ar58" uid="572423" lat="31.7984760" lon="35.2256009"/>
 <node id="13416433040" visible="true" version="1" changeset="176593294" timestamp="2025-12-29T18:52:32Z" user="ar58" uid="572423" lat="31.7986320" lon="35.2253634"/>
 <node id="13416433041" visible="true" version="1" changeset="176593294" timestamp="2025-12-29T18:52:32Z" user="ar58" uid="572423" lat="31.7987209" lon="35.2252410"/>
 <node id="13416433042" visible="true" version="1" changeset="176593294" timestamp="2025-12-29T18:52:32Z" user="ar58" uid="572423" lat="31.7987958" lon="35.2251638"/>
 <node id="13416433043" visible="true" version="1" changeset="176593294" timestamp="2025-12-29T18:52:32Z" user="ar58" uid="572423" lat="31.7988718" lon="35.2250986"/>
 <node id="13416433044" visible="true" version="1" changeset="176593294" timestamp="2025-12-29T18:52:32Z" user="ar58" uid="572423" lat="31.7990141" lon="35.2249947"/>
 <node id="13416433045" visible="true" version="1" changeset="176593294" timestamp="2025-12-29T18:52:32Z" user="ar58" uid="572423" lat="31.7990609" lon="35.2249569"/>
 <node id="13416433046" visible="true" version="1" changeset="176593294" timestamp="2025-12-29T18:52:32Z" user="ar58" uid="572423" lat="31.7990843" lon="35.2249082"/>
 <node id="13416433047" visible="true" version="1" changeset="176593294" timestamp="2025-12-29T18:52:32Z" user="ar58" uid="572423" lat="31.7990949" lon="35.2248545"/>
 <node id="13416433048" visible="true" version="1" changeset="176593294" timestamp="2025-12-29T18:52:32Z" user="ar58" uid="572423" lat="31.7990927" lon="35.2248741"/>
 <node id="13416433049" visible="true" version="1" changeset="176593294" timestamp="2025-12-29T18:52:32Z" user="ar58" uid="572423" lat="31.7990720" lon="35.2249372"/>
 <node id="13416433050" visible="true" version="1" changeset="176593294" timestamp="2025-12-29T18:52:32Z" user="ar58" uid="572423" lat="31.7990467" lon="35.2249701"/>
 <node id="13416433051" visible="true" version="1" changeset="176593294" timestamp="2025-12-29T18:52:32Z" user="ar58" uid="572423" lat="31.7993637" lon="35.2251263"/>
 <node id="13416433052" visible="true" version="1" changeset="176593294" timestamp="2025-12-29T18:52:32Z" user="ar58" uid="572423" lat="31.7993342" lon="35.2250568"/>
 <node id="13416433053" visible="true" version="1" changeset="176593294" timestamp="2025-12-29T18:52:32Z" user="ar58" uid="572423" lat="31.7992945" lon="35.2250609"/>
 <node id="13416433054" visible="true" version="1" changeset="176593294" timestamp="2025-12-29T18:52:32Z" user="ar58" uid="572423" lat="31.7992613" lon="35.2250807"/>
 <node id="13416433055" visible="true" version="1" changeset="176593294" timestamp="2025-12-29T18:52:32Z" user="ar58" uid="572423" lat="31.7991745" lon="35.2251638"/>
 <node id="13416433056" visible="true" version="1" changeset="176593294" timestamp="2025-12-29T18:52:32Z" user="ar58" uid="572423" lat="31.7990721" lon="35.2252419"/>
 <node id="13416433057" visible="true" version="1" changeset="176593294" timestamp="2025-12-29T18:52:32Z" user="ar58" uid="572423" lat="31.7989186" lon="35.2253704"/>
 <node id="13416433058" visible="true" version="1" changeset="176593294" timestamp="2025-12-29T18:52:32Z" user="ar58" uid="572423" lat="31.7989844" lon="35.2253131"/>
 <node id="13416433059" visible="true" version="1" changeset="176593294" timestamp="2025-12-29T18:52:32Z" user="ar58" uid="572423" lat="31.7988106" lon="35.2254761"/>
 <node id="13416433060" visible="true" version="1" changeset="176593294" timestamp="2025-12-29T18:52:32Z" user="ar58" uid="572423" lat="31.7987436" lon="35.2255550"/>
 <node id="13416433061" visible="true" version="1" changeset="176593294" timestamp="2025-12-29T18:52:32Z" user="ar58" uid="572423" lat="31.7986866" lon="35.2256378"/>
 <node id="13416433062" visible="true" version="1" changeset="176593294" timestamp="2025-12-29T18:52:32Z" user="ar58" uid="572423" lat="31.7984690" lon="35.2260241"/>
 <node id="13416433063" visible="true" version="1" changeset="176593294" timestamp="2025-12-29T18:52:32Z" user="ar58" uid="572423" lat="31.7982645" lon="35.2264526"/>
 <node id="13416433064" visible="true" version="1" changeset="176593294" timestamp="2025-12-29T18:52:32Z" user="ar58" uid="572423" lat="31.7980924" lon="35.2267685"/>
 <node id="13416433065" visible="true" version="1" changeset="176593294" timestamp="2025-12-29T18:52:32Z" user="ar58" uid="572423" lat="31.7980585" lon="35.2266987"/>
 <node id="13416433066" visible="true" version="1" changeset="176593294" timestamp="2025-12-29T18:52:32Z" user="ar58" uid="572423" lat="31.7980623" lon="35.2267176"/>
 <node id="13416433067" visible="true" version="1" changeset="176593294" timestamp="2025-12-29T18:52:32Z" user="ar58" uid="572423" lat="31.7980784" lon="35.2267488"/>
 <node id="13416433068" visible="true" version="1" changeset="176593294" timestamp="2025-12-29T18:52:32Z" user="ar58" uid="572423" lat="31.7980703" lon="35.2267356"/>
 <node id="13416433071" visible="true" version="1" changeset="176593294" timestamp="2025-12-29T18:52:32Z" user="ar58" uid="572423" lat="31.7986259" lon="35.2257455"/>
 <node id="13416433073" visible="true" version="1" changeset="176593294" timestamp="2025-12-29T18:52:32Z" user="ar58" uid="572423" lat="31.7980562" lon="35.2266760"/>
 <node id="13416433074" visible="true" version="1" changeset="176593294" timestamp="2025-12-29T18:52:32Z" user="ar58" uid="572423" lat="31.7980555" lon="35.2266475"/>
 <node id="13416433075" visible="true" version="1" changeset="176593294" timestamp="2025-12-29T18:52:32Z" user="ar58" uid="572423" lat="31.7980571" lon="35.2266164"/>
 <node id="13416433076" visible="true" version="1" changeset="176593294" timestamp="2025-12-29T18:52:32Z" user="ar58" uid="572423" lat="31.7980720" lon="35.2265620"/>
 <node id="13416433077" visible="true" version="1" changeset="176593294" timestamp="2025-12-29T18:52:32Z" user="ar58" uid="572423" lat="31.7980607" lon="35.2265999"/>
 <node id="13416433078" visible="true" version="1" changeset="176593294" timestamp="2025-12-29T18:52:32Z" user="ar58" uid="572423" lat="31.7980798" lon="35.2265437"/>
 <node id="13416433079" visible="true" version="1" changeset="176593294" timestamp="2025-12-29T18:52:32Z" user="ar58" uid="572423" lat="31.7982460" lon="35.2262419"/>
 <node id="13416433080" visible="true" version="1" changeset="176593294" timestamp="2025-12-29T18:52:32Z" user="ar58" uid="572423" lat="31.7980662" lon="35.2265783"/>
 <node id="13416433081" visible="true" version="1" changeset="176593294" timestamp="2025-12-29T18:52:32Z" user="ar58" uid="572423" lat="31.7978997" lon="35.2268978"/>
 <node id="13416433082" visible="true" version="1" changeset="176593294" timestamp="2025-12-29T18:52:32Z" user="ar58" uid="572423" lat="31.7978227" lon="35.2269811"/>
 <node id="13416433083" visible="true" version="1" changeset="176593294" timestamp="2025-12-29T18:52:32Z" user="ar58" uid="572423" lat="31.7978824" lon="35.2269131"/>
 <node id="13416433084" visible="true" version="1" changeset="176593294" timestamp="2025-12-29T18:52:32Z" user="ar58" uid="572423" lat="31.7977266" lon="35.2271076"/>
 <node id="13416433085" visible="true" version="1" changeset="176593294" timestamp="2025-12-29T18:52:32Z" user="ar58" uid="572423" lat="31.7976895" lon="35.2271711"/>
 <node id="13416433086" visible="true" version="1" changeset="176593294" timestamp="2025-12-29T18:52:32Z" user="ar58" uid="572423" lat="31.7976621" lon="35.2272275"/>
 <node id="13416433087" visible="true" version="1" changeset="176593294" timestamp="2025-12-29T18:52:32Z" user="ar58" uid="572423" lat="31.7978095" lon="35.2271520"/>
 <node id="13416433088" visible="true" version="1" changeset="176593294" timestamp="2025-12-29T18:52:32Z" user="ar58" uid="572423" lat="31.7977520" lon="35.2272157"/>
 <node id="13416433089" visible="true" version="1" changeset="176593294" timestamp="2025-12-29T18:52:32Z" user="ar58" uid="572423" lat="31.7977224" lon="35.2271945"/>
 <node id="13416433090" visible="true" version="1" changeset="176593294" timestamp="2025-12-29T18:52:32Z" user="ar58" uid="572423" lat="31.7976622" lon="35.2281129"/>
 <node id="13416433091" visible="true" version="1" changeset="176593294" timestamp="2025-12-29T18:52:32Z" user="ar58" uid="572423" lat="31.7974966" lon="35.2279438"/>
 <node id="13416433092" visible="true" version="1" changeset="176593294" timestamp="2025-12-29T18:52:32Z" user="ar58" uid="572423" lat="31.7976608" lon="35.2282178"/>
 <node id="13416433093" visible="true" version="1" changeset="176593294" timestamp="2025-12-29T18:52:32Z" user="ar58" uid="572423" lat="31.7974942" lon="35.2282130"/>
 <node id="13416433094" visible="true" version="1" changeset="176593294" timestamp="2025-12-29T18:52:32Z" user="ar58" uid="572423" lat="31.7975865" lon="35.2282156"/>
 <node id="13416433095" visible="true" version="1" changeset="176593294" timestamp="2025-12-29T18:52:32Z" user="ar58" uid="572423" lat="31.7975506" lon="35.2282146"/>
 <node id="13416433100" visible="true" version="1" changeset="176593294" timestamp="2025-12-29T18:52:32Z" user="ar58" uid="572423" lat="31.7979197" lon="35.2295470"/>
 <node id="13416433105" visible="true" version="1" changeset="176593294" timestamp="2025-12-29T18:52:32Z" user="ar58" uid="572423" lat="31.7975049" lon="35.2284174"/>
 <node id="13416433106" visible="true" version="1" changeset="176593294" timestamp="2025-12-29T18:52:32Z" user="ar58" uid="572423" lat="31.7976275" lon="35.2276289"/>
 <node id="13416433119" visible="true" version="1" changeset="176593294" timestamp="2025-12-29T18:52:32Z" user="ar58" uid="572423" lat="31.7993158" lon="35.2250543"/>
 <node id="13416433126" visible="true" version="1" changeset="176593294" timestamp="2025-12-29T18:52:32Z" user="ar58" uid="572423" lat="31.7979649" lon="35.2266675"/>
 <node id="13416433127" visible="true" version="1" changeset="176593294" timestamp="2025-12-29T18:52:32Z" user="ar58" uid="572423" lat="31.7981936" lon="35.2262405"/>
 <node id="13436566655" visible="true" version="1" changeset="176923841" timestamp="2026-01-07T00:09:50Z" user="decmap" uid="19411509" lat="31.8008502" lon="35.2282006">
  <tag k="amenity" v="cafe"/>
  <tag k="check_date" v="2026-01-06"/>
  <tag k="cuisine" v="dessert"/>
  <tag k="name" v="Waffle Bar"/>
 </node>
 <node id="13436566656" visible="true" version="1" changeset="176923841" timestamp="2026-01-07T00:09:50Z" user="decmap" uid="19411509" lat="31.8008473" lon="35.2279560">
  <tag k="addr:housenumber" v="7"/>
  <tag k="addr:street" v="פארן"/>
  <tag k="amenity" v="bureau_de_change"/>
  <tag k="check_date" v="2026-01-06"/>
  <tag k="name" v="ChangeBerama"/>
  <tag k="opening_hours" v="Mo-Th,Su 09:00-17:00; Fr 09:00-12:30"/>
  <tag k="phone" v="+972 25823383"/>
 </node>
 <node id="13436566657" visible="true" version="1" changeset="176923841" timestamp="2026-01-07T00:09:50Z" user="decmap" uid="19411509" lat="31.8008434" lon="35.2279559">
  <tag k="addr:housenumber" v="7"/>
  <tag k="addr:street" v="פארן"/>
  <tag k="check_date" v="2026-01-06"/>
  <tag k="name" v="Missy"/>
  <tag k="phone" v="+972 50-461-5000"/>
  <tag k="shop" v="jewelry"/>
 </node>
 <node id="13436566658" visible="true" version="3" changeset="184180657" timestamp="2026-06-16T12:51:05Z" user="eliyahu bowers  𐤀𐤋𐤉𐤄𐤅 𐤁𐤅𐤅𐤓𐤎" uid="24122961" lat="31.8008788" lon="35.2277501">
  <tag k="amenity" v="cafe"/>
  <tag k="check_date" v="2026-01-06"/>
  <tag k="check_date:diet:kosher" v="2026-01-31"/>
  <tag k="cuisine" v="bagel"/>
  <tag k="diet:kosher" v="yes"/>
  <tag k="diet:kosher:certifier" v="רבנות ירושלים ֿמהדרין"/>
  <tag k="name" v="Bagel Café"/>
 </node>
 <node id="13436566659" visible="true" version="1" changeset="176923841" timestamp="2026-01-07T00:09:50Z" user="decmap" uid="19411509" lat="31.8008771" lon="35.2276976">
  <tag k="check_date" v="2026-01-06"/>
  <tag k="name:en" v="Bambino"/>
  <tag k="name:he" v="במבינו"/>
  <tag k="shop" v="toys"/>
  <tag k="website" v="https://www.mybambino.co.il"/>
 </node>
 <node id="13436566661" visible="true" version="1" changeset="176923841" timestamp="2026-01-07T00:09:50Z" user="decmap" uid="19411509" lat="31.8009315" lon="35.2269300">
  <tag k="check_date" v="2026-01-07"/>
  <tag k="defibrillator:location" v="Yellow box on the back of the Loto kiosk, towards the street. Dial 101 for access."/>
  <tag k="emergency" v="defibrillator"/>
  <tag k="name:he" v="לוטו"/>
  <tag k="shop" v="lottery"/>
 </node>
 <node id="13448107566" visible="true" version="1" changeset="177098856" timestamp="2026-01-11T14:33:44Z" user="decmap" uid="19411509" lat="31.8007766" lon="35.2270391">
  <tag k="check_date" v="2026-01-11"/>
  <tag k="name" v="Anise"/>
  <tag k="shop" v="health_food"/>
 </node>
 <node id="13448107567" visible="true" version="1" changeset="177098856" timestamp="2026-01-11T14:33:44Z" user="decmap" uid="19411509" lat="31.8007753" lon="35.2270015">
  <tag k="check_date" v="2026-01-11"/>
  <tag k="name:he" v="עולם הבית"/>
  <tag k="shop" v="houseware"/>
 </node>
 <node id="13448177468" visible="true" version="1" changeset="177099246" timestamp="2026-01-11T14:43:05Z" user="decmap" uid="19411509" lat="31.8009369" lon="35.2260905"/>
 <node id="13508662102" visible="true" version="2" changeset="184180657" timestamp="2026-06-16T12:51:05Z" user="eliyahu bowers  𐤀𐤋𐤉𐤄𐤅 𐤁𐤅𐤅𐤓𐤎" uid="24122961" lat="31.8008734" lon="35.2276729">
  <tag k="amenity" v="ice_cream"/>
  <tag k="check_date" v="2026-01-28"/>
  <tag k="diet:kosher" v="yes"/>
  <tag k="diet:kosher:certifier" v="Rav Rubin;רבנות ירושלים ֿמהדרין"/>
  <tag k="name:he" v="קצפת"/>
  <tag k="outdoor_seating" v="yes"/>
 </node>
 <node id="13508662103" visible="true" version="2" changeset="184180657" timestamp="2026-06-16T12:51:05Z" user="eliyahu bowers  𐤀𐤋𐤉𐤄𐤅 𐤁𐤅𐤅𐤓𐤎" uid="24122961" lat="31.8008734" lon="35.2276535">
  <tag k="amenity" v="restaurant"/>
  <tag k="check_date" v="2026-01-28"/>
  <tag k="contact:phone" v="+972 25327798"/>
  <tag k="contact:website" v="https://bigapplepizza.co.il"/>
  <tag k="cuisine" v="pizza"/>
  <tag k="diet:kosher" v="yes"/>
  <tag k="diet:kosher:certifier" v="Rav Rubin"/>
  <tag k="name:en" v="Big Apple Pizza"/>
  <tag k="name:he" v="ביג אפל פיצה"/>
 </node>
 <node id="13508662104" visible="true" version="2" changeset="184180657" timestamp="2026-06-16T12:51:05Z" user="eliyahu bowers  𐤀𐤋𐤉𐤄𐤅 𐤁𐤅𐤅𐤓𐤎" uid="24122961" lat="31.8008714" lon="35.2276335">
  <tag k="amenity" v="fast_food"/>
  <tag k="check_date" v="2026-01-28"/>
  <tag k="cuisine" v="burger"/>
  <tag k="diet:kosher" v="yes"/>
  <tag k="diet:kosher:certifier" v="Rav Rubin"/>
  <tag k="name:en" v="inBurger"/>
 </node>
 <node id="13664318562" visible="true" version="2" changeset="184180657" timestamp="2026-06-16T12:51:05Z" user="eliyahu bowers  𐤀𐤋𐤉𐤄𐤅 𐤁𐤅𐤅𐤓𐤎" uid="24122961" lat="31.8008621" lon="35.2274606">
  <tag k="amenity" v="restaurant"/>
  <tag k="check_date" v="2026-03-20"/>
  <tag k="contact:phone" v="+972 77-490-7001;+972 53-462-7066"/>
  <tag k="contact:whatsapp" v="+972534627066"/>
  <tag k="cuisine" v="sushi"/>
  <tag k="diet:kosher" v="yes"/>
  <tag k="diet:kosher:certifier" v="Rav Rubin"/>
  <tag k="email" v="fusionsushi26@gmail.com"/>
  <tag k="name:en" v="FusionSushi"/>
 </node>
 <node id="13664318563" visible="true" version="2" changeset="184382156" timestamp="2026-06-21T09:33:19Z" user="eliyahu bowers  𐤀𐤋𐤉𐤄𐤅 𐤁𐤅𐤅𐤓𐤎" uid="24122961" lat="31.8008540" lon="35.2274141">
  <tag k="check_date" v="2026-03-20"/>
  <tag k="diet:kosher" v="yes"/>
  <tag k="diet:kosher:certifier" v="בד״ץ העדה החרדית"/>
  <tag k="name:en" v="Hadar Geula"/>
  <tag k="name:he" v="הדר גאולה"/>
  <tag k="payment:amex" v="yes"/>
  <tag k="payment:cash" v="yes"/>
  <tag k="payment:mastercard" v="yes"/>
  <tag k="payment:visa" v="yes"/>
  <tag k="shop" v="deli"/>
  <tag k="wheelchair" v="yes"/>
 </node>
 <node id="13664318564" visible="true" version="2" changeset="184180657" timestamp="2026-06-16T12:51:05Z" user="eliyahu bowers  𐤀𐤋𐤉𐤄𐤅 𐤁𐤅𐤅𐤓𐤎" uid="24122961" lat="31.8008479" lon="35.2273659">
  <tag k="brand" v="מאפה נאמן"/>
  <tag k="brand:en" v="Neeman Bakery"/>
  <tag k="brand:he" v="מאפה נאמן"/>
  <tag k="brand:wikidata" v="Q117711642"/>
  <tag k="check_date" v="2026-03-20"/>
  <tag k="diet:kosher:certifier" v="בד״ץ אגודת ישראל"/>
  <tag k="name" v="מאפה נאמן"/>
  <tag k="name:en" v="Neeman Bakery"/>
  <tag k="name:he" v="מאפה נאמן"/>
  <tag k="shop" v="bakery"/>
 </node>
 <node id="13664318565" visible="true" version="2" changeset="184180657" timestamp="2026-06-16T12:51:05Z" user="eliyahu bowers  𐤀𐤋𐤉𐤄𐤅 𐤁𐤅𐤅𐤓𐤎" uid="24122961" lat="31.8008382" lon="35.2273083">
  <tag k="amenity" v="fast_food"/>
  <tag k="check_date" v="2026-03-20"/>
  <tag k="cuisine" v="pizza;middle_eastern"/>
  <tag k="diet:kosher" v="yes"/>
  <tag k="diet:kosher:certifier" v="R' Rubin"/>
  <tag k="name:en" v="Pizza Rimini Plus"/>
  <tag k="name:he" v="פיצה רמיני פלוס"/>
 </node>
 <node id="13664318566" visible="true" version="1" changeset="180148534" timestamp="2026-03-20T09:10:38Z" user="decmap" uid="19411509" lat="31.8008282" lon="35.2272647">
  <tag k="check_date" v="2026-03-20"/>
  <tag k="name:he" v="ממתקי אליה"/>
  <tag k="shop" v="convenience"/>
 </node>
 <node id="13713987041" visible="true" version="1" changeset="181003271" timestamp="2026-04-07T14:40:36Z" user="ar58" uid="572423" lat="31.7978449" lon="35.2268370"/>
 <node id="13889900273" visible="true" version="1" changeset="183277598" timestamp="2026-05-27T22:20:18Z" user="ar58" uid="572423" lat="31.7980788" lon="35.2269269">
  <tag k="direction" v="forward"/>
  <tag k="highway" v="give_way"/>
 </node>
 <node id="13889900274" visible="true" version="1" changeset="183277598" timestamp="2026-05-27T22:20:18Z" user="ar58" uid="572423" lat="31.7980331" lon="35.2268213"/>
 <node id="13889900275" visible="true" version="1" changeset="183277598" timestamp="2026-05-27T22:20:18Z" user="ar58" uid="572423" lat="31.7980774" lon="35.2267978">
  <tag k="crossing" v="uncontrolled"/>
  <tag k="crossing:markings" v="yes"/>
  <tag k="highway" v="crossing"/>
 </node>
 <node id="13889900276" visible="true" version="1" changeset="183277598" timestamp="2026-05-27T22:20:18Z" user="ar58" uid="572423" lat="31.7980660" lon="35.2267835"/>
 <node id="13889900289" visible="true" version="1" changeset="183277598" timestamp="2026-05-27T22:20:18Z" user="ar58" uid="572423" lat="31.7994009" lon="35.2248715">
  <tag k="highway" v="traffic_signals"/>
  <tag k="traffic_signals" v="signal"/>
 </node>
 <node id="13889900300" visible="true" version="1" changeset="183277598" timestamp="2026-05-27T22:20:18Z" user="ar58" uid="572423" lat="31.7994943" lon="35.2250823">
  <tag k="crossing" v="traffic_signals"/>
  <tag k="highway" v="crossing"/>
 </node>
 <node id="13889910634" visible="true" version="1" changeset="183277598" timestamp="2026-05-27T22:20:18Z" user="ar58" uid="572423" lat="31.7978463" lon="35.2297610"/>
 <node id="13889910635" visible="true" version="1" changeset="183277598" timestamp="2026-05-27T22:20:18Z" user="ar58" uid="572423" lat="31.7980795" lon="35.2298327"/>
 <node id="13889910636" visible="true" version="1" changeset="183277598" timestamp="2026-05-27T22:20:18Z" user="ar58" uid="572423" lat="31.7980177" lon="35.2298942"/>
 <node id="13889910637" visible="true" version="1" changeset="183277598" timestamp="2026-05-27T22:20:18Z" user="ar58" uid="572423" lat="31.7980292" lon="35.2298755">
  <tag k="highway" v="give_way"/>
 </node>
 <node id="13889910638" visible="true" version="1" changeset="183277598" timestamp="2026-05-27T22:20:18Z" user="ar58" uid="572423" lat="31.7980591" lon="35.2298464"/>
 <node id="13889910639" visible="true" version="1" changeset="183277598" timestamp="2026-05-27T22:20:18Z" user="ar58" uid="572423" lat="31.7980416" lon="35.2298617"/>
 <node id="13889910640" visible="true" version="1" changeset="183277598" timestamp="2026-05-27T22:20:18Z" user="ar58" uid="572423" lat="31.7980078" lon="35.2299153"/>
 <way id="184901285" visible="true" version="9" changeset="166633256" timestamp="2025-05-22T23:43:48Z" user="ar58" uid="572423">
  <nd ref="1954730122"/>
  <nd ref="9897857631"/>
  <nd ref="12832658792"/>
  <nd ref="12832682185"/>
  <nd ref="1954729933"/>
  <nd ref="12832682184"/>
  <nd ref="12832658791"/>
  <nd ref="12832682183"/>
  <nd ref="1954729966"/>
  <nd ref="9897857632"/>
  <nd ref="12832658790"/>
  <nd ref="1954729940"/>
  <tag k="access" v="no"/>
  <tag k="bus" v="yes"/>
  <tag k="foot" v="yes"/>
  <tag k="highway" v="service"/>
  <tag k="lanes" v="2"/>
  <tag k="maxspeed" v="50"/>
  <tag k="surface" v="asphalt"/>
 </way>
 <way id="219229073" visible="true" version="3" changeset="173006161" timestamp="2025-10-08T13:53:18Z" user="ar58" uid="572423">
  <nd ref="2844135377"/>
  <nd ref="13202806747"/>
  <nd ref="2844135329"/>
  <tag k="highway" v="service"/>
 </way>
 <way id="219232777" visible="true" version="5" changeset="176593294" timestamp="2025-12-29T18:52:32Z" user="ar58" uid="572423">
  <nd ref="2284259672"/>
  <nd ref="2844142418"/>
  <nd ref="9897857682"/>
  <nd ref="2284259705"/>
  <nd ref="9897857683"/>
  <nd ref="13416384297"/>
  <nd ref="9897857684"/>
  <nd ref="9897857681"/>
  <nd ref="12832682198"/>
  <nd ref="1954729940"/>
  <tag k="highway" v="service"/>
 </way>
 <way id="280268879" visible="true" version="2" changeset="183277598" timestamp="2026-05-27T22:20:18Z" user="ar58" uid="572423">
  <nd ref="2844125867"/>
  <nd ref="13889900273"/>
  <nd ref="2844125795"/>
  <tag k="highway" v="service"/>
 </way>
 <way id="280268880" visible="true" version="2" changeset="134727042" timestamp="2023-04-10T12:14:23Z" user="ar58" uid="572423">
  <nd ref="2844125666"/>
  <nd ref="10799229267"/>
  <nd ref="10799229268"/>
  <nd ref="2844125953"/>
  <nd ref="2844125718"/>
  <nd ref="2844125692"/>
  <nd ref="2844125666"/>
  <tag k="leisure" v="park"/>
 </way>
 <way id="280268881" visible="true" version="1" changeset="22210276" timestamp="2014-05-08T14:39:03Z" user="BMM994" uid="189946">
  <nd ref="2844125738"/>
  <nd ref="2844125825"/>
  <nd ref="2844125672"/>
  <nd ref="2844125681"/>
  <nd ref="2844125794"/>
  <nd ref="2844125695"/>
  <nd ref="2844125634"/>
  <nd ref="2844126021"/>
  <nd ref="2844125793"/>
  <nd ref="2844125727"/>
  <nd ref="2844126041"/>
  <nd ref="2844125719"/>
  <nd ref="2844125935"/>
  <nd ref="2844125802"/>
  <nd ref="2844125798"/>
  <nd ref="2844125820"/>
  <nd ref="2844125839"/>
  <nd ref="2844125908"/>
  <nd ref="2844125873"/>
  <nd ref="2844125916"/>
  <nd ref="2844125792"/>
  <nd ref="2844125821"/>
  <nd ref="2844125940"/>
  <nd ref="2844125857"/>
  <nd ref="2844126045"/>
  <nd ref="2844126043"/>
  <nd ref="2844126018"/>
  <nd ref="2844125707"/>
  <nd ref="2844125989"/>
  <nd ref="2844125732"/>
  <nd ref="2844126035"/>
  <nd ref="2844126033"/>
  <nd ref="2844125740"/>
  <nd ref="2844125668"/>
  <nd ref="2844126002"/>
  <nd ref="2844125994"/>
  <nd ref="2844125917"/>
  <nd ref="2844125948"/>
  <nd ref="2844125738"/>
  <tag k="leisure" v="park"/>
 </way>
 <way id="280268882" visible="true" version="3" changeset="139834146" timestamp="2023-08-13T16:51:09Z" user="ar58" uid="572423">
  <nd ref="2844125694"/>
  <nd ref="2844125736"/>
  <nd ref="2844125714"/>
  <nd ref="2844126006"/>
  <nd ref="2844125956"/>
  <nd ref="2844125631"/>
  <nd ref="2844125697"/>
  <nd ref="2844126008"/>
  <nd ref="2844125904"/>
  <nd ref="11112313604"/>
  <nd ref="2844125955"/>
  <nd ref="11112377805"/>
  <nd ref="2844125992"/>
  <nd ref="2844125720"/>
  <nd ref="2844125671"/>
  <nd ref="2844125703"/>
  <nd ref="2844126028"/>
  <nd ref="9087671428"/>
  <nd ref="2844126020"/>
  <nd ref="2844125673"/>
  <nd ref="2844125694"/>
  <tag k="leisure" v="park"/>
 </way>
 <way id="280268883" visible="true" version="3" changeset="123814897" timestamp="2022-07-19T16:08:11Z" user="ar58" uid="572423">
  <nd ref="2844125894"/>
  <nd ref="2844125840"/>
  <nd ref="2844125644"/>
  <nd ref="2844125833"/>
  <nd ref="2844125637"/>
  <nd ref="2844125782"/>
  <nd ref="2844125811"/>
  <nd ref="2844125943"/>
  <nd ref="2844125834"/>
  <nd ref="2844125993"/>
  <nd ref="2844125747"/>
  <nd ref="2844125932"/>
  <nd ref="2844126010"/>
  <nd ref="2844125844"/>
  <nd ref="2844125903"/>
  <nd ref="2844126017"/>
  <nd ref="2844126037"/>
  <nd ref="2844125915"/>
  <nd ref="2844125667"/>
  <nd ref="2844125952"/>
  <nd ref="2844125960"/>
  <nd ref="2844125982"/>
  <nd ref="2844125866"/>
  <nd ref="2844125706"/>
  <nd ref="2844125737"/>
  <nd ref="2844125708"/>
  <nd ref="2844126044"/>
  <nd ref="2844125860"/>
  <nd ref="2844125789"/>
  <nd ref="2844126005"/>
  <nd ref="2844148779"/>
  <nd ref="2844125797"/>
  <nd ref="2844125897"/>
  <nd ref="2844125791"/>
  <nd ref="2844125966"/>
  <nd ref="2844125919"/>
  <nd ref="2844125721"/>
  <nd ref="2844125816"/>
  <nd ref="9897858046"/>
  <nd ref="9897858047"/>
  <nd ref="9897858049"/>
  <nd ref="9897858050"/>
  <nd ref="9897858051"/>
  <nd ref="9897858052"/>
  <nd ref="9897858053"/>
  <nd ref="9897858054"/>
  <nd ref="2844125788"/>
  <nd ref="2844125887"/>
  <nd ref="2844126027"/>
  <nd ref="2844125909"/>
  <nd ref="2844125796"/>
  <nd ref="2844126004"/>
  <nd ref="2844126015"/>
  <nd ref="2844125800"/>
  <nd ref="2844125684"/>
  <nd ref="2844125970"/>
  <nd ref="2844125912"/>
  <nd ref="2844125803"/>
  <nd ref="2844125868"/>
  <nd ref="2844125874"/>
  <nd ref="2844126013"/>
  <nd ref="2844125831"/>
  <nd ref="2844125894"/>
  <tag k="landuse" v="forest"/>
 </way>
 <way id="280268884" visible="true" version="1" changeset="22210276" timestamp="2014-05-08T14:39:03Z" user="BMM994" uid="189946">
  <nd ref="2844125950"/>
  <nd ref="2844125818"/>
  <nd ref="2844125659"/>
  <nd ref="2844125979"/>
  <nd ref="2844125864"/>
  <nd ref="2844125640"/>
  <nd ref="2844125991"/>
  <nd ref="2844125762"/>
  <nd ref="2844125907"/>
  <nd ref="2844125809"/>
  <nd ref="2844125851"/>
  <nd ref="2844125846"/>
  <nd ref="2844125950"/>
  <tag k="building" v="yes"/>
 </way>
 <way id="280268885" visible="true" version="2" changeset="147911951" timestamp="2024-02-25T23:16:00Z" user="488netanel" uid="2297855">
  <nd ref="2844125716"/>
  <nd ref="2844125847"/>
  <nd ref="2844125896"/>
  <nd ref="2844125965"/>
  <nd ref="2844125829"/>
  <nd ref="2844126003"/>
  <nd ref="2844125678"/>
  <nd ref="2844125920"/>
  <nd ref="2844125655"/>
  <nd ref="2844125754"/>
  <nd ref="2844125957"/>
  <nd ref="2844125731"/>
  <nd ref="2844125845"/>
  <nd ref="2844125962"/>
  <nd ref="2844126022"/>
  <nd ref="2844125824"/>
  <nd ref="2844125700"/>
  <nd ref="2844125863"/>
  <nd ref="2844125693"/>
  <nd ref="2844125852"/>
  <nd ref="2844125629"/>
  <nd ref="2844126024"/>
  <nd ref="2844125641"/>
  <nd ref="2844125856"/>
  <nd ref="2844125882"/>
  <nd ref="2844125688"/>
  <nd ref="2844125807"/>
  <nd ref="2844125766"/>
  <nd ref="2844125768"/>
  <nd ref="2844125968"/>
  <nd ref="2844125976"/>
  <nd ref="2844125739"/>
  <nd ref="2844125926"/>
  <nd ref="2844125627"/>
  <nd ref="2844125665"/>
  <nd ref="2844126038"/>
  <nd ref="2844125774"/>
  <nd ref="2844125709"/>
  <nd ref="2844126007"/>
  <nd ref="2844125711"/>
  <nd ref="2844125760"/>
  <nd ref="2844125689"/>
  <nd ref="2844125643"/>
  <nd ref="2844125645"/>
  <nd ref="2844125716"/>
  <tag k="building" v="school"/>
 </way>
 <way id="280268886" visible="true" version="3" changeset="120435326" timestamp="2022-05-01T20:55:14Z" user="donovaly" uid="1730904">
  <nd ref="2844135360"/>
  <nd ref="9707933418"/>
  <nd ref="2844125923"/>
  <nd ref="2844125674"/>
  <tag k="access" v="no"/>
  <tag k="highway" v="footway"/>
 </way>
 <way id="280268889" visible="true" version="3" changeset="139834146" timestamp="2023-08-13T16:51:09Z" user="ar58" uid="572423">
  <nd ref="2619768463"/>
  <nd ref="2844125687"/>
  <nd ref="2844125859"/>
  <nd ref="2844126023"/>
  <nd ref="2844125951"/>
  <nd ref="2844125973"/>
  <nd ref="2844126042"/>
  <nd ref="2844125879"/>
  <nd ref="2844125647"/>
  <nd ref="2844125770"/>
  <nd ref="2844125858"/>
  <nd ref="2844125862"/>
  <nd ref="2844125938"/>
  <nd ref="2844126009"/>
  <nd ref="2844126036"/>
  <nd ref="2844125964"/>
  <nd ref="2844125881"/>
  <nd ref="2844125843"/>
  <nd ref="2844125985"/>
  <nd ref="2844125639"/>
  <nd ref="2844125813"/>
  <nd ref="2844126030"/>
  <nd ref="2844125817"/>
  <nd ref="2844125828"/>
  <nd ref="2844125701"/>
  <nd ref="2844125777"/>
  <nd ref="2844125906"/>
  <nd ref="2844125750"/>
  <nd ref="2844125934"/>
  <nd ref="2844125733"/>
  <nd ref="2844125931"/>
  <nd ref="2844125880"/>
  <nd ref="2844125901"/>
  <nd ref="2844126019"/>
  <nd ref="2844142437"/>
  <nd ref="2844126039"/>
  <nd ref="2844125741"/>
  <tag k="highway" v="footway"/>
 </way>
 <way id="280268890" visible="true" version="1" changeset="22210276" timestamp="2014-05-08T14:39:04Z" user="BMM994" uid="189946">
  <nd ref="2844125630"/>
  <nd ref="2844125875"/>
  <nd ref="2844125767"/>
  <nd ref="2844125649"/>
  <nd ref="2844125929"/>
  <nd ref="2844125759"/>
  <nd ref="2844125922"/>
  <nd ref="2844125928"/>
  <nd ref="2844125756"/>
  <nd ref="2844125773"/>
  <nd ref="2844125650"/>
  <nd ref="2844125837"/>
  <nd ref="2844125630"/>
  <tag k="building" v="yes"/>
 </way>
 <way id="280268891" visible="true" version="1" changeset="22210276" timestamp="2014-05-08T14:39:04Z" user="BMM994" uid="189946">
  <nd ref="2844125761"/>
  <nd ref="2844125790"/>
  <nd ref="2844126040"/>
  <nd ref="2844125969"/>
  <nd ref="2844125764"/>
  <nd ref="2844125900"/>
  <nd ref="2844125911"/>
  <nd ref="2844125930"/>
  <nd ref="2844125918"/>
  <nd ref="2844125772"/>
  <nd ref="2844125761"/>
  <tag k="building" v="yes"/>
 </way>
 <way id="280268892" visible="true" version="1" changeset="22210276" timestamp="2014-05-08T14:39:04Z" user="BMM994" uid="189946">
  <nd ref="2844126000"/>
  <nd ref="2844125939"/>
  <nd ref="2844126011"/>
  <nd ref="2844125686"/>
  <nd ref="2844125658"/>
  <nd ref="2844125849"/>
  <nd ref="2844125910"/>
  <nd ref="2844125987"/>
  <nd ref="2844125958"/>
  <nd ref="2844125822"/>
  <nd ref="2844126000"/>
  <tag k="building" v="yes"/>
 </way>
 <way id="280268893" visible="true" version="3" changeset="57075350" timestamp="2018-03-11T08:37:08Z" user="adivik2000" uid="250196">
  <nd ref="2844125717"/>
  <nd ref="2844125734"/>
  <nd ref="2844125954"/>
  <nd ref="2844125975"/>
  <nd ref="2844125983"/>
  <nd ref="2844125728"/>
  <nd ref="2844125652"/>
  <nd ref="2844125838"/>
  <nd ref="2844125651"/>
  <nd ref="2844125758"/>
  <nd ref="2844125702"/>
  <nd ref="2844125675"/>
  <nd ref="2844125730"/>
  <nd ref="2844125781"/>
  <nd ref="2844125810"/>
  <nd ref="2844125890"/>
  <nd ref="2844125745"/>
  <nd ref="2844125977"/>
  <nd ref="2844125945"/>
  <nd ref="2844125878"/>
  <nd ref="2844125775"/>
  <nd ref="2844125936"/>
  <nd ref="2844125854"/>
  <nd ref="2844125635"/>
  <nd ref="2844125980"/>
  <nd ref="2844125872"/>
  <nd ref="2844125717"/>
  <tag k="historic" v="battlefield"/>
  <tag k="name" v="גבעת התחמושת"/>
  <tag k="name:en" v="Ammunition Hill"/>
  <tag k="name:he" v="גבעת התחמושת"/>
  <tag k="wikidata" v="Q2336243"/>
 </way>
 <way id="280268894" visible="true" version="2" changeset="139834146" timestamp="2023-08-13T16:51:09Z" user="ar58" uid="572423">
  <nd ref="2844125799"/>
  <nd ref="2844125913"/>
  <nd ref="2619768443"/>
  <tag k="highway" v="footway"/>
 </way>
 <way id="280268895" visible="true" version="2" changeset="120435326" timestamp="2022-05-01T20:55:14Z" user="donovaly" uid="1730904">
  <nd ref="2844125682"/>
  <nd ref="2844125676"/>
  <nd ref="2844125892"/>
  <nd ref="2844125753"/>
  <nd ref="2844125679"/>
  <nd ref="2844125978"/>
  <nd ref="2844125674"/>
  <nd ref="2844125663"/>
  <nd ref="2844125633"/>
  <nd ref="2844126026"/>
  <nd ref="2844125981"/>
  <nd ref="2844125999"/>
  <nd ref="2844125677"/>
  <tag k="access" v="no"/>
  <tag k="highway" v="footway"/>
 </way>
 <way id="280268897" visible="true" version="2" changeset="134727042" timestamp="2023-04-10T12:14:23Z" user="ar58" uid="572423">
  <nd ref="2844125862"/>
  <nd ref="2844125830"/>
  <nd ref="2844126014"/>
  <nd ref="2844125735"/>
  <nd ref="2844125743"/>
  <tag k="highway" v="service"/>
 </way>
 <way id="280268900" visible="true" version="1" changeset="22210276" timestamp="2014-05-08T14:39:05Z" user="BMM994" uid="189946">
  <nd ref="2844125780"/>
  <nd ref="2844125971"/>
  <nd ref="2844125683"/>
  <nd ref="2844125670"/>
  <nd ref="2844125876"/>
  <nd ref="2844125653"/>
  <nd ref="2844125832"/>
  <nd ref="2844125947"/>
  <nd ref="2844125883"/>
  <nd ref="2844125648"/>
  <nd ref="2844125963"/>
  <nd ref="2844125942"/>
  <nd ref="2844125927"/>
  <nd ref="2844126031"/>
  <nd ref="2844125744"/>
  <nd ref="2844126029"/>
  <nd ref="2844125780"/>
  <tag k="landuse" v="forest"/>
 </way>
 <way id="280268901" visible="true" version="2" changeset="22210276" timestamp="2014-05-08T14:54:48Z" user="BMM994" uid="189946">
  <nd ref="2844125990"/>
  <nd ref="2844125996"/>
  <nd ref="2844125967"/>
  <nd ref="2844125877"/>
  <nd ref="2844125944"/>
  <nd ref="2844125850"/>
  <nd ref="2844125891"/>
  <nd ref="2844125723"/>
  <nd ref="2844125884"/>
  <nd ref="2844125819"/>
  <nd ref="2844126016"/>
  <nd ref="2844125806"/>
  <nd ref="2844125902"/>
  <nd ref="2844125741"/>
  <nd ref="2844125654"/>
  <nd ref="2844125699"/>
  <nd ref="2844142163"/>
  <nd ref="2844142190"/>
  <nd ref="2844142418"/>
  <tag k="highway" v="footway"/>
 </way>
 <way id="280268902" visible="true" version="2" changeset="123814897" timestamp="2022-07-19T16:08:11Z" user="ar58" uid="572423">
  <nd ref="2844125862"/>
  <nd ref="2844125632"/>
  <nd ref="2844125786"/>
  <nd ref="2844125748"/>
  <nd ref="2844125899"/>
  <nd ref="2844125787"/>
  <nd ref="2844125691"/>
  <nd ref="2844125941"/>
  <nd ref="2844125799"/>
  <nd ref="2844125646"/>
  <nd ref="2844125656"/>
  <nd ref="2844125660"/>
  <nd ref="2844125861"/>
  <nd ref="2844125698"/>
  <nd ref="2844125712"/>
  <nd ref="2844125669"/>
  <nd ref="2844125990"/>
  <nd ref="2844125871"/>
  <nd ref="2844125893"/>
  <nd ref="2844125710"/>
  <nd ref="2284265675"/>
  <nd ref="9897858055"/>
  <nd ref="9897858057"/>
  <nd ref="9897858058"/>
  <nd ref="9897858056"/>
  <tag k="highway" v="footway"/>
 </way>
 <way id="280268903" visible="true" version="2" changeset="120435326" timestamp="2022-05-01T20:55:14Z" user="donovaly" uid="1730904">
  <nd ref="2844125923"/>
  <nd ref="2844125704"/>
  <nd ref="2844125933"/>
  <nd ref="2844125827"/>
  <nd ref="2844125905"/>
  <nd ref="2844125995"/>
  <nd ref="2844125984"/>
  <nd ref="2844125865"/>
  <nd ref="2844125784"/>
  <nd ref="2844125657"/>
  <tag k="access" v="no"/>
  <tag k="highway" v="footway"/>
 </way>
 <way id="280268904" visible="true" version="3" changeset="160926285" timestamp="2025-01-02T21:08:50Z" user="YaronS" uid="61477">
  <nd ref="2844125972"/>
  <nd ref="2844125889"/>
  <nd ref="2844125779"/>
  <nd ref="2844125757"/>
  <nd ref="2844126046"/>
  <nd ref="2844125812"/>
  <nd ref="2844125763"/>
  <nd ref="2844125853"/>
  <nd ref="2844125815"/>
  <nd ref="2844125664"/>
  <nd ref="2844125826"/>
  <nd ref="2844125823"/>
  <nd ref="2844125801"/>
  <nd ref="2844125752"/>
  <nd ref="2844125870"/>
  <nd ref="2844125729"/>
  <nd ref="2844125746"/>
  <nd ref="2844125642"/>
  <nd ref="2844125972"/>
  <tag k="amenity" v="school"/>
  <tag k="name" v="תיכון רנה קאסן"/>
  <tag k="name:en" v="Rana Kassen Highschool"/>
  <tag k="name:he" v="תיכון רנה קאסן"/>
  <tag k="wikidata" v="Q68289538"/>
 </way>
 <way id="280268905" visible="true" version="1" changeset="22210276" timestamp="2014-05-08T14:39:05Z" user="BMM994" uid="189946">
  <nd ref="2844125783"/>
  <nd ref="2844126001"/>
  <nd ref="2844125662"/>
  <nd ref="2844125805"/>
  <nd ref="2844125783"/>
  <tag k="building" v="yes"/>
 </way>
 <way id="280268907" visible="true" version="2" changeset="120435326" timestamp="2022-05-01T20:55:14Z" user="donovaly" uid="1730904">
  <nd ref="2844125998"/>
  <nd ref="9707933419"/>
  <nd ref="2844125661"/>
  <nd ref="2844125755"/>
  <nd ref="2844125835"/>
  <nd ref="2844125855"/>
  <nd ref="2844125842"/>
  <nd ref="2844125745"/>
  <nd ref="2844125977"/>
  <nd ref="2844125945"/>
  <nd ref="2844125878"/>
  <nd ref="2844125775"/>
  <nd ref="2844125749"/>
  <nd ref="2844125885"/>
  <nd ref="2844126034"/>
  <nd ref="2844125705"/>
  <nd ref="2844125898"/>
  <nd ref="2844125742"/>
  <nd ref="2844125804"/>
  <nd ref="2844125628"/>
  <nd ref="2844125713"/>
  <nd ref="2844125685"/>
  <nd ref="2844125769"/>
  <nd ref="2844125771"/>
  <nd ref="2844125914"/>
  <nd ref="2844125998"/>
  <tag k="building" v="yes"/>
 </way>
 <way id="280268908" visible="true" version="1" changeset="22210276" timestamp="2014-05-08T14:39:05Z" user="BMM994" uid="189946">
  <nd ref="2844125722"/>
  <nd ref="2844125715"/>
  <nd ref="2844125776"/>
  <nd ref="2844125961"/>
  <nd ref="2844125722"/>
  <tag k="leisure" v="pitch"/>
 </way>
 <way id="280268909" visible="true" version="1" changeset="22210276" timestamp="2014-05-08T14:39:05Z" user="BMM994" uid="189946">
  <nd ref="2844125886"/>
  <nd ref="2844125988"/>
  <nd ref="2844125808"/>
  <tag k="highway" v="footway"/>
 </way>
 <way id="280269709" visible="true" version="1" changeset="22210276" timestamp="2014-05-08T14:47:51Z" user="BMM994" uid="189946">
  <nd ref="2844135347"/>
  <nd ref="2844135372"/>
  <nd ref="2844135353"/>
  <nd ref="2844135356"/>
  <nd ref="2844135338"/>
  <nd ref="2844135336"/>
  <nd ref="2844135328"/>
  <nd ref="2844135361"/>
  <nd ref="2844135346"/>
  <nd ref="2844135325"/>
  <nd ref="2844135381"/>
  <nd ref="2844135363"/>
  <nd ref="2844135387"/>
  <nd ref="2844135371"/>
  <nd ref="2844135327"/>
  <nd ref="2844135379"/>
  <nd ref="2844135380"/>
  <nd ref="2844135375"/>
  <nd ref="2844135347"/>
  <tag k="landuse" v="forest"/>
 </way>
 <way id="280269710" visible="true" version="3" changeset="134727042" timestamp="2023-04-10T12:14:23Z" user="ar58" uid="572423">
  <nd ref="2844135329"/>
  <nd ref="2844135352"/>
  <nd ref="2844135345"/>
  <nd ref="2844135374"/>
  <nd ref="2844135332"/>
  <nd ref="2844135349"/>
  <nd ref="2844135360"/>
  <nd ref="2844135333"/>
  <tag k="highway" v="service"/>
  <tag k="service" v="parking_aisle"/>
 </way>
 <way id="280269711" visible="true" version="2" changeset="123814897" timestamp="2022-07-19T16:08:11Z" user="ar58" uid="572423">
  <nd ref="2844135348"/>
  <nd ref="2844135382"/>
  <nd ref="2844135331"/>
  <nd ref="9897858108"/>
  <nd ref="9897858109"/>
  <nd ref="2844135344"/>
  <nd ref="2844135354"/>
  <nd ref="2844135384"/>
  <nd ref="2844135376"/>
  <nd ref="2844135362"/>
  <nd ref="2844135366"/>
  <nd ref="2844135330"/>
  <nd ref="2844135367"/>
  <nd ref="2844135369"/>
  <nd ref="2844135370"/>
  <nd ref="2844135334"/>
  <nd ref="2844135337"/>
  <nd ref="2844135359"/>
  <nd ref="2844135383"/>
  <nd ref="2844135357"/>
  <nd ref="2844135326"/>
  <nd ref="2844135385"/>
  <nd ref="2844135365"/>
  <nd ref="2844135348"/>
  <tag k="leisure" v="park"/>
 </way>
 <way id="280269712" visible="true" version="2" changeset="123814897" timestamp="2022-07-19T16:08:11Z" user="ar58" uid="572423">
  <nd ref="2844135378"/>
  <nd ref="2844135358"/>
  <nd ref="2844135335"/>
  <nd ref="2844135340"/>
  <nd ref="2844135342"/>
  <nd ref="2844135368"/>
  <nd ref="9897858111"/>
  <nd ref="2844135388"/>
  <nd ref="9897858110"/>
  <nd ref="2844135378"/>
  <tag k="amenity" v="parking"/>
 </way>
 <way id="280269713" visible="true" version="1" changeset="22210276" timestamp="2014-05-08T14:47:52Z" user="BMM994" uid="189946">
  <nd ref="2844135349"/>
  <nd ref="2844135350"/>
  <tag k="highway" v="service"/>
  <tag k="service" v="parking_aisle"/>
 </way>
 <way id="280269854" visible="true" version="1" changeset="22210276" timestamp="2014-05-08T14:49:18Z" user="BMM994" uid="189946">
  <nd ref="2844135939"/>
  <nd ref="2844135946"/>
  <nd ref="2844135981"/>
  <nd ref="2844135947"/>
  <nd ref="2844135937"/>
  <nd ref="2844135960"/>
  <nd ref="2844135977"/>
  <nd ref="2844135979"/>
  <nd ref="2844135923"/>
  <nd ref="2844135976"/>
  <nd ref="2844135936"/>
  <nd ref="2844135956"/>
  <nd ref="2844135966"/>
  <nd ref="2844135931"/>
  <nd ref="2844135965"/>
  <nd ref="2844135938"/>
  <nd ref="2844135980"/>
  <nd ref="2844135924"/>
  <nd ref="2844135963"/>
  <nd ref="2844135971"/>
  <nd ref="2844135942"/>
  <nd ref="2844135944"/>
  <nd ref="2844135964"/>
  <nd ref="2844135927"/>
  <nd ref="2844135978"/>
  <nd ref="2844135921"/>
  <nd ref="2844135953"/>
  <nd ref="2844135974"/>
  <nd ref="2844135958"/>
  <nd ref="2844135943"/>
  <nd ref="2844135939"/>
  <tag k="leisure" v="park"/>
 </way>
 <way id="280269855" visible="true" version="1" changeset="22210276" timestamp="2014-05-08T14:49:18Z" user="BMM994" uid="189946">
  <nd ref="2844135957"/>
  <nd ref="2844135925"/>
  <nd ref="2844135935"/>
  <nd ref="2844135949"/>
  <nd ref="2844135934"/>
  <nd ref="2844135972"/>
  <nd ref="2844135945"/>
  <nd ref="2844135951"/>
  <nd ref="2844135932"/>
  <nd ref="2844135950"/>
  <nd ref="2844135962"/>
  <nd ref="2844135941"/>
  <nd ref="2844135959"/>
  <tag k="highway" v="path"/>
 </way>
 <way id="280269856" visible="true" version="1" changeset="22210276" timestamp="2014-05-08T14:49:18Z" user="BMM994" uid="189946">
  <nd ref="2844135950"/>
  <nd ref="2844135970"/>
  <nd ref="2844135940"/>
  <nd ref="2844135948"/>
  <tag k="highway" v="path"/>
 </way>
 <way id="280269857" visible="true" version="1" changeset="22210276" timestamp="2014-05-08T14:49:18Z" user="BMM994" uid="189946">
  <nd ref="2844135929"/>
  <nd ref="2844135969"/>
  <nd ref="2844135975"/>
  <nd ref="2844135928"/>
  <nd ref="2844135926"/>
  <nd ref="2844135973"/>
  <nd ref="2844135922"/>
  <nd ref="2844135954"/>
  <nd ref="2844135933"/>
  <nd ref="2844135930"/>
  <nd ref="2844135955"/>
  <nd ref="2844135952"/>
  <nd ref="2844135967"/>
  <nd ref="2844135968"/>
  <nd ref="2844135961"/>
  <nd ref="2844135951"/>
  <tag k="highway" v="path"/>
 </way>
 <way id="280270483" visible="true" version="1" changeset="22210276" timestamp="2014-05-08T14:54:46Z" user="BMM994" uid="189946">
  <nd ref="2844142161"/>
  <nd ref="2844142167"/>
  <nd ref="2844142419"/>
  <nd ref="2844142178"/>
  <nd ref="2844142186"/>
  <nd ref="2844142154"/>
  <nd ref="2844142161"/>
  <tag k="building" v="yes"/>
 </way>
 <way id="280270484" visible="true" version="1" changeset="22210276" timestamp="2014-05-08T14:54:46Z" user="BMM994" uid="189946">
  <nd ref="2844142198"/>
  <nd ref="2844142414"/>
  <nd ref="2844142175"/>
  <nd ref="2844142158"/>
  <nd ref="2844142168"/>
  <nd ref="2844142434"/>
  <nd ref="2844142174"/>
  <nd ref="2844142181"/>
  <nd ref="2844142156"/>
  <nd ref="2844142187"/>
  <nd ref="2844142413"/>
  <nd ref="2844142423"/>
  <nd ref="2844142416"/>
  <nd ref="2844142415"/>
  <nd ref="2844142436"/>
  <nd ref="2844142422"/>
  <nd ref="2844142170"/>
  <nd ref="2844142173"/>
  <nd ref="2844142198"/>
  <tag k="building" v="yes"/>
 </way>
 <way id="280270485" visible="true" version="2" changeset="176593294" timestamp="2025-12-29T18:52:32Z" user="ar58" uid="572423">
  <nd ref="2844142200"/>
  <nd ref="2844142428"/>
  <nd ref="13416384281"/>
  <nd ref="2844142176"/>
  <nd ref="13416384280"/>
  <nd ref="2844142191"/>
  <nd ref="2844142424"/>
  <nd ref="2844142159"/>
  <nd ref="2844142183"/>
  <nd ref="13416384282"/>
  <nd ref="2844142164"/>
  <nd ref="13416384283"/>
  <nd ref="2844142192"/>
  <nd ref="13416384284"/>
  <nd ref="2844142195"/>
  <nd ref="2844142421"/>
  <nd ref="13416384285"/>
  <nd ref="2844142169"/>
  <nd ref="13416384286"/>
  <nd ref="13416384287"/>
  <nd ref="2844142200"/>
  <tag k="landuse" v="forest"/>
 </way>
 <way id="280270487" visible="true" version="1" changeset="22210276" timestamp="2014-05-08T14:54:47Z" user="BMM994" uid="189946">
  <nd ref="2844142172"/>
  <nd ref="2844142165"/>
  <nd ref="2844142401"/>
  <nd ref="2844142420"/>
  <nd ref="2844142438"/>
  <nd ref="2844142162"/>
  <nd ref="2844142172"/>
  <tag k="building" v="yes"/>
 </way>
 <way id="280270488" visible="true" version="1" changeset="22210276" timestamp="2014-05-08T14:54:47Z" user="BMM994" uid="189946">
  <nd ref="2844142406"/>
  <nd ref="2844142410"/>
  <nd ref="2844142197"/>
  <nd ref="2844142435"/>
  <nd ref="2844142406"/>
  <tag k="building" v="yes"/>
 </way>
 <way id="280270489" visible="true" version="1" changeset="22210276" timestamp="2014-05-08T14:54:47Z" user="BMM994" uid="189946">
  <nd ref="2844142407"/>
  <nd ref="2844142427"/>
  <nd ref="2844142171"/>
  <nd ref="2844142177"/>
  <nd ref="2844142430"/>
  <nd ref="2844142409"/>
  <nd ref="2844142408"/>
  <nd ref="2844142185"/>
  <nd ref="2844142411"/>
  <nd ref="2844135329"/>
  <tag k="highway" v="service"/>
 </way>
 <way id="280270490" visible="true" version="1" changeset="22210276" timestamp="2014-05-08T14:54:47Z" user="BMM994" uid="189946">
  <nd ref="2844142433"/>
  <nd ref="2844142193"/>
  <nd ref="2844142432"/>
  <nd ref="2844142431"/>
  <nd ref="2844142155"/>
  <nd ref="2844142426"/>
  <nd ref="2844142194"/>
  <nd ref="2844142404"/>
  <nd ref="2844142196"/>
  <nd ref="2844142188"/>
  <nd ref="2844142199"/>
  <nd ref="2844142157"/>
  <nd ref="2844142433"/>
  <tag k="building" v="yes"/>
 </way>
 <way id="280270491" visible="true" version="1" changeset="22210276" timestamp="2014-05-08T14:54:47Z" user="BMM994" uid="189946">
  <nd ref="2844142190"/>
  <nd ref="2844142166"/>
  <nd ref="2844142405"/>
  <nd ref="2844142437"/>
  <tag k="highway" v="footway"/>
 </way>
 <way id="280271223" visible="true" version="4" changeset="166272231" timestamp="2025-05-14T18:49:46Z" user="ar58" uid="572423">
  <nd ref="2844149214"/>
  <nd ref="2844149208"/>
  <nd ref="9898049456"/>
  <nd ref="2844149207"/>
  <nd ref="2844149211"/>
  <nd ref="2844149218"/>
  <nd ref="12837516411"/>
  <nd ref="2844149220"/>
  <nd ref="2844149210"/>
  <nd ref="12837516412"/>
  <nd ref="2844149212"/>
  <nd ref="12837516413"/>
  <nd ref="12837516414"/>
  <nd ref="12837516415"/>
  <nd ref="2844149215"/>
  <nd ref="12837516416"/>
  <nd ref="12832682190"/>
  <nd ref="2844149217"/>
  <nd ref="2844149209"/>
  <nd ref="2844149216"/>
  <nd ref="2844149221"/>
  <nd ref="2844149213"/>
  <nd ref="9898049457"/>
  <nd ref="2844149214"/>
  <tag k="leisure" v="park"/>
 </way>
 <way id="280345430" visible="true" version="2" changeset="134727042" timestamp="2023-04-10T12:14:23Z" user="ar58" uid="572423">
  <nd ref="2844846855"/>
  <nd ref="10799209403"/>
  <nd ref="2844846841"/>
  <nd ref="2844846880"/>
  <nd ref="2844846873"/>
  <nd ref="2844846876"/>
  <nd ref="2844846881"/>
  <nd ref="2844846882"/>
  <nd ref="2844846883"/>
  <nd ref="2844847676"/>
  <nd ref="10799209402"/>
  <nd ref="2844846855"/>
  <tag k="leisure" v="park"/>
 </way>
 <way id="280345435" visible="true" version="1" changeset="22218292" timestamp="2014-05-08T20:44:41Z" user="BMM994" uid="189946">
  <nd ref="2844846890"/>
  <nd ref="2844846827"/>
  <nd ref="2844847622"/>
  <nd ref="2844846887"/>
  <nd ref="2844847607"/>
  <tag k="highway" v="service"/>
 </way>
 <way id="280403409" visible="true" version="1" changeset="22219774" timestamp="2014-05-08T22:40:51Z" user="BMM994" uid="189946">
  <nd ref="2845186016"/>
  <nd ref="2845186066"/>
  <nd ref="2845186039"/>
  <nd ref="2845186195"/>
  <nd ref="2845186028"/>
  <nd ref="2845185771"/>
  <nd ref="2845186096"/>
  <nd ref="2845186081"/>
  <nd ref="2845186163"/>
  <nd ref="2845186045"/>
  <nd ref="2845186015"/>
  <nd ref="2845186016"/>
  <tag k="building" v="yes"/>
 </way>
 <way id="280403410" visible="true" version="1" changeset="22219774" timestamp="2014-05-08T22:40:51Z" user="BMM994" uid="189946">
  <nd ref="2845186095"/>
  <nd ref="2845186103"/>
  <nd ref="2845186126"/>
  <nd ref="2845186176"/>
  <nd ref="2845186196"/>
  <nd ref="2845186084"/>
  <nd ref="2845186026"/>
  <nd ref="2845185798"/>
  <nd ref="2845185767"/>
  <nd ref="2845186095"/>
  <tag k="building" v="yes"/>
 </way>
 <way id="280403412" visible="true" version="1" changeset="22219774" timestamp="2014-05-08T22:40:51Z" user="BMM994" uid="189946">
  <nd ref="2845185781"/>
  <nd ref="2845186044"/>
  <nd ref="2845186130"/>
  <nd ref="2845186181"/>
  <nd ref="2845185789"/>
  <nd ref="2845186137"/>
  <nd ref="2845186069"/>
  <nd ref="2845186002"/>
  <nd ref="2845186085"/>
  <nd ref="2845186104"/>
  <nd ref="2845186135"/>
  <nd ref="2845186134"/>
  <nd ref="2845186136"/>
  <nd ref="2845186011"/>
  <nd ref="2845186164"/>
  <nd ref="2845186025"/>
  <nd ref="2845186040"/>
  <nd ref="2845186119"/>
  <nd ref="2845186194"/>
  <nd ref="2845186169"/>
  <nd ref="2845185787"/>
  <nd ref="2845186090"/>
  <nd ref="2845185781"/>
  <tag k="building" v="yes"/>
 </way>
 <way id="280403414" visible="true" version="1" changeset="22219774" timestamp="2014-05-08T22:40:52Z" user="BMM994" uid="189946">
  <nd ref="2845186139"/>
  <nd ref="2845185759"/>
  <nd ref="2845186174"/>
  <tag k="highway" v="service"/>
 </way>
 <way id="280403423" visible="true" version="1" changeset="22219774" timestamp="2014-05-08T22:40:52Z" user="BMM994" uid="189946">
  <nd ref="2845186142"/>
  <nd ref="2845186150"/>
  <nd ref="2845186177"/>
  <nd ref="2845186075"/>
  <nd ref="2845185768"/>
  <nd ref="2845186056"/>
  <nd ref="2845185756"/>
  <nd ref="2845185772"/>
  <nd ref="2845186102"/>
  <nd ref="2845186132"/>
  <nd ref="2845186178"/>
  <nd ref="2845186151"/>
  <nd ref="2845186035"/>
  <nd ref="2845186122"/>
  <nd ref="2845185780"/>
  <nd ref="2845186105"/>
  <nd ref="2845186186"/>
  <nd ref="2845186167"/>
  <nd ref="2845186107"/>
  <nd ref="2845186141"/>
  <nd ref="2845186024"/>
  <nd ref="2845185758"/>
  <nd ref="2845186142"/>
  <tag k="building" v="yes"/>
 </way>
 <way id="280454832" visible="true" version="1" changeset="22228385" timestamp="2014-05-09T11:18:35Z" user="BMM994" uid="189946">
  <nd ref="2845711530"/>
  <nd ref="2845711511"/>
  <nd ref="2845708697"/>
  <nd ref="2845711546"/>
  <nd ref="2845711512"/>
  <nd ref="2845711516"/>
  <nd ref="2845711506"/>
  <nd ref="2845711588"/>
  <nd ref="2845711513"/>
  <nd ref="2845711576"/>
  <nd ref="2845711502"/>
  <nd ref="2845711545"/>
  <nd ref="2845711527"/>
  <nd ref="2845711530"/>
  <tag k="building" v="yes"/>
 </way>
 <way id="280454834" visible="true" version="2" changeset="147712693" timestamp="2024-02-21T00:23:02Z" user="488netanel" uid="2297855">
  <nd ref="2845711571"/>
  <nd ref="2845711505"/>
  <nd ref="2845711595"/>
  <nd ref="2845711542"/>
  <nd ref="2845711508"/>
  <nd ref="2845711532"/>
  <nd ref="2845711515"/>
  <nd ref="2845711578"/>
  <nd ref="2845708700"/>
  <nd ref="2845711571"/>
  <tag k="building" v="apartments"/>
 </way>
 <way id="280454835" visible="true" version="2" changeset="22228385" timestamp="2014-05-09T11:22:58Z" user="BMM994" uid="189946">
  <nd ref="2845711537"/>
  <nd ref="2845711567"/>
  <nd ref="2845713500"/>
  <nd ref="2845711540"/>
  <tag k="highway" v="service"/>
 </way>
 <way id="280454836" visible="true" version="2" changeset="147712693" timestamp="2024-02-21T00:23:06Z" user="488netanel" uid="2297855">
  <nd ref="2845711517"/>
  <nd ref="2845711550"/>
  <nd ref="2845711577"/>
  <nd ref="2845711569"/>
  <nd ref="2845711549"/>
  <nd ref="2845711559"/>
  <nd ref="2845711581"/>
  <nd ref="2845711531"/>
  <nd ref="2845711518"/>
  <nd ref="2845711517"/>
  <tag k="building" v="apartments"/>
 </way>
 <way id="280454837" visible="true" version="2" changeset="147712693" timestamp="2024-02-21T00:23:08Z" user="488netanel" uid="2297855">
  <nd ref="2845711520"/>
  <nd ref="2845711560"/>
  <nd ref="2845711519"/>
  <nd ref="2845711548"/>
  <nd ref="2845711565"/>
  <nd ref="2845711533"/>
  <nd ref="2845711539"/>
  <nd ref="2845711521"/>
  <nd ref="2845711573"/>
  <nd ref="2845711568"/>
  <nd ref="2845711552"/>
  <nd ref="2845711580"/>
  <nd ref="2845711575"/>
  <nd ref="2845711520"/>
  <tag k="building" v="apartments"/>
 </way>
 <way id="280456455" visible="true" version="2" changeset="22228385" timestamp="2014-05-09T11:48:52Z" user="BMM994" uid="189946">
  <nd ref="2845715606"/>
  <nd ref="2845715608"/>
  <nd ref="2845715639"/>
  <nd ref="2845715603"/>
  <nd ref="2845715633"/>
  <nd ref="2845715625"/>
  <nd ref="2845715640"/>
  <nd ref="2845715642"/>
  <nd ref="2845715660"/>
  <nd ref="2845713488"/>
  <nd ref="2845715615"/>
  <nd ref="2845715656"/>
  <nd ref="2845715601"/>
  <nd ref="2845715663"/>
  <nd ref="2845715658"/>
  <nd ref="2845713491"/>
  <nd ref="2845715665"/>
  <nd ref="2845713494"/>
  <nd ref="2845713497"/>
  <nd ref="2845715652"/>
  <nd ref="2845713499"/>
  <nd ref="2845715622"/>
  <nd ref="2845715650"/>
  <nd ref="2845715631"/>
  <nd ref="2845715645"/>
  <nd ref="2845715604"/>
  <nd ref="2845715609"/>
  <nd ref="2845715610"/>
  <nd ref="2845715617"/>
  <nd ref="2845715628"/>
  <nd ref="2845713487"/>
  <nd ref="2845742760"/>
  <nd ref="2845715662"/>
  <nd ref="2845713492"/>
  <nd ref="2845715635"/>
  <nd ref="2845715649"/>
  <nd ref="2845715654"/>
  <nd ref="2845715657"/>
  <nd ref="2845713496"/>
  <nd ref="2845715620"/>
  <nd ref="2845715638"/>
  <nd ref="2845713490"/>
  <nd ref="2845713489"/>
  <nd ref="2845715618"/>
  <nd ref="2845715627"/>
  <nd ref="2845715602"/>
  <nd ref="2845715614"/>
  <nd ref="2845715623"/>
  <nd ref="2845715626"/>
  <nd ref="2845713498"/>
  <nd ref="2845715629"/>
  <nd ref="2845715611"/>
  <nd ref="2845715621"/>
  <nd ref="2845715664"/>
  <nd ref="2845713484"/>
  <nd ref="2845713485"/>
  <nd ref="2845715648"/>
  <nd ref="2845715607"/>
  <nd ref="2845715619"/>
  <nd ref="2845715612"/>
  <nd ref="2845715641"/>
  <nd ref="2845713486"/>
  <nd ref="2845713495"/>
  <nd ref="2845715606"/>
  <tag k="building" v="yes"/>
 </way>
 <way id="280456458" visible="true" version="1" changeset="22228385" timestamp="2014-05-09T11:22:58Z" user="BMM994" uid="189946">
  <nd ref="2845715653"/>
  <nd ref="2845715630"/>
  <nd ref="2845715624"/>
  <nd ref="2845715661"/>
  <nd ref="2845715644"/>
  <nd ref="2845715643"/>
  <tag k="highway" v="service"/>
 </way>
 <way id="280461064" visible="true" version="2" changeset="152283605" timestamp="2024-06-05T11:26:06Z" user="nkimmel" uid="21618156">
  <nd ref="2845742789"/>
  <nd ref="2845743068"/>
  <nd ref="2845743094"/>
  <nd ref="2845743086"/>
  <nd ref="2845742762"/>
  <nd ref="2845743090"/>
  <nd ref="2845743192"/>
  <nd ref="2845743113"/>
  <nd ref="2845743088"/>
  <nd ref="2845743101"/>
  <nd ref="2845743002"/>
  <nd ref="2845742796"/>
  <nd ref="2845743105"/>
  <nd ref="2845743011"/>
  <nd ref="2845742782"/>
  <nd ref="2845743198"/>
  <nd ref="2845743006"/>
  <nd ref="2845743063"/>
  <nd ref="2845743306"/>
  <nd ref="2845743315"/>
  <nd ref="2845743316"/>
  <nd ref="2845743023"/>
  <nd ref="2845743129"/>
  <nd ref="2845743139"/>
  <nd ref="2845743031"/>
  <nd ref="2845743319"/>
  <nd ref="2845743165"/>
  <nd ref="2845743159"/>
  <nd ref="2845743106"/>
  <nd ref="2845743137"/>
  <nd ref="2845743179"/>
  <nd ref="2845743093"/>
  <nd ref="2845743157"/>
  <nd ref="2845742784"/>
  <tag k="highway" v="service"/>
  <tag k="name" v="זלמן ארן"/>
  <tag k="name:en" v="Zalman Arran"/>
 </way>
 <way id="280461070" visible="true" version="1" changeset="22228385" timestamp="2014-05-09T11:48:48Z" user="BMM994" uid="189946">
  <nd ref="2845742785"/>
  <nd ref="2845743073"/>
  <nd ref="2845715647"/>
  <nd ref="2845715637"/>
  <nd ref="2845715632"/>
  <nd ref="2845715605"/>
  <nd ref="2845715634"/>
  <nd ref="2845715646"/>
  <nd ref="2845715616"/>
  <nd ref="2845742800"/>
  <nd ref="2845715606"/>
  <nd ref="2845715608"/>
  <nd ref="2845715639"/>
  <nd ref="2845715603"/>
  <nd ref="2845715633"/>
  <nd ref="2845715625"/>
  <nd ref="2845715640"/>
  <nd ref="2845715642"/>
  <nd ref="2845715660"/>
  <nd ref="2845713488"/>
  <nd ref="2845715615"/>
  <nd ref="2845715656"/>
  <nd ref="2845715601"/>
  <nd ref="2845715663"/>
  <nd ref="2845715658"/>
  <nd ref="2845713491"/>
  <nd ref="2845715665"/>
  <nd ref="2845713494"/>
  <nd ref="2845713497"/>
  <nd ref="2845715652"/>
  <nd ref="2845713499"/>
  <nd ref="2845715622"/>
  <nd ref="2845715650"/>
  <nd ref="2845715631"/>
  <nd ref="2845715645"/>
  <nd ref="2845715604"/>
  <nd ref="2845715609"/>
  <nd ref="2845715610"/>
  <nd ref="2845715617"/>
  <nd ref="2845715628"/>
  <nd ref="2845713487"/>
  <nd ref="2845742760"/>
  <nd ref="2845743144"/>
  <nd ref="2845743037"/>
  <nd ref="2845742785"/>
  <tag k="area" v="yes"/>
  <tag k="highway" v="pedestrian"/>
 </way>
 <way id="280461077" visible="true" version="4" changeset="177099246" timestamp="2026-01-11T14:43:11Z" user="decmap" uid="19411509">
  <nd ref="2845186155"/>
  <nd ref="2845743128"/>
  <nd ref="2845743034"/>
  <nd ref="13448177468"/>
  <tag k="highway" v="footway"/>
  <tag k="name" v="יצחק בסאן"/>
  <tag k="name:en" v="Yitschak Bassan"/>
  <tag k="surface" v="paving_stones"/>
 </way>
 <way id="334278018" visible="true" version="12" changeset="183277598" timestamp="2026-05-27T22:20:18Z" user="ar58" uid="572423">
  <nd ref="11609152271"/>
  <nd ref="2619768469"/>
  <nd ref="2619768460"/>
  <nd ref="2619768454"/>
  <nd ref="2619768510"/>
  <nd ref="2619768508"/>
  <nd ref="2619768496"/>
  <nd ref="2619768452"/>
  <nd ref="2619768487"/>
  <nd ref="2619768476"/>
  <nd ref="2619768492"/>
  <nd ref="13889900300"/>
  <nd ref="11609152378"/>
  <nd ref="10799229270"/>
  <nd ref="13889900289"/>
  <tag k="alt_name:en" v="Levi Eshckol;Levy Eshkol"/>
  <tag k="highway" v="tertiary"/>
  <tag k="lanes" v="2"/>
  <tag k="maxspeed" v="50"/>
  <tag k="name" v="לוי אשכול"/>
  <tag k="name:en" v="Levi Eshkol"/>
  <tag k="name:he" v="לוי אשכול"/>
  <tag k="old_ref" v="417"/>
  <tag k="oneway" v="yes"/>
  <tag k="surface" v="asphalt"/>
 </way>
 <way id="546092548" visible="true" version="5" changeset="182347135" timestamp="2026-05-07T16:22:05Z" user="zstadler" uid="3127">
  <nd ref="5277470072"/>
  <nd ref="5277470071"/>
  <nd ref="5277470077"/>
  <nd ref="5277470078"/>
  <nd ref="5277470074"/>
  <nd ref="5277470076"/>
  <nd ref="5277470075"/>
  <nd ref="5277470073"/>
  <nd ref="5277470072"/>
  <tag k="building" v="apartments"/>
  <tag k="building:levels" v="14"/>
  <tag k="height" v="43.68"/>
 </way>
 <way id="661716344" visible="true" version="9" changeset="183263663" timestamp="2026-05-27T15:56:30Z" user="TaggingReviewer" uid="24122276">
  <nd ref="11609152270"/>
  <nd ref="2619768444"/>
  <nd ref="3627236101"/>
  <nd ref="2619768471"/>
  <nd ref="2619768463"/>
  <nd ref="2619768443"/>
  <nd ref="2619768502"/>
  <nd ref="11112313603"/>
  <nd ref="2619768448"/>
  <nd ref="2619768461"/>
  <nd ref="9897858056"/>
  <nd ref="2286591390"/>
  <tag k="alt_name:en" v="Levi Eshckol;Levy Eshkol"/>
  <tag k="highway" v="tertiary"/>
  <tag k="lanes" v="3"/>
  <tag k="maxspeed" v="50"/>
  <tag k="name" v="לוי אשכול"/>
  <tag k="name:en" v="Levi Eshkol"/>
  <tag k="name:he" v="לוי אשכול"/>
  <tag k="old_ref" v="417"/>
  <tag k="oneway" v="yes"/>
  <tag k="surface" v="asphalt"/>
 </way>
 <way id="948936177" visible="true" version="10" changeset="183277598" timestamp="2026-05-27T22:20:18Z" user="ar58" uid="572423">
  <nd ref="1954730007"/>
  <nd ref="12837443700"/>
  <nd ref="12832658781"/>
  <nd ref="12832658779"/>
  <tag k="highway" v="tertiary"/>
  <tag k="lanes" v="2"/>
  <tag k="maxspeed" v="50"/>
  <tag k="name" v="שלמה זלמן שרגאי"/>
  <tag k="name:en" v="Shlomo Zalman Shragai"/>
  <tag k="name:he" v="שלמה זלמן שרגאי"/>
  <tag k="surface" v="asphalt"/>
 </way>
 <way id="1056507009" visible="true" version="1" changeset="120435326" timestamp="2022-05-01T20:55:14Z" user="donovaly" uid="1730904">
  <nd ref="2844125949"/>
  <nd ref="2844125677"/>
  <nd ref="2844125742"/>
  <tag k="access" v="no"/>
  <tag k="highway" v="footway"/>
 </way>
 <way id="1076188849" visible="true" version="4" changeset="183263663" timestamp="2026-05-27T15:56:30Z" user="TaggingReviewer" uid="24122276">
  <nd ref="9869094700"/>
  <nd ref="2845186191"/>
  <nd ref="2845715643"/>
  <nd ref="2845693053"/>
  <nd ref="2845742784"/>
  <nd ref="2845693096"/>
  <nd ref="2845693056"/>
  <nd ref="2845693012"/>
  <nd ref="2845693050"/>
  <nd ref="2845693079"/>
  <nd ref="2845693086"/>
  <nd ref="2845693019"/>
  <nd ref="2845693014"/>
  <nd ref="2845693101"/>
  <nd ref="2845693017"/>
  <nd ref="2845711540"/>
  <nd ref="2845693109"/>
  <nd ref="2845693071"/>
  <nd ref="2845748551"/>
  <nd ref="2845693022"/>
  <nd ref="2845693094"/>
  <nd ref="2845693038"/>
  <nd ref="2286591388"/>
  <tag k="alt_name:en" v="Pa'aran;Faran"/>
  <tag k="highway" v="tertiary"/>
  <tag k="name" v="פארן"/>
  <tag k="name:en" v="Paran"/>
  <tag k="name:he" v="פארן"/>
  <tag k="surface" v="asphalt"/>
 </way>
 <way id="1161076599" visible="true" version="6" changeset="181003271" timestamp="2026-04-07T14:40:36Z" user="ar58" uid="572423">
  <nd ref="2844111746"/>
  <nd ref="11609152283"/>
  <nd ref="13416433127"/>
  <nd ref="2844111751"/>
  <nd ref="11609152385"/>
  <nd ref="10799229238"/>
  <tag k="highway" v="tertiary"/>
  <tag k="lanes" v="2"/>
  <tag k="maxspeed" v="50"/>
  <tag k="name" v="שלמה זלמן שרגאי"/>
  <tag k="name:en" v="Shlomo Zalman Shragai"/>
  <tag k="name:he" v="שלמה זלמן שרגאי"/>
  <tag k="surface" v="asphalt"/>
 </way>
 <way id="1161076600" visible="true" version="4" changeset="183277598" timestamp="2026-05-27T22:20:18Z" user="ar58" uid="572423">
  <nd ref="2844111777"/>
  <nd ref="11609152280"/>
  <nd ref="11609152281"/>
  <nd ref="10799229242"/>
  <nd ref="11609152279"/>
  <nd ref="2844111779"/>
  <nd ref="11609152282"/>
  <nd ref="13889900274"/>
  <nd ref="11609152278"/>
  <nd ref="2844125795"/>
  <tag k="highway" v="service"/>
  <tag k="maxspeed" v="50"/>
  <tag k="oneway" v="yes"/>
  <tag k="surface" v="asphalt"/>
 </way>
 <way id="1161076601" visible="true" version="4" changeset="183277598" timestamp="2026-05-27T22:20:18Z" user="ar58" uid="572423">
  <nd ref="2844125743"/>
  <nd ref="10799229233"/>
  <nd ref="10799229246"/>
  <nd ref="10799229234"/>
  <nd ref="11609152277"/>
  <nd ref="13889900275"/>
  <nd ref="13889900276"/>
  <nd ref="11609152276"/>
  <nd ref="11609152381"/>
  <nd ref="10799229235"/>
  <nd ref="11609152382"/>
  <nd ref="10799229236"/>
  <nd ref="11609152383"/>
  <nd ref="10799229238"/>
  <tag k="highway" v="service"/>
  <tag k="maxspeed" v="50"/>
  <tag k="oneway" v="yes"/>
  <tag k="surface" v="asphalt"/>
 </way>
 <way id="1161076602" visible="true" version="7" changeset="183277598" timestamp="2026-05-27T22:20:18Z" user="ar58" uid="572423">
  <nd ref="1954730007"/>
  <nd ref="13202806746"/>
  <nd ref="12832658778"/>
  <nd ref="13202806745"/>
  <nd ref="10799229255"/>
  <nd ref="12837516401"/>
  <nd ref="10799229256"/>
  <nd ref="12832658777"/>
  <nd ref="12832682145"/>
  <nd ref="12832682147"/>
  <nd ref="6196370384"/>
  <tag k="highway" v="service"/>
  <tag k="lanes" v="1"/>
  <tag k="maxspeed" v="50"/>
  <tag k="oneway" v="yes"/>
  <tag k="surface" v="asphalt"/>
 </way>
 <way id="1161076607" visible="true" version="1" changeset="134727042" timestamp="2023-04-10T12:14:23Z" user="ar58" uid="572423">
  <nd ref="2844135333"/>
  <nd ref="2844135351"/>
  <nd ref="2844135343"/>
  <nd ref="2844135341"/>
  <nd ref="2844135329"/>
  <tag k="highway" v="service"/>
  <tag k="service" v="parking_aisle"/>
 </way>
 <way id="1161076611" visible="true" version="6" changeset="181003271" timestamp="2026-04-07T14:40:36Z" user="ar58" uid="572423">
  <nd ref="10799229238"/>
  <nd ref="13416433126"/>
  <nd ref="11609152275"/>
  <nd ref="13713987041"/>
  <nd ref="2844111777"/>
  <tag k="highway" v="tertiary"/>
  <tag k="lanes" v="2"/>
  <tag k="maxspeed" v="50"/>
  <tag k="name" v="שלמה זלמן שרגאי"/>
  <tag k="name:en" v="Shlomo Zalman Shragai"/>
  <tag k="name:he" v="שלמה זלמן שרגאי"/>
  <tag k="surface" v="asphalt"/>
 </way>
 <way id="1248957417" visible="true" version="2" changeset="183263663" timestamp="2026-05-27T15:56:30Z" user="TaggingReviewer" uid="24122276">
  <nd ref="2619768523"/>
  <nd ref="11609152271"/>
  <tag k="alt_name:en" v="Levi Eshckol;Levy Eshkol"/>
  <tag k="highway" v="tertiary"/>
  <tag k="lanes" v="3"/>
  <tag k="maxspeed" v="50"/>
  <tag k="name" v="לוי אשכול"/>
  <tag k="name:en" v="Levi Eshkol"/>
  <tag k="name:he" v="לוי אשכול"/>
  <tag k="old_ref" v="417"/>
  <tag k="oneway" v="yes"/>
  <tag k="surface" v="asphalt"/>
 </way>
 <way id="1248957448" visible="true" version="2" changeset="176593294" timestamp="2025-12-29T18:52:32Z" user="ar58" uid="572423">
  <nd ref="2844125795"/>
  <nd ref="2844125895"/>
  <nd ref="10799229240"/>
  <nd ref="10799229241"/>
  <nd ref="2844125743"/>
  <tag k="highway" v="service"/>
  <tag k="maxspeed" v="50"/>
  <tag k="oneway" v="yes"/>
  <tag k="surface" v="asphalt"/>
 </way>
 <way id="1333350177" visible="true" version="4" changeset="183277598" timestamp="2026-05-27T22:20:18Z" user="ar58" uid="572423">
  <nd ref="6196370374"/>
  <nd ref="12832682194"/>
  <nd ref="12832682101"/>
  <nd ref="12832682110"/>
  <nd ref="6196370382"/>
  <nd ref="12832682100"/>
  <nd ref="6196370383"/>
  <nd ref="12832682099"/>
  <nd ref="12832658786"/>
  <nd ref="12832682145"/>
  <nd ref="12832682098"/>
  <nd ref="10799229225"/>
  <nd ref="6196370685"/>
  <nd ref="10799229226"/>
  <nd ref="10799229227"/>
  <nd ref="6196370686"/>
  <nd ref="6196370692"/>
  <nd ref="9897858112"/>
  <nd ref="13416433094"/>
  <nd ref="10799229247"/>
  <nd ref="6196370694"/>
  <nd ref="10799229248"/>
  <nd ref="6196370695"/>
  <nd ref="9897858113"/>
  <nd ref="9897858106"/>
  <nd ref="6196370696"/>
  <nd ref="13416433088"/>
  <nd ref="9897858115"/>
  <nd ref="6196370697"/>
  <nd ref="2844111779"/>
  <nd ref="10799229235"/>
  <nd ref="10799229266"/>
  <nd ref="6196370701"/>
  <nd ref="9870640969"/>
  <tag k="construction" v="light_rail"/>
  <tag k="electrified" v="contact_line"/>
  <tag k="frequency" v="0"/>
  <tag k="gauge" v="1435"/>
  <tag k="name" v="הקו הירוק"/>
  <tag k="name:he" v="הקו הירוק"/>
  <tag k="railway" v="construction"/>
  <tag k="voltage" v="750"/>
 </way>
 <way id="1333350178" visible="true" version="4" changeset="183277598" timestamp="2026-05-27T22:20:18Z" user="ar58" uid="572423">
  <nd ref="6196370740"/>
  <nd ref="10799229265"/>
  <nd ref="10799229236"/>
  <nd ref="10799229242"/>
  <nd ref="6196370734"/>
  <nd ref="9897858114"/>
  <nd ref="13416433089"/>
  <nd ref="6196370733"/>
  <nd ref="9897858104"/>
  <nd ref="6196370732"/>
  <nd ref="6196370731"/>
  <nd ref="11609152273"/>
  <nd ref="10799229219"/>
  <nd ref="10799229220"/>
  <nd ref="2844125986"/>
  <nd ref="13416433095"/>
  <nd ref="10799229221"/>
  <nd ref="10799229224"/>
  <nd ref="10799229228"/>
  <nd ref="6196370724"/>
  <nd ref="10799229229"/>
  <nd ref="10799229223"/>
  <nd ref="10799229222"/>
  <nd ref="6196370720"/>
  <nd ref="12832682149"/>
  <nd ref="12832682107"/>
  <nd ref="6196370384"/>
  <nd ref="12832682148"/>
  <nd ref="6196335337"/>
  <nd ref="12832682108"/>
  <nd ref="6196335335"/>
  <nd ref="12832682111"/>
  <nd ref="12832682109"/>
  <nd ref="12832682195"/>
  <nd ref="9897857686"/>
  <nd ref="6196370768"/>
  <tag k="construction" v="light_rail"/>
  <tag k="electrified" v="contact_line"/>
  <tag k="frequency" v="0"/>
  <tag k="gauge" v="1435"/>
  <tag k="name" v="הקו הירוק"/>
  <tag k="name:he" v="הקו הירוק"/>
  <tag k="railway" v="construction"/>
  <tag k="voltage" v="750"/>
 </way>
 <way id="1386000863" visible="true" version="4" changeset="173006161" timestamp="2025-10-08T13:53:18Z" user="ar58" uid="572423">
  <nd ref="1954729940"/>
  <nd ref="12832682181"/>
  <nd ref="12832682175"/>
  <nd ref="12832682054"/>
  <nd ref="12837516433"/>
  <nd ref="12832658771"/>
  <nd ref="12832682174"/>
  <nd ref="12832658772"/>
  <nd ref="12832682173"/>
  <nd ref="12832682172"/>
  <nd ref="1954730020"/>
  <nd ref="12854425805"/>
  <nd ref="12832682170"/>
  <nd ref="1954730007"/>
  <tag k="highway" v="service"/>
  <tag k="lanes" v="1"/>
  <tag k="maxspeed" v="50"/>
  <tag k="oneway" v="yes"/>
  <tag k="surface" v="asphalt"/>
 </way>
 <way id="1386000864" visible="true" version="5" changeset="183277598" timestamp="2026-05-27T22:20:18Z" user="ar58" uid="572423">
  <nd ref="1954730007"/>
  <nd ref="13889910635"/>
  <tag k="highway" v="service"/>
  <tag k="lanes" v="1"/>
  <tag k="maxspeed" v="50"/>
  <tag k="oneway" v="yes"/>
  <tag k="surface" v="asphalt"/>
 </way>
 <way id="1386000865" visible="true" version="4" changeset="176593294" timestamp="2025-12-29T18:52:32Z" user="ar58" uid="572423">
  <nd ref="2844135377"/>
  <nd ref="10799229212"/>
  <nd ref="10799229217"/>
  <nd ref="12832658757"/>
  <nd ref="12837443699"/>
  <nd ref="1954730007"/>
  <tag k="highway" v="tertiary"/>
  <tag k="lanes" v="2"/>
  <tag k="maxspeed" v="50"/>
  <tag k="name" v="שלמה זלמן שרגאי"/>
  <tag k="name:en" v="Shlomo Zalman Shragai"/>
  <tag k="name:he" v="שלמה זלמן שרגאי"/>
  <tag k="surface" v="asphalt"/>
 </way>
 <way id="1386000876" visible="true" version="4" changeset="173006161" timestamp="2025-10-08T13:53:18Z" user="ar58" uid="572423">
  <nd ref="9898049269"/>
  <nd ref="12832682161"/>
  <nd ref="12832682159"/>
  <nd ref="12832682162"/>
  <nd ref="12832682163"/>
  <nd ref="12832682196"/>
  <nd ref="12832682164"/>
  <nd ref="12832682165"/>
  <nd ref="12832682166"/>
  <nd ref="12832682167"/>
  <nd ref="12832682168"/>
  <nd ref="12832682188"/>
  <nd ref="12832682189"/>
  <nd ref="12832682169"/>
  <nd ref="12837516424"/>
  <nd ref="12837516423"/>
  <nd ref="12837516425"/>
  <nd ref="12837516422"/>
  <nd ref="12837516426"/>
  <nd ref="12837516421"/>
  <nd ref="12837516427"/>
  <nd ref="12837516420"/>
  <nd ref="12837516428"/>
  <nd ref="12837516419"/>
  <nd ref="12837516418"/>
  <nd ref="12837516417"/>
  <nd ref="12837516410"/>
  <nd ref="12837516409"/>
  <nd ref="12837516408"/>
  <nd ref="12837516407"/>
  <nd ref="12837516406"/>
  <nd ref="12837516405"/>
  <nd ref="12837516404"/>
  <nd ref="12837516432"/>
  <nd ref="9898049274"/>
  <tag k="footway" v="sidewalk"/>
  <tag k="highway" v="footway"/>
 </way>
 <way id="1386000878" visible="true" version="3" changeset="176593294" timestamp="2025-12-29T18:52:32Z" user="ar58" uid="572423">
  <nd ref="12832682167"/>
  <nd ref="12832658762"/>
  <nd ref="1954730020"/>
  <nd ref="13416384290"/>
  <tag k="crossing" v="uncontrolled"/>
  <tag k="crossing:markings" v="yes"/>
  <tag k="footway" v="crossing"/>
  <tag k="highway" v="footway"/>
 </way>
 <way id="1436452003" visible="true" version="4" changeset="183277598" timestamp="2026-05-27T22:20:18Z" user="ar58" uid="572423">
  <nd ref="11609152369"/>
  <nd ref="13416433047"/>
  <nd ref="13416433048"/>
  <nd ref="13416433046"/>
  <nd ref="13416433049"/>
  <nd ref="13416433045"/>
  <nd ref="13416433050"/>
  <nd ref="13416433044"/>
  <nd ref="13416433043"/>
  <nd ref="13416433042"/>
  <nd ref="13416433041"/>
  <nd ref="13416433040"/>
  <nd ref="11609152379"/>
  <nd ref="13416433039"/>
  <nd ref="13416433038"/>
  <nd ref="13416433037"/>
  <nd ref="13416433036"/>
  <nd ref="13416433035"/>
  <nd ref="13416433034"/>
  <nd ref="13416433032"/>
  <nd ref="11609152386"/>
  <nd ref="13416433031"/>
  <nd ref="13416433030"/>
  <nd ref="13416433029"/>
  <nd ref="13416433028"/>
  <nd ref="13416433027"/>
  <nd ref="13416433026"/>
  <nd ref="13416433025"/>
  <nd ref="13416433024"/>
  <nd ref="13416433091"/>
  <nd ref="13416433023"/>
  <nd ref="11609152388"/>
  <nd ref="13416433019"/>
  <nd ref="13416433093"/>
  <nd ref="13416433018"/>
  <nd ref="13416433105"/>
  <nd ref="13416433017"/>
  <nd ref="13416433016"/>
  <nd ref="13416433015"/>
  <nd ref="13416433014"/>
  <nd ref="13416433013"/>
  <nd ref="13416433012"/>
  <nd ref="13416433011"/>
  <nd ref="13889910634"/>
  <nd ref="6196370719"/>
  <nd ref="12832682157"/>
  <nd ref="12832682158"/>
  <nd ref="12832682156"/>
  <nd ref="12832682155"/>
  <nd ref="9897858140"/>
  <nd ref="9898049267"/>
  <tag k="footway" v="sidewalk"/>
  <tag k="highway" v="footway"/>
 </way>
 <way id="1462646142" visible="true" version="2" changeset="181003271" timestamp="2026-04-07T14:40:36Z" user="ar58" uid="572423">
  <nd ref="9898049458"/>
  <nd ref="13416433002"/>
  <nd ref="13416433001"/>
  <nd ref="13416384300"/>
  <nd ref="13416384299"/>
  <nd ref="13416384298"/>
  <nd ref="13416384296"/>
  <nd ref="12832682198"/>
  <nd ref="13416384295"/>
  <nd ref="13416384294"/>
  <nd ref="13416384293"/>
  <nd ref="13416384292"/>
  <nd ref="13416384291"/>
  <nd ref="13416384290"/>
  <nd ref="13416384289"/>
  <nd ref="13416384288"/>
  <nd ref="13416384279"/>
  <nd ref="13416384278"/>
  <nd ref="13416384273"/>
  <nd ref="13416384277"/>
  <nd ref="13202806747"/>
  <nd ref="13416384276"/>
  <nd ref="13416384275"/>
  <nd ref="13416384274"/>
  <nd ref="13416384272"/>
  <nd ref="13416384271"/>
  <nd ref="13416384270"/>
  <nd ref="13416433092"/>
  <nd ref="13416433090"/>
  <nd ref="13416384269"/>
  <nd ref="13416384268"/>
  <nd ref="10799229231"/>
  <nd ref="11609152390"/>
  <nd ref="13416433106"/>
  <nd ref="13416384267"/>
  <nd ref="13416384266"/>
  <nd ref="13416384265"/>
  <nd ref="13416384264"/>
  <nd ref="13416433087"/>
  <nd ref="13416384263"/>
  <nd ref="13416384262"/>
  <nd ref="13416384261"/>
  <nd ref="13416384260"/>
  <nd ref="13416384258"/>
  <nd ref="13416384259"/>
  <nd ref="13416433081"/>
  <nd ref="13416433083"/>
  <nd ref="13416433082"/>
  <nd ref="13416433084"/>
  <nd ref="13416433085"/>
  <nd ref="13416433086"/>
  <tag k="construction" v="footway"/>
  <tag k="footway" v="sidewalk"/>
  <tag k="highway" v="footway"/>
 </way>
 <way id="1462646144" visible="true" version="1" changeset="176593294" timestamp="2025-12-29T18:52:32Z" user="ar58" uid="572423">
  <nd ref="11609152377"/>
  <nd ref="13416433051"/>
  <nd ref="13416433052"/>
  <nd ref="13416433119"/>
  <nd ref="13416433053"/>
  <nd ref="13416433054"/>
  <nd ref="13416433055"/>
  <nd ref="13416433056"/>
  <nd ref="13416433058"/>
  <nd ref="13416433057"/>
  <nd ref="13416433059"/>
  <nd ref="13416433060"/>
  <nd ref="13416433061"/>
  <nd ref="13416433071"/>
  <nd ref="13416433062"/>
  <nd ref="13416433063"/>
  <nd ref="13416433064"/>
  <nd ref="13416433067"/>
  <nd ref="13416433068"/>
  <nd ref="13416433066"/>
  <nd ref="13416433065"/>
  <nd ref="13416433073"/>
  <nd ref="13416433074"/>
  <nd ref="13416433075"/>
  <nd ref="13416433077"/>
  <nd ref="13416433080"/>
  <nd ref="13416433076"/>
  <nd ref="13416433078"/>
  <nd ref="13416433079"/>
  <tag k="footway" v="sidewalk"/>
  <tag k="highway" v="footway"/>
 </way>
 <way id="1462646147" visible="true" version="1" changeset="176593294" timestamp="2025-12-29T18:52:32Z" user="ar58" uid="572423">
  <nd ref="13416433036"/>
  <nd ref="11609152385"/>
  <nd ref="13416433075"/>
  <tag k="crossing" v="uncontrolled"/>
  <tag k="crossing:markings" v="yes"/>
  <tag k="footway" v="crossing"/>
  <tag k="highway" v="footway"/>
 </way>
 <way id="1462646150" visible="true" version="1" changeset="176593294" timestamp="2025-12-29T18:52:32Z" user="ar58" uid="572423">
  <nd ref="13416384278"/>
  <nd ref="10799229212"/>
  <nd ref="13416433100"/>
  <tag k="crossing" v="uncontrolled"/>
  <tag k="crossing:markings" v="yes"/>
  <tag k="footway" v="crossing"/>
  <tag k="highway" v="footway"/>
 </way>
 <way id="1466231044" visible="true" version="7" changeset="177099253" timestamp="2026-01-11T14:43:10Z" user="decmap" uid="19411509">
  <nd ref="13448177468"/>
  <nd ref="2845715643"/>
  <tag k="handrail" v="yes"/>
  <tag k="highway" v="steps"/>
  <tag k="incline" v="up"/>
  <tag k="name" v="יצחק בסאן"/>
  <tag k="name:en" v="Yitschak Bassan"/>
  <tag k="ramp" v="yes"/>
  <tag k="ramp:bicycle" v="yes"/>
  <tag k="ramp:wheelchair" v="yes"/>
  <tag k="step_count" v="3"/>
  <tag k="surface" v="paving_stones"/>
 </way>
 <way id="1523840243" visible="true" version="1" changeset="183277598" timestamp="2026-05-27T22:20:18Z" user="ar58" uid="572423">
  <nd ref="13416433064"/>
  <nd ref="13889900275"/>
  <nd ref="11609152278"/>
  <nd ref="13416384262"/>
  <tag k="crossing" v="uncontrolled"/>
  <tag k="crossing:markings" v="yes"/>
  <tag k="footway" v="crossing"/>
  <tag k="highway" v="footway"/>
 </way>
 <way id="1523840262" visible="true" version="1" changeset="183277598" timestamp="2026-05-27T22:20:18Z" user="ar58" uid="572423">
  <nd ref="12832658779"/>
  <nd ref="13889910640"/>
  <nd ref="13889910636"/>
  <nd ref="13889910637"/>
  <nd ref="13889910639"/>
  <nd ref="13889910638"/>
  <nd ref="13889910635"/>
  <tag k="highway" v="service"/>
  <tag k="lanes" v="1"/>
  <tag k="maxspeed" v="50"/>
  <tag k="oneway" v="yes"/>
  <tag k="surface" v="asphalt"/>
 </way>
 <way id="1523840263" visible="true" version="1" changeset="183277598" timestamp="2026-05-27T22:20:18Z" user="ar58" uid="572423">
  <nd ref="12832658779"/>
  <nd ref="12832658780"/>
  <nd ref="1954730004"/>
  <tag k="highway" v="tertiary"/>
  <tag k="lanes" v="2"/>
  <tag k="maxspeed" v="50"/>
  <tag k="name" v="שלמה זלמן שרגאי"/>
  <tag k="name:en" v="Shlomo Zalman Shragai"/>
  <tag k="name:he" v="שלמה זלמן שרגאי"/>
  <tag k="surface" v="asphalt"/>
 </way>
 <way id="1523840264" visible="true" version="1" changeset="183277598" timestamp="2026-05-27T22:20:18Z" user="ar58" uid="572423">
  <nd ref="13889910635"/>
  <nd ref="12832658762"/>
  <nd ref="12832682179"/>
  <nd ref="12832658773"/>
  <nd ref="12832682176"/>
  <nd ref="12832682177"/>
  <nd ref="12832682178"/>
  <nd ref="12832682182"/>
  <nd ref="1954729940"/>
  <tag k="highway" v="service"/>
  <tag k="lanes" v="1"/>
  <tag k="maxspeed" v="50"/>
  <tag k="oneway" v="yes"/>
  <tag k="surface" v="asphalt"/>
 </way>
 <relation id="12477126" visible="true" version="90" changeset="188436338" timestamp="2026-09-02T19:01:02Z" user="Ornits" uid="24450071">
  <member type="node" ref="12172766816" role="platform_entry_only"/>
  <member type="node" ref="1802995754" role="platform_entry_only"/>
  <member type="node" ref="5210715310" role="platform"/>
  <member type="node" ref="5487891973" role="platform"/>
  <member type="node" ref="1803001772" role="platform"/>
  <member type="node" ref="1802996976" role="platform"/>
  <member type="node" ref="5210700294" role="platform"/>
  <member type="node" ref="1803026594" role="platform"/>
  <member type="node" ref="1803047654" role="platform"/>
  <member type="node" ref="1803043877" role="platform"/>
  <member type="node" ref="1802991951" role="platform"/>
  <member type="node" ref="1802991932" role="platform"/>
  <member type="node" ref="1803087321" role="platform"/>
  <member type="node" ref="1803087326" role="platform"/>
  <member type="node" ref="1803087322" role="platform"/>
  <member type="node" ref="1803088482" role="platform"/>
  <member type="node" ref="1803045368" role="platform"/>
  <member type="node" ref="1803045376" role="platform"/>
  <member type="node" ref="1803088761" role="platform"/>
  <member type="node" ref="1803087581" role="platform"/>
  <member type="node" ref="1803062396" role="platform"/>
  <member type="node" ref="1803049803" role="platform"/>
  <member type="node" ref="1803062339" role="platform"/>
  <member type="node" ref="1803062402" role="platform"/>
  <member type="node" ref="5210700265" role="platform"/>
  <member type="node" ref="1803087586" role="platform"/>
  <member type="node" ref="1803085339" role="platform"/>
  <member type="node" ref="1803087587" role="platform"/>
  <member type="node" ref="1803086799" role="platform"/>
  <member type="node" ref="1803032157" role="platform"/>
  <member type="node" ref="1803032156" role="platform"/>
  <member type="node" ref="1803032155" role="platform"/>
  <member type="node" ref="1803032159" role="platform"/>
  <member type="node" ref="12172742604" role="platform"/>
  <member type="node" ref="1803032172" role="platform"/>
  <member type="node" ref="1803050434" role="platform"/>
  <member type="node" ref="5210696719" role="platform"/>
  <member type="node" ref="1803035308" role="platform"/>
  <member type="node" ref="1803046421" role="platform"/>
  <member type="node" ref="1803035998" role="platform"/>
  <member type="node" ref="1803035996" role="platform"/>
  <member type="node" ref="1803035995" role="platform"/>
  <member type="node" ref="5744957563" role="platform"/>
  <member type="node" ref="5744957560" role="platform"/>
  <member type="node" ref="5744957558" role="platform"/>
  <member type="node" ref="12172734813" role="platform_exit_only"/>
  <member type="way" ref="1287722554" role=""/>
  <member type="way" ref="1287722553" role=""/>
  <member type="way" ref="571406771" role=""/>
  <member type="way" ref="1098584824" role=""/>
  <member type="way" ref="813889190" role=""/>
  <member type="way" ref="1334561698" role=""/>
  <member type="way" ref="1379157492" role=""/>
  <member type="way" ref="1309982180" role=""/>
  <member type="way" ref="1361278834" role=""/>
  <member type="way" ref="1123076364" role=""/>
  <member type="way" ref="1212558010" role=""/>
  <member type="way" ref="682265530" role=""/>
  <member type="way" ref="1212557990" role=""/>
  <member type="way" ref="905457671" role=""/>
  <member type="way" ref="571019922" role=""/>
  <member type="way" ref="1094279305" role=""/>
  <member type="way" ref="689120468" role=""/>
  <member type="way" ref="159706215" role=""/>
  <member type="way" ref="784425278" role=""/>
  <member type="way" ref="1302318111" role=""/>
  <member type="way" ref="1302318109" role=""/>
  <member type="way" ref="866095818" role=""/>
  <member type="way" ref="866095814" role=""/>
  <member type="way" ref="1301961129" role=""/>
  <member type="way" ref="1429804311" role=""/>
  <member type="way" ref="701478854" role=""/>
  <member type="way" ref="701478861" role=""/>
  <member type="way" ref="1429816901" role=""/>
  <member type="way" ref="1429804325" role=""/>
  <member type="way" ref="1455273989" role=""/>
  <member type="way" ref="1455273988" role=""/>
  <member type="way" ref="897236926" role=""/>
  <member type="way" ref="773806297" role=""/>
  <member type="way" ref="1358782197" role=""/>
  <member type="way" ref="236433068" role=""/>
  <member type="way" ref="236433067" role=""/>
  <member type="way" ref="1358782196" role=""/>
  <member type="way" ref="1005341153" role=""/>
  <member type="way" ref="1005341148" role=""/>
  <member type="way" ref="44080732" role=""/>
  <member type="way" ref="448684076" role=""/>
  <member type="way" ref="236433064" role=""/>
  <member type="way" ref="4710057" role=""/>
  <member type="way" ref="1188718138" role=""/>
  <member type="way" ref="773806272" role=""/>
  <member type="way" ref="917393853" role=""/>
  <member type="way" ref="236433070" role=""/>
  <member type="way" ref="1491923268" role=""/>
  <member type="way" ref="230894189" role=""/>
  <member type="way" ref="134936374" role=""/>
  <member type="way" ref="773806275" role=""/>
  <member type="way" ref="773806277" role=""/>
  <member type="way" ref="773806279" role=""/>
  <member type="way" ref="773806280" role=""/>
  <member type="way" ref="773806283" role=""/>
  <member type="way" ref="773806284" role=""/>
  <member type="way" ref="1491923270" role=""/>
  <member type="way" ref="273011364" role=""/>
  <member type="way" ref="1182492216" role=""/>
  <member type="way" ref="1076185783" role=""/>
  <member type="way" ref="1182492217" role=""/>
  <member type="way" ref="1076185782" role=""/>
  <member type="way" ref="1076185780" role=""/>
  <member type="way" ref="1076185788" role=""/>
  <member type="way" ref="31451460" role=""/>
  <member type="way" ref="1182492205" role=""/>
  <member type="way" ref="1523840253" role=""/>
  <member type="way" ref="217283288" role=""/>
  <member type="way" ref="1197741713" role=""/>
  <member type="way" ref="1248957416" role=""/>
  <member type="way" ref="661716344" role=""/>
  <member type="way" ref="231130791" role=""/>
  <member type="way" ref="1386000890" role=""/>
  <member type="way" ref="912434716" role=""/>
  <member type="way" ref="823854152" role=""/>
  <member type="way" ref="823854145" role=""/>
  <member type="way" ref="926722717" role=""/>
  <member type="way" ref="739101012" role=""/>
  <member type="way" ref="739101013" role=""/>
  <member type="way" ref="291378572" role=""/>
  <member type="way" ref="41901559" role=""/>
  <member type="way" ref="926197522" role=""/>
  <member type="way" ref="104276103" role=""/>
  <member type="way" ref="104276111" role=""/>
  <member type="way" ref="1245237956" role=""/>
  <member type="way" ref="628531938" role=""/>
  <member type="way" ref="1216354103" role=""/>
  <member type="way" ref="41824504" role=""/>
  <member type="way" ref="1276498495" role=""/>
  <member type="way" ref="1276498496" role=""/>
  <member type="way" ref="104276163" role=""/>
  <member type="way" ref="588435136" role=""/>
  <member type="way" ref="588435126" role=""/>
  <member type="way" ref="588435123" role=""/>
  <member type="way" ref="588435093" role=""/>
  <member type="way" ref="588435097" role=""/>
  <member type="way" ref="588435096" role=""/>
  <member type="way" ref="588422564" role=""/>
  <member type="way" ref="588422565" role=""/>
  <member type="way" ref="588422567" role=""/>
  <member type="way" ref="1245402046" role=""/>
  <member type="way" ref="588422560" role=""/>
  <member type="way" ref="588422552" role=""/>
  <member type="way" ref="588422551" role=""/>
  <member type="way" ref="588422555" role=""/>
  <member type="way" ref="588422553" role=""/>
  <member type="way" ref="375803776" role=""/>
  <member type="way" ref="185170910" role=""/>
  <member type="way" ref="1234743344" role=""/>
  <member type="way" ref="588415794" role=""/>
  <member type="way" ref="588415789" role=""/>
  <member type="way" ref="1234743325" role=""/>
  <member type="way" ref="902983985" role=""/>
  <member type="way" ref="588415782" role=""/>
  <member type="way" ref="588415784" role=""/>
  <member type="way" ref="588415777" role=""/>
  <member type="way" ref="588415774" role=""/>
  <member type="way" ref="588415771" role=""/>
  <member type="way" ref="588415765" role=""/>
  <member type="way" ref="588415754" role=""/>
  <member type="way" ref="588415742" role=""/>
  <member type="way" ref="1064022902" role=""/>
  <member type="way" ref="1064022904" role=""/>
  <member type="way" ref="571425467" role=""/>
  <member type="way" ref="713633730" role=""/>
  <member type="way" ref="1064022901" role=""/>
  <member type="way" ref="1361558371" role=""/>
  <member type="way" ref="1245402005" role=""/>
  <member type="way" ref="815860381" role=""/>
  <member type="way" ref="1177291368" role=""/>
  <member type="way" ref="1177291367" role=""/>
  <member type="way" ref="1177291364" role=""/>
  <member type="way" ref="1177291361" role=""/>
  <member type="way" ref="1177291359" role=""/>
  <member type="way" ref="875866197" role=""/>
  <member type="way" ref="875866194" role=""/>
  <member type="way" ref="1177291350" role=""/>
  <member type="way" ref="1177291352" role=""/>
  <member type="way" ref="588415730" role=""/>
  <member type="way" ref="1177291345" role=""/>
  <member type="way" ref="1177291343" role=""/>
  <member type="way" ref="1177291340" role=""/>
  <member type="way" ref="1338476024" role=""/>
  <member type="way" ref="920864375" role=""/>
  <member type="way" ref="1177291334" role=""/>
  <member type="way" ref="1177291336" role=""/>
  <member type="way" ref="1338476025" role=""/>
  <member type="way" ref="1177291344" role=""/>
  <member type="way" ref="815860375" role=""/>
  <member type="way" ref="1177291342" role=""/>
  <member type="way" ref="1177291338" role=""/>
  <member type="way" ref="1177291347" role=""/>
  <member type="way" ref="1177291348" role=""/>
  <member type="way" ref="1177291354" role=""/>
  <member type="way" ref="1177291351" role=""/>
  <member type="way" ref="875866192" role=""/>
  <member type="way" ref="875866198" role=""/>
  <member type="way" ref="1177291356" role=""/>
  <member type="way" ref="103307083" role=""/>
  <member type="way" ref="920864376" role=""/>
  <member type="way" ref="875866199" role=""/>
  <member type="way" ref="121237025" role=""/>
  <member type="way" ref="1216354112" role=""/>
  <member type="way" ref="1216354117" role=""/>
  <member type="way" ref="920864377" role=""/>
  <member type="way" ref="1216354114" role=""/>
  <member type="way" ref="267133861" role=""/>
  <member type="way" ref="1216354122" role=""/>
  <member type="way" ref="1216354106" role=""/>
  <member type="way" ref="1216354120" role=""/>
  <member type="way" ref="1216354105" role=""/>
  <member type="way" ref="1216354122" role=""/>
  <tag k="from" v="ביטוח לאומי"/>
  <tag k="from:en" v="Bitu'ah Le'umi"/>
  <tag k="from:he" v="ביטוח לאומי"/>
  <tag k="gtfs:feed" v="IL-MOT"/>
  <tag k="gtfs:route_id" v="5527"/>
  <tag k="gtfs:shape_id" v="157896"/>
  <tag k="name" v="ירושלים 25א: ביטוח לאומי =&gt; פסגת זאב צפון"/>
  <tag k="name:en" v="Jerusalem 25א: Bitu'ah Le'umi =&gt; Pisgat Ze'ev North"/>
  <tag k="name:he" v="ירושלים 25א: ביטוח לאומי =&gt; פסגת זאב צפון"/>
  <tag k="network" v="ירושלים"/>
  <tag k="network:en" v="Jerusalem"/>
  <tag k="network:he" v="ירושלים"/>
  <tag k="operator" v="אקסטרה ירושלים"/>
  <tag k="operator:en" v="Extra Jerusalem"/>
  <tag k="operator:he" v="אקסטרה ירושלים"/>
  <tag k="public_transport:version" v="2"/>
  <tag k="ref" v="25א"/>
  <tag k="route" v="bus"/>
  <tag k="to" v="פסגת זאב צפון"/>
  <tag k="to:en" v="Pisgat Ze'ev North"/>
  <tag k="to:he" v="פסגת זאב צפון"/>
  <tag k="type" v="route"/>
  <tag k="website" v="https://extrapt.co.il/"/>
 </relation>
 <relation id="12550137" visible="true" version="45" changeset="188445124" timestamp="2026-09-02T23:17:41Z" user="Ornits" uid="24450071">
  <member type="node" ref="1803093264" role="platform_entry_only"/>
  <member type="node" ref="1803054419" role="platform"/>
  <member type="node" ref="1802985776" role="platform"/>
  <member type="node" ref="1802985781" role="platform"/>
  <member type="node" ref="1803088805" role="platform"/>
  <member type="node" ref="1802995521" role="platform"/>
  <member type="node" ref="1803068839" role="platform"/>
  <member type="node" ref="1803012754" role="platform"/>
  <member type="node" ref="1803044496" role="platform"/>
  <member type="node" ref="5213560782" role="platform"/>
  <member type="node" ref="7941723678" role="platform"/>
  <member type="node" ref="7941723679" role="platform"/>
  <member type="node" ref="7941723675" role="platform"/>
  <member type="node" ref="1803086997" role="platform"/>
  <member type="node" ref="1802993056" role="platform"/>
  <member type="node" ref="1803081126" role="platform"/>
  <member type="node" ref="1803093265" role="platform_exit_only"/>
  <member type="node" ref="1802985766" role="platform"/>
  <member type="node" ref="1803054417" role="platform"/>
  <member type="way" ref="917565780" role=""/>
  <member type="way" ref="88828216" role=""/>
  <member type="way" ref="823854191" role=""/>
  <member type="way" ref="927299704" role=""/>
  <member type="way" ref="1110058752" role=""/>
  <member type="way" ref="823854186" role=""/>
  <member type="way" ref="823854190" role=""/>
  <member type="way" ref="823854199" role=""/>
  <member type="way" ref="823854202" role=""/>
  <member type="way" ref="157675570" role=""/>
  <member type="way" ref="157675576" role=""/>
  <member type="way" ref="218515285" role=""/>
  <member type="way" ref="53209895" role=""/>
  <member type="way" ref="971359920" role=""/>
  <member type="way" ref="971359913" role=""/>
  <member type="way" ref="971359915" role=""/>
  <member type="way" ref="971359908" role=""/>
  <member type="way" ref="1341791475" role=""/>
  <member type="way" ref="1341791473" role=""/>
  <member type="way" ref="823854184" role=""/>
  <member type="way" ref="1341791458" role=""/>
  <member type="way" ref="823854178" role=""/>
  <member type="way" ref="73298931" role=""/>
  <member type="way" ref="1110131185" role=""/>
  <member type="way" ref="157675579" role=""/>
  <member type="way" ref="1110131184" role=""/>
  <member type="way" ref="823854185" role=""/>
  <member type="way" ref="88828233" role=""/>
  <member type="way" ref="1448473600" role=""/>
  <member type="way" ref="823854176" role=""/>
  <member type="way" ref="218574302" role=""/>
  <member type="way" ref="813797177" role=""/>
  <member type="way" ref="1253463329" role=""/>
  <member type="way" ref="813797178" role=""/>
  <member type="way" ref="1275448684" role=""/>
  <member type="way" ref="661847161" role=""/>
  <member type="way" ref="842731160" role=""/>
  <member type="way" ref="823854203" role=""/>
  <member type="way" ref="927299700" role=""/>
  <member type="way" ref="1448473600" role=""/>
  <member type="way" ref="1377476130" role=""/>
  <member type="way" ref="1341791470" role=""/>
  <member type="way" ref="218515286" role=""/>
  <member type="way" ref="218515286" role=""/>
  <member type="way" ref="88827938" role=""/>
  <member type="way" ref="927299702" role=""/>
  <member type="way" ref="275483345" role=""/>
  <member type="way" ref="88827938" role=""/>
  <member type="way" ref="927299698" role=""/>
  <member type="way" ref="1079865420" role=""/>
  <member type="way" ref="1374281292" role=""/>
  <member type="way" ref="975399372" role=""/>
  <member type="way" ref="823854172" role=""/>
  <member type="way" ref="948936170" role=""/>
  <member type="way" ref="764610364" role=""/>
  <member type="way" ref="1377476121" role=""/>
  <member type="way" ref="1264535835" role=""/>
  <member type="way" ref="1334601453" role=""/>
  <member type="way" ref="1334601455" role=""/>
  <member type="way" ref="764610361" role=""/>
  <member type="way" ref="217283278" role=""/>
  <member type="way" ref="1334601475" role=""/>
  <member type="way" ref="975649452" role=""/>
  <member type="way" ref="1275448675" role=""/>
  <member type="way" ref="975422482" role=""/>
  <member type="way" ref="1274524876" role=""/>
  <member type="way" ref="1274524876" role=""/>
  <member type="way" ref="662927875" role=""/>
  <member type="way" ref="975649459" role=""/>
  <member type="way" ref="1460578171" role=""/>
  <member type="way" ref="975399369" role=""/>
  <member type="way" ref="975649457" role=""/>
  <member type="way" ref="1274524887" role=""/>
  <member type="way" ref="823854156" role=""/>
  <member type="way" ref="184901273" role=""/>
  <member type="way" ref="184901285" role=""/>
  <member type="way" ref="1386000863" role=""/>
  <member type="way" ref="948936177" role=""/>
  <member type="way" ref="1523840263" role=""/>
  <member type="way" ref="184901281" role=""/>
  <member type="way" ref="1436452009" role=""/>
  <member type="way" ref="975399373" role=""/>
  <member type="way" ref="917809501" role=""/>
  <member type="way" ref="1334601470" role=""/>
  <member type="way" ref="1334601472" role=""/>
  <member type="way" ref="1263614656" role=""/>
  <member type="way" ref="1334601456" role=""/>
  <member type="way" ref="1377476121" role=""/>
  <member type="way" ref="764610364" role=""/>
  <member type="way" ref="948936172" role=""/>
  <member type="way" ref="1079810024" role=""/>
  <member type="way" ref="1079810026" role=""/>
  <member type="way" ref="1079810028" role=""/>
  <member type="way" ref="905550539" role=""/>
  <member type="way" ref="929384096" role=""/>
  <member type="way" ref="1436452006" role=""/>
  <member type="way" ref="948936157" role=""/>
  <member type="way" ref="1523840263" role=""/>
  <member type="way" ref="948936177" role=""/>
  <member type="way" ref="1386000864" role=""/>
  <member type="way" ref="1523840264" role=""/>
  <member type="way" ref="184901285" role=""/>
  <member type="way" ref="184901273" role=""/>
  <tag k="from" v="גבעת התחמושת"/>
  <tag k="from:en" v="Giv'at HaTahmoshet"/>
  <tag k="from:he" v="גבעת התחמושת"/>
  <tag k="network" v="ירושלים"/>
  <tag k="network:en" v="Jerusalem"/>
  <tag k="network:he" v="ירושלים"/>
  <tag k="operator" v="אקסטרה ירושלים"/>
  <tag k="operator:en" v="Extra Jerusalem"/>
  <tag k="operator:he" v="אקסטרה ירושלים"/>
  <tag k="public_transport:version" v="2"/>
  <tag k="ref" v="48"/>
  <tag k="route" v="bus"/>
  <tag k="to" v="גבעת התחמושת"/>
  <tag k="to:en" v="Giv'at HaTahmoshet"/>
  <tag k="to:he" v="גבעת התחמושת"/>
  <tag k="type" v="route"/>
  <tag k="via" v="מסוף הר הצופים"/>
  <tag k="via:en" v="Mount Scopus Terminal"/>
  <tag k="via:he" v="מסוף הר הצופים"/>
 </relation>
 <relation id="12550138" visible="true" version="45" changeset="188445124" timestamp="2026-09-02T23:17:41Z" user="Ornits" uid="24450071">
  <member type="node" ref="1803093264" role="platform_entry_only"/>
  <member type="node" ref="1803054419" role="platform"/>
  <member type="node" ref="1802985776" role="platform"/>
  <member type="node" ref="1802985781" role="platform"/>
  <member type="node" ref="1803088805" role="platform"/>
  <member type="node" ref="1802995521" role="platform"/>
  <member type="node" ref="1803068839" role="platform"/>
  <member type="node" ref="7941723673" role="platform"/>
  <member type="node" ref="7941723676" role="platform"/>
  <member type="node" ref="7941723677" role="platform"/>
  <member type="node" ref="7941723674" role="platform"/>
  <member type="node" ref="7941723678" role="platform"/>
  <member type="node" ref="7941723679" role="platform"/>
  <member type="node" ref="7941723675" role="platform"/>
  <member type="node" ref="1803086997" role="platform"/>
  <member type="node" ref="1802993056" role="platform"/>
  <member type="node" ref="1803081126" role="platform"/>
  <member type="node" ref="1803093265" role="platform_exit_only"/>
  <member type="node" ref="1802985766" role="platform"/>
  <member type="node" ref="1803054417" role="platform"/>
  <member type="way" ref="88828233" role=""/>
  <member type="way" ref="917565780" role=""/>
  <member type="way" ref="88828216" role=""/>
  <member type="way" ref="823854191" role=""/>
  <member type="way" ref="927299704" role=""/>
  <member type="way" ref="823854195" role=""/>
  <member type="way" ref="823854196" role=""/>
  <member type="way" ref="917565779" role=""/>
  <member type="way" ref="813797163" role=""/>
  <member type="way" ref="823854197" role=""/>
  <member type="way" ref="823854206" role=""/>
  <member type="way" ref="823854204" role=""/>
  <member type="way" ref="218574302" role=""/>
  <member type="way" ref="813797177" role=""/>
  <member type="way" ref="1253463329" role=""/>
  <member type="way" ref="813797178" role=""/>
  <member type="way" ref="1275448684" role=""/>
  <member type="way" ref="661847161" role=""/>
  <member type="way" ref="842731160" role=""/>
  <member type="way" ref="927299699" role=""/>
  <member type="way" ref="823854176" role=""/>
  <member type="way" ref="1448473600" role=""/>
  <member type="way" ref="1377476130" role=""/>
  <member type="way" ref="823854178" role=""/>
  <member type="way" ref="73298931" role=""/>
  <member type="way" ref="1110131185" role=""/>
  <member type="way" ref="157675579" role=""/>
  <member type="way" ref="1110131184" role=""/>
  <member type="way" ref="823854185" role=""/>
  <member type="way" ref="927299698" role=""/>
  <member type="way" ref="1079865420" role=""/>
  <member type="way" ref="1374281292" role=""/>
  <member type="way" ref="975399372" role=""/>
  <member type="way" ref="823854172" role=""/>
  <member type="way" ref="948936170" role=""/>
  <member type="way" ref="764610364" role=""/>
  <member type="way" ref="1377476121" role=""/>
  <member type="way" ref="1264535835" role=""/>
  <member type="way" ref="1334601453" role=""/>
  <member type="way" ref="1334601455" role=""/>
  <member type="way" ref="764610361" role=""/>
  <member type="way" ref="217283278" role=""/>
  <member type="way" ref="1334601475" role=""/>
  <member type="way" ref="975649452" role=""/>
  <member type="way" ref="1275448675" role=""/>
  <member type="way" ref="975422482" role=""/>
  <member type="way" ref="1274524876" role=""/>
  <member type="way" ref="1274524876" role=""/>
  <member type="way" ref="662927875" role=""/>
  <member type="way" ref="975649459" role=""/>
  <member type="way" ref="1460578171" role=""/>
  <member type="way" ref="975399369" role=""/>
  <member type="way" ref="975649457" role=""/>
  <member type="way" ref="1274524887" role=""/>
  <member type="way" ref="823854156" role=""/>
  <member type="way" ref="184901273" role=""/>
  <member type="way" ref="184901285" role=""/>
  <member type="way" ref="1386000863" role=""/>
  <member type="way" ref="948936177" role=""/>
  <member type="way" ref="1523840263" role=""/>
  <member type="way" ref="184901281" role=""/>
  <member type="way" ref="1436452009" role=""/>
  <member type="way" ref="975399373" role=""/>
  <member type="way" ref="917809501" role=""/>
  <member type="way" ref="1334601470" role=""/>
  <member type="way" ref="1334601472" role=""/>
  <member type="way" ref="1263614656" role=""/>
  <member type="way" ref="1334601456" role=""/>
  <member type="way" ref="1377476121" role=""/>
  <member type="way" ref="764610364" role=""/>
  <member type="way" ref="948936172" role=""/>
  <member type="way" ref="1079810024" role=""/>
  <member type="way" ref="1079810026" role=""/>
  <member type="way" ref="1079810028" role=""/>
  <member type="way" ref="905550539" role=""/>
  <member type="way" ref="929384096" role=""/>
  <member type="way" ref="1436452006" role=""/>
  <member type="way" ref="948936157" role=""/>
  <member type="way" ref="1523840263" role=""/>
  <member type="way" ref="948936177" role=""/>
  <member type="way" ref="1386000864" role=""/>
  <member type="way" ref="1523840264" role=""/>
  <member type="way" ref="184901285" role=""/>
  <member type="way" ref="184901273" role=""/>
  <tag k="from" v="גבעת התחמושת"/>
  <tag k="from:en" v="Giv'at HaTahmoshet"/>
  <tag k="from:he" v="גבעת התחמושת"/>
  <tag k="network" v="ירושלים"/>
  <tag k="network:en" v="Jerusalem"/>
  <tag k="network:he" v="ירושלים"/>
  <tag k="operator" v="אקסטרה ירושלים"/>
  <tag k="operator:en" v="Extra Jerusalem"/>
  <tag k="operator:he" v="אקסטרה ירושלים"/>
  <tag k="public_transport:version" v="2"/>
  <tag k="ref" v="48א"/>
  <tag k="route" v="bus"/>
  <tag k="to" v="גבעת התחמושת"/>
  <tag k="to:en" v="Giv'at HaTahmoshet"/>
  <tag k="to:he" v="גבעת התחמושת"/>
  <tag k="type" v="route"/>
  <tag k="via" v="מסוף הר הצופים"/>
  <tag k="via:en" v="Mount Scopus Terminal"/>
  <tag k="via:he" v="מסוף הר הצופים"/>
 </relation>
 <relation id="12598227" visible="true" version="92" changeset="185601524" timestamp="2026-07-12T16:44:17Z" user="ar58" uid="572423">
  <member type="node" ref="12172618120" role="platform_entry_only"/>
  <member type="node" ref="1803083429" role="platform"/>
  <member type="node" ref="1803083440" role="platform"/>
  <member type="node" ref="1803083441" role="platform"/>
  <member type="node" ref="1803035997" role="platform"/>
  <member type="node" ref="1803083428" role="platform"/>
  <member type="node" ref="1802991325" role="platform"/>
  <member type="node" ref="1803032161" role="platform"/>
  <member type="node" ref="1803032159" role="platform"/>
  <member type="node" ref="12172742604" role="platform"/>
  <member type="node" ref="1803032172" role="platform"/>
  <member type="node" ref="1803050434" role="platform"/>
  <member type="node" ref="1803088771" role="platform"/>
  <member type="node" ref="1803087601" role="platform"/>
  <member type="node" ref="1803063069" role="platform"/>
  <member type="node" ref="1803088772" role="platform"/>
  <member type="node" ref="1803088770" role="platform"/>
  <member type="node" ref="1803087324" role="platform"/>
  <member type="node" ref="1803087325" role="platform"/>
  <member type="node" ref="1803087323" role="platform"/>
  <member type="node" ref="1803049500" role="platform"/>
  <member type="node" ref="1803038168" role="platform"/>
  <member type="node" ref="12335150401" role="platform"/>
  <member type="node" ref="1803001870" role="platform"/>
  <member type="node" ref="1803076871" role="platform"/>
  <member type="node" ref="1803076862" role="platform"/>
  <member type="node" ref="1803043874" role="platform"/>
  <member type="node" ref="1803089388" role="platform"/>
  <member type="node" ref="1803089384" role="platform"/>
  <member type="node" ref="1803047654" role="platform"/>
  <member type="node" ref="1803043875" role="platform"/>
  <member type="node" ref="1803065857" role="platform"/>
  <member type="node" ref="1803064338" role="platform"/>
  <member type="node" ref="10960106253" role="platform"/>
  <member type="node" ref="1803001897" role="platform"/>
  <member type="node" ref="1803038595" role="platform"/>
  <member type="node" ref="1803087321" role="platform"/>
  <member type="node" ref="1803087326" role="platform"/>
  <member type="node" ref="1803087322" role="platform"/>
  <member type="node" ref="1803088769" role="platform"/>
  <member type="node" ref="1803087607" role="platform"/>
  <member type="node" ref="1803087586" role="platform"/>
  <member type="node" ref="1803085339" role="platform"/>
  <member type="node" ref="1803087587" role="platform"/>
  <member type="node" ref="1803086799" role="platform"/>
  <member type="node" ref="5210715298" role="platform"/>
  <member type="node" ref="1803063072" role="platform"/>
  <member type="node" ref="1803032169" role="platform"/>
  <member type="node" ref="1803032160" role="platform"/>
  <member type="node" ref="1803032171" role="platform"/>
  <member type="node" ref="1803032165" role="platform"/>
  <member type="node" ref="1803035308" role="platform"/>
  <member type="node" ref="1803031971" role="platform"/>
  <member type="node" ref="1803046421" role="platform"/>
  <member type="node" ref="1803035998" role="platform"/>
  <member type="node" ref="1803035996" role="platform"/>
  <member type="node" ref="1803035995" role="platform"/>
  <member type="node" ref="1803031968" role="platform_exit_only"/>
  <member type="way" ref="121237025" role=""/>
  <member type="way" ref="875866199" role=""/>
  <member type="way" ref="920864376" role=""/>
  <member type="way" ref="103307083" role=""/>
  <member type="way" ref="875866193" role=""/>
  <member type="way" ref="1177291358" role=""/>
  <member type="way" ref="875866194" role=""/>
  <member type="way" ref="1177291350" role=""/>
  <member type="way" ref="1177291352" role=""/>
  <member type="way" ref="588415730" role=""/>
  <member type="way" ref="1177291345" role=""/>
  <member type="way" ref="1177291343" role=""/>
  <member type="way" ref="1177291340" role=""/>
  <member type="way" ref="1338476024" role=""/>
  <member type="way" ref="920864375" role=""/>
  <member type="way" ref="1177291334" role=""/>
  <member type="way" ref="1177291335" role=""/>
  <member type="way" ref="1338476027" role=""/>
  <member type="way" ref="1098593040" role=""/>
  <member type="way" ref="1023994392" role=""/>
  <member type="way" ref="815860370" role=""/>
  <member type="way" ref="1361558368" role=""/>
  <member type="way" ref="1086456756" role=""/>
  <member type="way" ref="713633729" role=""/>
  <member type="way" ref="713634769" role=""/>
  <member type="way" ref="588415736" role=""/>
  <member type="way" ref="1245367099" role=""/>
  <member type="way" ref="1245367098" role=""/>
  <member type="way" ref="920864383" role=""/>
  <member type="way" ref="918404119" role=""/>
  <member type="way" ref="932335412" role=""/>
  <member type="way" ref="1111540852" role=""/>
  <member type="way" ref="932335419" role=""/>
  <member type="way" ref="288658727" role=""/>
  <member type="way" ref="1111553349" role=""/>
  <member type="way" ref="265607425" role=""/>
  <member type="way" ref="287278556" role=""/>
  <member type="way" ref="287278542" role=""/>
  <member type="way" ref="628531942" role=""/>
  <member type="way" ref="628531940" role=""/>
  <member type="way" ref="1245237959" role=""/>
  <member type="way" ref="104276099" role=""/>
  <member type="way" ref="926197530" role=""/>
  <member type="way" ref="104276102" role=""/>
  <member type="way" ref="739101016" role=""/>
  <member type="way" ref="739101015" role=""/>
  <member type="way" ref="739101014" role=""/>
  <member type="way" ref="926722749" role=""/>
  <member type="way" ref="41824814" role=""/>
  <member type="way" ref="823854137" role=""/>
  <member type="way" ref="823854155" role=""/>
  <member type="way" ref="975399365" role=""/>
  <member type="way" ref="932313426" role=""/>
  <member type="way" ref="1248957417" role=""/>
  <member type="way" ref="334278018" role=""/>
  <member type="way" ref="1523840249" role=""/>
  <member type="way" ref="691637539" role=""/>
  <member type="way" ref="1313810447" role=""/>
  <member type="way" ref="1313810445" role=""/>
  <member type="way" ref="933196690" role=""/>
  <member type="way" ref="1523840257" role=""/>
  <member type="way" ref="1169700979" role=""/>
  <member type="way" ref="1496767937" role=""/>
  <member type="way" ref="1334868293" role=""/>
  <member type="way" ref="1530653962" role=""/>
  <member type="way" ref="1537732418" role=""/>
  <member type="way" ref="1523840242" role=""/>
  <member type="way" ref="1123083461" role=""/>
  <member type="way" ref="269173135" role=""/>
  <member type="way" ref="273011363" role=""/>
  <member type="way" ref="773806277" role=""/>
  <member type="way" ref="773806275" role=""/>
  <member type="way" ref="134936374" role=""/>
  <member type="way" ref="230894189" role=""/>
  <member type="way" ref="313735813" role=""/>
  <member type="way" ref="773806288" role=""/>
  <member type="way" ref="773806287" role=""/>
  <member type="way" ref="773806291" role=""/>
  <member type="way" ref="1498018600" role=""/>
  <member type="way" ref="1190032817" role=""/>
  <member type="way" ref="230894181" role=""/>
  <member type="way" ref="1188718141" role=""/>
  <member type="way" ref="159082732" role=""/>
  <member type="way" ref="4710057" role=""/>
  <member type="way" ref="1188718138" role=""/>
  <member type="way" ref="773806272" role=""/>
  <member type="way" ref="917393853" role=""/>
  <member type="way" ref="236433070" role=""/>
  <member type="way" ref="1491923268" role=""/>
  <member type="way" ref="230894189" role=""/>
  <member type="way" ref="134936374" role=""/>
  <member type="way" ref="773806275" role=""/>
  <member type="way" ref="773806277" role=""/>
  <member type="way" ref="773806279" role=""/>
  <member type="way" ref="773806280" role=""/>
  <member type="way" ref="773806282" role=""/>
  <member type="way" ref="270468664" role=""/>
  <member type="way" ref="1123083461" role=""/>
  <member type="way" ref="1530653961" role=""/>
  <member type="way" ref="1123083454" role=""/>
  <member type="way" ref="1530653963" role=""/>
  <member type="way" ref="1496767938" role=""/>
  <member type="way" ref="1334868303" role=""/>
  <member type="way" ref="1182492203" role=""/>
  <member type="way" ref="1182492202" role=""/>
  <member type="way" ref="1248957415" role=""/>
  <member type="way" ref="1523840256" role=""/>
  <member type="way" ref="217283288" role=""/>
  <member type="way" ref="1197741713" role=""/>
  <member type="way" ref="1248957416" role=""/>
  <member type="way" ref="661716344" role=""/>
  <member type="way" ref="231130791" role=""/>
  <member type="way" ref="1386000890" role=""/>
  <member type="way" ref="912434716" role=""/>
  <member type="way" ref="823854152" role=""/>
  <member type="way" ref="823854145" role=""/>
  <member type="way" ref="926722717" role=""/>
  <member type="way" ref="739101012" role=""/>
  <member type="way" ref="739101013" role=""/>
  <member type="way" ref="291378572" role=""/>
  <member type="way" ref="41901559" role=""/>
  <member type="way" ref="926197522" role=""/>
  <member type="way" ref="104276103" role=""/>
  <member type="way" ref="104276111" role=""/>
  <member type="way" ref="1245237956" role=""/>
  <member type="way" ref="628531938" role=""/>
  <member type="way" ref="918404113" role=""/>
  <member type="way" ref="628531941" role=""/>
  <member type="way" ref="287278564" role=""/>
  <member type="way" ref="287278551" role=""/>
  <member type="way" ref="920864372" role=""/>
  <member type="way" ref="265607424" role=""/>
  <member type="way" ref="121202019" role=""/>
  <member type="way" ref="918404121" role=""/>
  <member type="way" ref="1245367097" role=""/>
  <member type="way" ref="1245367096" role=""/>
  <member type="way" ref="288606086" role=""/>
  <member type="way" ref="588415738" role=""/>
  <member type="way" ref="588415741" role=""/>
  <member type="way" ref="571425467" role=""/>
  <member type="way" ref="713633730" role=""/>
  <member type="way" ref="1064022901" role=""/>
  <member type="way" ref="1361558371" role=""/>
  <member type="way" ref="1245402005" role=""/>
  <member type="way" ref="815860372" role=""/>
  <member type="way" ref="1023994395" role=""/>
  <member type="way" ref="1245402000" role=""/>
  <member type="way" ref="1023994394" role=""/>
  <member type="way" ref="1339093681" role=""/>
  <member type="way" ref="1098593038" role=""/>
  <member type="way" ref="1177291335" role=""/>
  <member type="way" ref="1177291336" role=""/>
  <member type="way" ref="1338476025" role=""/>
  <member type="way" ref="1177291344" role=""/>
  <member type="way" ref="815860375" role=""/>
  <member type="way" ref="1177291342" role=""/>
  <member type="way" ref="1177291338" role=""/>
  <member type="way" ref="1177291347" role=""/>
  <member type="way" ref="1177291348" role=""/>
  <member type="way" ref="1177291354" role=""/>
  <member type="way" ref="1177291351" role=""/>
  <member type="way" ref="875866192" role=""/>
  <member type="way" ref="875866198" role=""/>
  <member type="way" ref="1177291356" role=""/>
  <member type="way" ref="103307083" role=""/>
  <member type="way" ref="920864376" role=""/>
  <member type="way" ref="875866199" role=""/>
  <member type="way" ref="121237025" role=""/>
  <member type="way" ref="1216354112" role=""/>
  <member type="way" ref="1216354117" role=""/>
  <member type="way" ref="1216354115" role=""/>
  <tag k="from" v="נווה יעקב מזרח"/>
  <tag k="from:en" v="Neve Ya'akov East"/>
  <tag k="from:he" v="נווה יעקב מזרח"/>
  <tag k="gtfs:feed" v="IL-MOT"/>
  <tag k="gtfs:route_id" v="28214"/>
  <tag k="gtfs:shape_id" v="152675"/>
  <tag k="name" v="ירושלים 59: נווה יעקב מזרח =&gt; שטראוס =&gt; נווה יעקב מזרח"/>
  <tag k="name:en" v="Jerusalem 59: Neve Ya'akov East =&gt; Strauss =&gt; Neve Ya'akov East"/>
  <tag k="name:he" v="ירושלים 59: נווה יעקב מזרח =&gt; שטראוס =&gt; נווה יעקב מזרח"/>
  <tag k="network" v="ירושלים"/>
  <tag k="network:en" v="Jerusalem"/>
  <tag k="network:he" v="ירושלים"/>
  <tag k="operator" v="אקסטרה ירושלים"/>
  <tag k="operator:en" v="Extra Jerusalem"/>
  <tag k="operator:he" v="אקסטרה ירושלים"/>
  <tag k="public_transport:version" v="2"/>
  <tag k="ref" v="59"/>
  <tag k="roundtrip" v="yes"/>
  <tag k="route" v="bus"/>
  <tag k="to" v="נווה יעקב מזרח"/>
  <tag k="to:en" v="Neve Ya'akov East"/>
  <tag k="to:he" v="נווה יעקב מזרח"/>
  <tag k="type" v="route"/>
  <tag k="via" v="שטראוס"/>
  <tag k="via:en" v="Strauss"/>
  <tag k="via:he" v="שטראוס"/>
  <tag k="website" v="https://extrapt.co.il/"/>
 </relation>
 <relation id="12632548" visible="true" version="25" changeset="183277598" timestamp="2026-05-27T22:20:18Z" user="ar58" uid="572423">
  <member type="node" ref="1803093264" role="platform_entry_only"/>
  <member type="node" ref="1803054419" role="platform"/>
  <member type="node" ref="1803044496" role="platform"/>
  <member type="node" ref="5487893096" role="platform"/>
  <member type="node" ref="5322574771" role="platform"/>
  <member type="node" ref="5322574772" role="platform"/>
  <member type="node" ref="1803022513" role="platform"/>
  <member type="node" ref="1803093265" role="platform_exit_only"/>
  <member type="way" ref="1275734292" role=""/>
  <member type="way" ref="1275734292" role=""/>
  <member type="way" ref="26569598" role=""/>
  <member type="way" ref="498794610" role=""/>
  <member type="way" ref="1275734290" role=""/>
  <member type="way" ref="26569598" role=""/>
  <member type="way" ref="1079865420" role=""/>
  <member type="way" ref="823854156" role=""/>
  <member type="way" ref="823854156" role=""/>
  <member type="way" ref="184901273" role=""/>
  <member type="way" ref="184901285" role=""/>
  <member type="way" ref="1386000863" role=""/>
  <member type="way" ref="948936177" role=""/>
  <member type="way" ref="1523840263" role=""/>
  <member type="way" ref="184901281" role=""/>
  <member type="way" ref="1436452009" role=""/>
  <member type="way" ref="975399373" role=""/>
  <member type="way" ref="1374281292" role=""/>
  <member type="way" ref="975399372" role=""/>
  <member type="way" ref="823854172" role=""/>
  <member type="way" ref="948936170" role=""/>
  <member type="way" ref="764610364" role=""/>
  <member type="way" ref="1377476121" role=""/>
  <member type="way" ref="1264535835" role=""/>
  <member type="way" ref="1334601453" role=""/>
  <member type="way" ref="1334601455" role=""/>
  <member type="way" ref="764610361" role=""/>
  <member type="way" ref="1334601473" role=""/>
  <member type="way" ref="1334601480" role=""/>
  <member type="way" ref="1334601468" role=""/>
  <member type="way" ref="1334601461" role=""/>
  <member type="way" ref="217283279" role=""/>
  <member type="way" ref="971359920" role=""/>
  <member type="way" ref="53209895" role=""/>
  <member type="way" ref="551663463" role=""/>
  <member type="way" ref="157675570" role=""/>
  <member type="way" ref="218515284" role=""/>
  <member type="way" ref="823854201" role=""/>
  <member type="way" ref="823854187" role=""/>
  <member type="way" ref="41844324" role=""/>
  <member type="way" ref="41844324" role=""/>
  <member type="way" ref="823854187" role=""/>
  <member type="way" ref="823854188" role=""/>
  <member type="way" ref="45822270" role=""/>
  <member type="way" ref="823854200" role=""/>
  <member type="way" ref="551663462" role=""/>
  <member type="way" ref="34245360" role=""/>
  <member type="way" ref="1334601464" role=""/>
  <member type="way" ref="971359914" role=""/>
  <member type="way" ref="917809502" role=""/>
  <member type="way" ref="1334601462" role=""/>
  <member type="way" ref="1334601463" role=""/>
  <member type="way" ref="1334601474" role=""/>
  <member type="way" ref="1334601469" role=""/>
  <member type="way" ref="104311393" role=""/>
  <member type="way" ref="104311391" role=""/>
  <member type="way" ref="975399367" role=""/>
  <member type="way" ref="823854141" role=""/>
  <member type="way" ref="823854149" role=""/>
  <member type="way" ref="823854142" role=""/>
  <member type="way" ref="975399360" role=""/>
  <member type="way" ref="1386672394" role=""/>
  <member type="way" ref="184901271" role=""/>
  <member type="way" ref="927299698" role=""/>
  <tag k="from" v="גבעת התחמושת"/>
  <tag k="from:en" v="Giv'at HaTahmoshet"/>
  <tag k="from:he" v="גבעת התחמושת"/>
  <tag k="network" v="ירושלים"/>
  <tag k="network:en" v="Jerusalem"/>
  <tag k="network:he" v="ירושלים"/>
  <tag k="operator" v="אקסטרה ירושלים"/>
  <tag k="operator:en" v="Extra Jerusalem"/>
  <tag k="operator:he" v="אקסטרה ירושלים"/>
  <tag k="public_transport:version" v="2"/>
  <tag k="ref" v="84"/>
  <tag k="roundtrip" v="yes"/>
  <tag k="route" v="bus"/>
  <tag k="to" v="גבעת התחמושת"/>
  <tag k="to:en" v="Giv'at HaTahmoshet"/>
  <tag k="to:he" v="גבעת התחמושת"/>
  <tag k="type" v="route"/>
  <tag k="via" v="מצפה הר הזיתים"/>
  <tag k="via:en" v="Mount of Olives Lookout"/>
  <tag k="via:he" v="מצפה הר הזיתים"/>
 </relation>
 <relation id="14368865" visible="true" version="1" changeset="123814897" timestamp="2022-07-19T16:08:11Z" user="ar58" uid="572423">
  <member type="way" ref="184901273" role="from"/>
  <member type="node" ref="1954730122" role="via"/>
  <member type="way" ref="184901273" role="to"/>
  <tag k="restriction" v="no_u_turn"/>
  <tag k="type" v="restriction"/>
 </relation>
 <relation id="14368866" visible="true" version="1" changeset="123814897" timestamp="2022-07-19T16:08:11Z" user="ar58" uid="572423">
  <member type="way" ref="184901285" role="from"/>
  <member type="node" ref="1954729940" role="via"/>
  <member type="way" ref="184901285" role="to"/>
  <tag k="restriction" v="no_u_turn"/>
  <tag k="type" v="restriction"/>
 </relation>
 <relation id="14630162" visible="true" version="16" changeset="187713323" timestamp="2026-08-19T21:16:54Z" user="ar58" uid="572423">
  <member type="way" ref="1069603290" role=""/>
  <member type="way" ref="1076379215" role=""/>
  <member type="way" ref="1076379212" role=""/>
  <member type="way" ref="1333350177" role=""/>
  <member type="way" ref="1390920653" role=""/>
  <member type="way" ref="1523840266" role=""/>
  <member type="way" ref="1018582992" role=""/>
  <member type="way" ref="663206211" role=""/>
  <member type="way" ref="395264042" role=""/>
  <member type="way" ref="1069603287" role=""/>
  <member type="way" ref="1073411307" role=""/>
  <member type="way" ref="1073411308" role=""/>
  <member type="way" ref="1333350164" role=""/>
  <member type="way" ref="1069603291" role=""/>
  <member type="way" ref="1076379213" role=""/>
  <member type="way" ref="1076379216" role=""/>
  <member type="way" ref="1333350178" role=""/>
  <member type="way" ref="1390920652" role=""/>
  <member type="way" ref="1523840265" role=""/>
  <member type="way" ref="661716345" role=""/>
  <member type="way" ref="663206201" role=""/>
  <member type="way" ref="663206207" role=""/>
  <member type="way" ref="1073411310" role=""/>
  <member type="way" ref="1388665068" role=""/>
  <member type="way" ref="1388665070" role=""/>
  <member type="way" ref="1388665084" role=""/>
  <member type="way" ref="1073411312" role=""/>
  <member type="way" ref="1328677137" role=""/>
  <member type="way" ref="1333350163" role=""/>
  <member type="way" ref="742643577" role=""/>
  <member type="way" ref="1003263759" role=""/>
  <member type="way" ref="1066226896" role=""/>
  <member type="way" ref="1066226894" role=""/>
  <member type="way" ref="863567553" role=""/>
  <member type="way" ref="1066226898" role=""/>
  <member type="way" ref="1066226900" role=""/>
  <member type="way" ref="863567555" role=""/>
  <member type="way" ref="1550918358" role=""/>
  <member type="way" ref="1190464723" role=""/>
  <member type="way" ref="1388665067" role=""/>
  <member type="way" ref="1388665069" role=""/>
  <member type="way" ref="1388665085" role=""/>
  <member type="way" ref="1073411311" role=""/>
  <member type="way" ref="1328677136" role=""/>
  <member type="way" ref="1333350162" role=""/>
  <member type="way" ref="1003263758" role=""/>
  <member type="way" ref="863567554" role=""/>
  <member type="way" ref="1066226897" role=""/>
  <member type="way" ref="1066226895" role=""/>
  <member type="way" ref="863567556" role=""/>
  <member type="way" ref="1066226899" role=""/>
  <member type="way" ref="1066226901" role=""/>
  <member type="way" ref="863567558" role=""/>
  <member type="way" ref="1550918357" role=""/>
  <member type="way" ref="1333350165" role=""/>
  <tag k="colour" v="aqua"/>
  <tag k="construction" v="light_rail"/>
  <tag k="name" v="הקו התכלת"/>
  <tag k="name:en" v="Light Blue Line"/>
  <tag k="name:he" v="הקו התכלת"/>
  <tag k="ref" v="L7"/>
  <tag k="route" v="construction"/>
  <tag k="type" v="route"/>
 </relation>
 <relation id="14630278" visible="true" version="18" changeset="188981092" timestamp="2026-09-13T20:41:48Z" user="ar58" uid="572423">
  <member type="way" ref="749179113" role=""/>
  <member type="way" ref="1415969463" role=""/>
  <member type="way" ref="749183282" role=""/>
  <member type="way" ref="749183284" role=""/>
  <member type="way" ref="749179109" role=""/>
  <member type="way" ref="981134837" role=""/>
  <member type="way" ref="1333350168" role=""/>
  <member type="way" ref="1333350162" role=""/>
  <member type="way" ref="1388665086" role=""/>
  <member type="way" ref="1388665065" role=""/>
  <member type="way" ref="843833400" role=""/>
  <member type="way" ref="749179112" role=""/>
  <member type="way" ref="1415969462" role=""/>
  <member type="way" ref="749183283" role=""/>
  <member type="way" ref="749183285" role=""/>
  <member type="way" ref="749180808" role=""/>
  <member type="way" ref="981134838" role=""/>
  <member type="way" ref="1333350161" role=""/>
  <member type="way" ref="1333350163" role=""/>
  <member type="way" ref="1388665087" role=""/>
  <member type="way" ref="1388665064" role=""/>
  <member type="way" ref="742643581" role=""/>
  <member type="way" ref="742643584" role=""/>
  <member type="way" ref="742643586" role=""/>
  <member type="way" ref="742643585" role=""/>
  <member type="way" ref="742643587" role=""/>
  <member type="way" ref="1333350175" role=""/>
  <member type="way" ref="1390920646" role=""/>
  <member type="way" ref="1390920647" role=""/>
  <member type="way" ref="1333350176" role=""/>
  <member type="way" ref="663206254" role=""/>
  <member type="way" ref="1333350178" role=""/>
  <member type="way" ref="1390920652" role=""/>
  <member type="way" ref="661847163" role=""/>
  <member type="way" ref="1333350177" role=""/>
  <member type="way" ref="1390920653" role=""/>
  <member type="way" ref="1523840266" role=""/>
  <member type="way" ref="1018582992" role=""/>
  <member type="way" ref="1523840265" role=""/>
  <member type="way" ref="661716345" role=""/>
  <member type="way" ref="663206201" role=""/>
  <member type="way" ref="663206211" role=""/>
  <member type="way" ref="395264042" role=""/>
  <member type="way" ref="663206207" role=""/>
  <tag k="colour" v="green"/>
  <tag k="construction" v="light_rail"/>
  <tag k="name" v="הקו הירוק"/>
  <tag k="name:en" v="Green line"/>
  <tag k="name:he" v="קו הירוק"/>
  <tag k="ref" v="L4"/>
  <tag k="route" v="construction"/>
  <tag k="type" v="route"/>
 </relation>
 <relation id="14630293" visible="true" version="17" changeset="187713323" timestamp="2026-08-19T21:16:54Z" user="ar58" uid="572423">
  <member type="way" ref="319360619" role=""/>
  <member type="way" ref="677608741" role=""/>
  <member type="way" ref="677608751" role=""/>
  <member type="way" ref="287260781" role=""/>
  <member type="way" ref="285718937" role=""/>
  <member type="way" ref="1426106080" role=""/>
  <member type="way" ref="1386000874" role=""/>
  <member type="way" ref="1333350177" role=""/>
  <member type="way" ref="661847163" role=""/>
  <member type="way" ref="1390920647" role=""/>
  <member type="way" ref="663206247" role=""/>
  <member type="way" ref="1248944784" role=""/>
  <member type="way" ref="1098466461" role=""/>
  <member type="way" ref="1248944788" role=""/>
  <member type="way" ref="1004731467" role=""/>
  <member type="way" ref="340955250" role=""/>
  <member type="way" ref="677608754" role=""/>
  <member type="way" ref="288201917" role=""/>
  <member type="way" ref="185168511" role=""/>
  <member type="way" ref="292746081" role=""/>
  <member type="way" ref="1079810038" role=""/>
  <member type="way" ref="1333350178" role=""/>
  <member type="way" ref="663206254" role=""/>
  <member type="way" ref="1390920646" role=""/>
  <member type="way" ref="663206243" role=""/>
  <member type="way" ref="1248944785" role=""/>
  <member type="way" ref="378935561" role=""/>
  <member type="way" ref="1248944793" role=""/>
  <member type="way" ref="1004731468" role=""/>
  <tag k="colour" v="lime"/>
  <tag k="construction" v="light_rail"/>
  <tag k="name" v="הקו הירוק הבהיר"/>
  <tag k="name:en" v="Light Green Line"/>
  <tag k="name:he" v="הקו הירוק הבהיר"/>
  <tag k="ref" v="L5"/>
  <tag k="route" v="construction"/>
  <tag k="type" v="route"/>
 </relation>
 <relation id="15703198" visible="true" version="2" changeset="166178903" timestamp="2025-05-13T01:25:18Z" user="ar58" uid="572423">
  <member type="way" ref="1386000865" role="from"/>
  <member type="node" ref="2844135377" role="via"/>
  <member type="way" ref="1386000865" role="to"/>
  <tag k="restriction" v="no_u_turn"/>
  <tag k="type" v="restriction"/>
 </relation>
 <relation id="15703204" visible="true" version="2" changeset="147314250" timestamp="2024-02-11T02:56:31Z" user="ar58" uid="572423">
  <member type="way" ref="1161076601" role="from"/>
  <member type="node" ref="10799229238" role="via"/>
  <member type="way" ref="1161076611" role="to"/>
  <tag k="restriction" v="no_left_turn"/>
  <tag k="type" v="restriction"/>
 </relation>
 <relation id="15703206" visible="true" version="2" changeset="147314250" timestamp="2024-02-11T02:56:31Z" user="ar58" uid="572423">
  <member type="way" ref="1161076611" role="from"/>
  <member type="node" ref="10799229238" role="via"/>
  <member type="way" ref="1161076611" role="to"/>
  <tag k="restriction" v="no_u_turn"/>
  <tag k="type" v="restriction"/>
 </relation>
 <relation id="15703874" visible="true" version="49" changeset="187713654" timestamp="2026-08-19T21:25:44Z" user="Car162" uid="12223802">
  <member type="node" ref="1803048272" role="platform_entry_only"/>
  <member type="node" ref="1803048264" role="platform"/>
  <member type="node" ref="1803048268" role="platform"/>
  <member type="node" ref="1803063139" role="platform"/>
  <member type="node" ref="1803003490" role="platform"/>
  <member type="node" ref="1803003483" role="platform"/>
  <member type="node" ref="1803003482" role="platform"/>
  <member type="node" ref="12172766908" role="platform"/>
  <member type="node" ref="12172704814" role="platform"/>
  <member type="node" ref="10960143005" role="platform"/>
  <member type="node" ref="1803004931" role="platform"/>
  <member type="node" ref="1803046252" role="platform"/>
  <member type="node" ref="10960106253" role="platform"/>
  <member type="node" ref="1803001897" role="platform"/>
  <member type="node" ref="1803038595" role="platform"/>
  <member type="node" ref="1803087321" role="platform"/>
  <member type="node" ref="1803087326" role="platform"/>
  <member type="node" ref="1803087322" role="platform"/>
  <member type="node" ref="1803088769" role="platform"/>
  <member type="node" ref="1803087607" role="platform"/>
  <member type="node" ref="1803087586" role="platform"/>
  <member type="node" ref="1803085339" role="platform"/>
  <member type="node" ref="1803087587" role="platform"/>
  <member type="node" ref="1803086799" role="platform"/>
  <member type="node" ref="5210715298" role="platform"/>
  <member type="node" ref="1803063072" role="platform"/>
  <member type="node" ref="1803032169" role="platform"/>
  <member type="node" ref="1803032160" role="platform"/>
  <member type="node" ref="1803032171" role="platform"/>
  <member type="node" ref="1803032165" role="platform"/>
  <member type="node" ref="1803035308" role="platform"/>
  <member type="node" ref="1803031971" role="platform"/>
  <member type="node" ref="1803046421" role="platform"/>
  <member type="node" ref="1803035998" role="platform"/>
  <member type="node" ref="1803035996" role="platform"/>
  <member type="node" ref="1803035995" role="platform"/>
  <member type="node" ref="1803031968" role="platform_exit_only"/>
  <member type="way" ref="1161086481" role=""/>
  <member type="way" ref="1177222251" role=""/>
  <member type="way" ref="1451137457" role=""/>
  <member type="way" ref="495954690" role=""/>
  <member type="way" ref="1432515324" role=""/>
  <member type="way" ref="1530388287" role=""/>
  <member type="way" ref="823484595" role=""/>
  <member type="way" ref="1432515325" role=""/>
  <member type="way" ref="1550377837" role=""/>
  <member type="way" ref="1338728417" role=""/>
  <member type="way" ref="971350137" role=""/>
  <member type="way" ref="971350115" role=""/>
  <member type="way" ref="162756395" role=""/>
  <member type="way" ref="953939248" role=""/>
  <member type="way" ref="217134948" role=""/>
  <member type="way" ref="704865308" role=""/>
  <member type="way" ref="953939257" role=""/>
  <member type="way" ref="704865307" role=""/>
  <member type="way" ref="217116101" role=""/>
  <member type="way" ref="706129053" role=""/>
  <member type="way" ref="706129048" role=""/>
  <member type="way" ref="706129042" role=""/>
  <member type="way" ref="706129047" role=""/>
  <member type="way" ref="706129056" role=""/>
  <member type="way" ref="962315877" role=""/>
  <member type="way" ref="767135695" role=""/>
  <member type="way" ref="996947800" role=""/>
  <member type="way" ref="767135697" role=""/>
  <member type="way" ref="829339137" role=""/>
  <member type="way" ref="1022335459" role=""/>
  <member type="way" ref="996947794" role=""/>
  <member type="way" ref="1022335462" role=""/>
  <member type="way" ref="996947790" role=""/>
  <member type="way" ref="1022335466" role=""/>
  <member type="way" ref="1249681913" role=""/>
  <member type="way" ref="1249681911" role=""/>
  <member type="way" ref="1249681912" role=""/>
  <member type="way" ref="1507589723" role=""/>
  <member type="way" ref="962315881" role=""/>
  <member type="way" ref="1550182504" role=""/>
  <member type="way" ref="1018848293" role=""/>
  <member type="way" ref="1248944798" role=""/>
  <member type="way" ref="767135721" role=""/>
  <member type="way" ref="1415010954" role=""/>
  <member type="way" ref="1530653961" role=""/>
  <member type="way" ref="1123083454" role=""/>
  <member type="way" ref="1530653963" role=""/>
  <member type="way" ref="1496767938" role=""/>
  <member type="way" ref="1334868303" role=""/>
  <member type="way" ref="1182492203" role=""/>
  <member type="way" ref="1182492202" role=""/>
  <member type="way" ref="1248957415" role=""/>
  <member type="way" ref="1523840256" role=""/>
  <member type="way" ref="217283288" role=""/>
  <member type="way" ref="1197741713" role=""/>
  <member type="way" ref="1248957416" role=""/>
  <member type="way" ref="661716344" role=""/>
  <member type="way" ref="231130791" role=""/>
  <member type="way" ref="1386000890" role=""/>
  <member type="way" ref="912434716" role=""/>
  <member type="way" ref="823854152" role=""/>
  <member type="way" ref="823854145" role=""/>
  <member type="way" ref="926722717" role=""/>
  <member type="way" ref="739101012" role=""/>
  <member type="way" ref="739101013" role=""/>
  <member type="way" ref="291378572" role=""/>
  <member type="way" ref="41901559" role=""/>
  <member type="way" ref="926197522" role=""/>
  <member type="way" ref="104276103" role=""/>
  <member type="way" ref="104276111" role=""/>
  <member type="way" ref="1245237956" role=""/>
  <member type="way" ref="628531938" role=""/>
  <member type="way" ref="918404113" role=""/>
  <member type="way" ref="628531941" role=""/>
  <member type="way" ref="287278564" role=""/>
  <member type="way" ref="287278551" role=""/>
  <member type="way" ref="920864372" role=""/>
  <member type="way" ref="265607424" role=""/>
  <member type="way" ref="121202019" role=""/>
  <member type="way" ref="918404121" role=""/>
  <member type="way" ref="1245367097" role=""/>
  <member type="way" ref="1245367096" role=""/>
  <member type="way" ref="288606086" role=""/>
  <member type="way" ref="588415738" role=""/>
  <member type="way" ref="588415741" role=""/>
  <member type="way" ref="571425467" role=""/>
  <member type="way" ref="713633730" role=""/>
  <member type="way" ref="1064022901" role=""/>
  <member type="way" ref="1361558371" role=""/>
  <member type="way" ref="1245402005" role=""/>
  <member type="way" ref="815860372" role=""/>
  <member type="way" ref="1023994395" role=""/>
  <member type="way" ref="1245402000" role=""/>
  <member type="way" ref="1023994394" role=""/>
  <member type="way" ref="1339093681" role=""/>
  <member type="way" ref="1098593038" role=""/>
  <member type="way" ref="1177291335" role=""/>
  <member type="way" ref="1177291336" role=""/>
  <member type="way" ref="1338476025" role=""/>
  <member type="way" ref="1177291344" role=""/>
  <member type="way" ref="815860375" role=""/>
  <member type="way" ref="1177291342" role=""/>
  <member type="way" ref="1177291338" role=""/>
  <member type="way" ref="1177291347" role=""/>
  <member type="way" ref="1177291348" role=""/>
  <member type="way" ref="1177291354" role=""/>
  <member type="way" ref="1177291351" role=""/>
  <member type="way" ref="875866192" role=""/>
  <member type="way" ref="875866198" role=""/>
  <member type="way" ref="1177291356" role=""/>
  <member type="way" ref="103307083" role=""/>
  <member type="way" ref="920864376" role=""/>
  <member type="way" ref="875866199" role=""/>
  <member type="way" ref="121237025" role=""/>
  <member type="way" ref="1216354112" role=""/>
  <member type="way" ref="1216354117" role=""/>
  <member type="way" ref="1216354115" role=""/>
  <tag k="from" v="גבעת שאול"/>
  <tag k="from:en" v="Giv'at Sha'ul"/>
  <tag k="from:he" v="גבעת שאול"/>
  <tag k="gtfs:feed" v="IL-MOT"/>
  <tag k="gtfs:route_id" v="10213"/>
  <tag k="gtfs:shape_id" v="133738"/>
  <tag k="name" v="ירושלים 69: גבעת שאול =&gt; נווה יעקב מזרח"/>
  <tag k="name:en" v="Jerusalem 69: Giv'at Sha'ul =&gt; Neve Ya'akov East"/>
  <tag k="name:he" v="ירושלים 69: גבעת שאול =&gt; נווה יעקב מזרח"/>
  <tag k="network" v="ירושלים"/>
  <tag k="network:en" v="Jerusalem"/>
  <tag k="network:he" v="ירושלים"/>
  <tag k="operator" v="אקסטרה ירושלים"/>
  <tag k="operator:en" v="Extra Jerusalem"/>
  <tag k="operator:he" v="אקסטרה ירושלים"/>
  <tag k="public_transport:version" v="2"/>
  <tag k="ref" v="69"/>
  <tag k="route" v="bus"/>
  <tag k="to" v="נווה יעקב מזרח"/>
  <tag k="to:en" v="Neve Ya'akov East"/>
  <tag k="to:he" v="נווה יעקב מזרח"/>
  <tag k="type" v="route"/>
  <tag k="website" v="https://extrapt.co.il/"/>
 </relation>
 <relation id="15703875" visible="true" version="49" changeset="187597885" timestamp="2026-08-17T16:28:00Z" user="ar58" uid="572423">
  <member type="node" ref="12172618120" role="platform_entry_only"/>
  <member type="node" ref="1803083429" role="platform"/>
  <member type="node" ref="1803083440" role="platform"/>
  <member type="node" ref="1803083441" role="platform"/>
  <member type="node" ref="1803035997" role="platform"/>
  <member type="node" ref="1803083428" role="platform"/>
  <member type="node" ref="1802991325" role="platform"/>
  <member type="node" ref="1803032161" role="platform"/>
  <member type="node" ref="1803032159" role="platform"/>
  <member type="node" ref="12172742604" role="platform"/>
  <member type="node" ref="1803032172" role="platform"/>
  <member type="node" ref="1803050434" role="platform"/>
  <member type="node" ref="1803088771" role="platform"/>
  <member type="node" ref="1803087601" role="platform"/>
  <member type="node" ref="1803063069" role="platform"/>
  <member type="node" ref="1803088772" role="platform"/>
  <member type="node" ref="1803088770" role="platform"/>
  <member type="node" ref="1803087324" role="platform"/>
  <member type="node" ref="1803087325" role="platform"/>
  <member type="node" ref="1803087323" role="platform"/>
  <member type="node" ref="1803049500" role="platform"/>
  <member type="node" ref="1803038168" role="platform"/>
  <member type="node" ref="12335150401" role="platform"/>
  <member type="node" ref="1803001870" role="platform"/>
  <member type="node" ref="1803046222" role="platform"/>
  <member type="node" ref="1803046224" role="platform"/>
  <member type="node" ref="1803046245" role="platform"/>
  <member type="node" ref="12172745018" role="platform"/>
  <member type="node" ref="12172704816" role="platform"/>
  <member type="node" ref="7941723660" role="platform"/>
  <member type="node" ref="1803003488" role="platform"/>
  <member type="node" ref="1803063138" role="platform"/>
  <member type="node" ref="1803063129" role="platform"/>
  <member type="node" ref="1803048265" role="platform"/>
  <member type="node" ref="1803048249" role="platform"/>
  <member type="node" ref="12172704821" role="platform_exit_only"/>
  <member type="way" ref="121237025" role=""/>
  <member type="way" ref="875866199" role=""/>
  <member type="way" ref="920864376" role=""/>
  <member type="way" ref="103307083" role=""/>
  <member type="way" ref="875866193" role=""/>
  <member type="way" ref="1177291358" role=""/>
  <member type="way" ref="875866194" role=""/>
  <member type="way" ref="1177291350" role=""/>
  <member type="way" ref="1177291352" role=""/>
  <member type="way" ref="588415730" role=""/>
  <member type="way" ref="1177291345" role=""/>
  <member type="way" ref="1177291343" role=""/>
  <member type="way" ref="1177291340" role=""/>
  <member type="way" ref="1338476024" role=""/>
  <member type="way" ref="920864375" role=""/>
  <member type="way" ref="1177291334" role=""/>
  <member type="way" ref="1177291335" role=""/>
  <member type="way" ref="1338476027" role=""/>
  <member type="way" ref="1098593040" role=""/>
  <member type="way" ref="1023994392" role=""/>
  <member type="way" ref="815860370" role=""/>
  <member type="way" ref="1361558368" role=""/>
  <member type="way" ref="1086456756" role=""/>
  <member type="way" ref="713633729" role=""/>
  <member type="way" ref="713634769" role=""/>
  <member type="way" ref="588415736" role=""/>
  <member type="way" ref="1245367099" role=""/>
  <member type="way" ref="1245367098" role=""/>
  <member type="way" ref="920864383" role=""/>
  <member type="way" ref="918404119" role=""/>
  <member type="way" ref="932335412" role=""/>
  <member type="way" ref="1111540852" role=""/>
  <member type="way" ref="932335419" role=""/>
  <member type="way" ref="288658727" role=""/>
  <member type="way" ref="1111553349" role=""/>
  <member type="way" ref="265607425" role=""/>
  <member type="way" ref="287278556" role=""/>
  <member type="way" ref="287278542" role=""/>
  <member type="way" ref="628531942" role=""/>
  <member type="way" ref="628531940" role=""/>
  <member type="way" ref="1245237959" role=""/>
  <member type="way" ref="104276099" role=""/>
  <member type="way" ref="926197530" role=""/>
  <member type="way" ref="104276102" role=""/>
  <member type="way" ref="739101016" role=""/>
  <member type="way" ref="739101015" role=""/>
  <member type="way" ref="739101014" role=""/>
  <member type="way" ref="926722749" role=""/>
  <member type="way" ref="41824814" role=""/>
  <member type="way" ref="823854137" role=""/>
  <member type="way" ref="823854155" role=""/>
  <member type="way" ref="975399365" role=""/>
  <member type="way" ref="932313426" role=""/>
  <member type="way" ref="1248957417" role=""/>
  <member type="way" ref="334278018" role=""/>
  <member type="way" ref="1523840249" role=""/>
  <member type="way" ref="691637539" role=""/>
  <member type="way" ref="1313810447" role=""/>
  <member type="way" ref="1313810445" role=""/>
  <member type="way" ref="933196690" role=""/>
  <member type="way" ref="1523840257" role=""/>
  <member type="way" ref="1169700979" role=""/>
  <member type="way" ref="1496767937" role=""/>
  <member type="way" ref="1334868293" role=""/>
  <member type="way" ref="1530653962" role=""/>
  <member type="way" ref="1537732418" role=""/>
  <member type="way" ref="1022335478" role=""/>
  <member type="way" ref="1334868298" role=""/>
  <member type="way" ref="996947788" role=""/>
  <member type="way" ref="1194383974" role=""/>
  <member type="way" ref="1053150175" role=""/>
  <member type="way" ref="1248944814" role=""/>
  <member type="way" ref="1053150174" role=""/>
  <member type="way" ref="1022335467" role=""/>
  <member type="way" ref="1022335466" role=""/>
  <member type="way" ref="996947790" role=""/>
  <member type="way" ref="1022335462" role=""/>
  <member type="way" ref="1022335458" role=""/>
  <member type="way" ref="962315885" role=""/>
  <member type="way" ref="1022335460" role=""/>
  <member type="way" ref="1022335459" role=""/>
  <member type="way" ref="829339137" role=""/>
  <member type="way" ref="767135697" role=""/>
  <member type="way" ref="767135698" role=""/>
  <member type="way" ref="996947799" role=""/>
  <member type="way" ref="671264451" role=""/>
  <member type="way" ref="962315878" role=""/>
  <member type="way" ref="706129038" role=""/>
  <member type="way" ref="706129035" role=""/>
  <member type="way" ref="1055453950" role=""/>
  <member type="way" ref="706129039" role=""/>
  <member type="way" ref="706129044" role=""/>
  <member type="way" ref="1106901722" role=""/>
  <member type="way" ref="902652019" role=""/>
  <member type="way" ref="954012624" role=""/>
  <member type="way" ref="1544585396" role=""/>
  <member type="way" ref="256241581" role=""/>
  <member type="way" ref="823452300" role=""/>
  <member type="way" ref="217134947" role=""/>
  <member type="way" ref="764886060" role=""/>
  <member type="way" ref="162756395" role=""/>
  <member type="way" ref="971350115" role=""/>
  <member type="way" ref="1338728409" role=""/>
  <member type="way" ref="1338728417" role=""/>
  <member type="way" ref="823484592" role=""/>
  <member type="way" ref="1530388296" role=""/>
  <member type="way" ref="1530388283" role=""/>
  <member type="way" ref="1461814850" role=""/>
  <member type="way" ref="1461814853" role=""/>
  <member type="way" ref="823484604" role=""/>
  <member type="way" ref="1550379087" role=""/>
  <member type="way" ref="1550379086" role=""/>
  <member type="way" ref="823484607" role=""/>
  <member type="way" ref="1177222261" role=""/>
  <member type="way" ref="1190008206" role=""/>
  <member type="way" ref="1274219114" role=""/>
  <member type="way" ref="1338688725" role=""/>
  <tag k="from" v="נווה יעקב מזרח"/>
  <tag k="from:en" v="Neve Ya'akov East"/>
  <tag k="from:he" v="נווה יעקב מזרח"/>
  <tag k="gtfs:feed" v="IL-MOT"/>
  <tag k="gtfs:route_id" v="10214"/>
  <tag k="gtfs:shape_id" v="152674"/>
  <tag k="name" v="ירושלים 69: נווה יעקב מזרח =&gt; גבעת שאול"/>
  <tag k="name:en" v="Jerusalem 69: Neve Ya'akov East =&gt; Giv'at Sha'ul"/>
  <tag k="name:he" v="ירושלים 69: נווה יעקב מזרח =&gt; גבעת שאול"/>
  <tag k="network" v="ירושלים"/>
  <tag k="network:en" v="Jerusalem"/>
  <tag k="network:he" v="ירושלים"/>
  <tag k="operator" v="אקסטרה ירושלים"/>
  <tag k="operator:en" v="Extra Jerusalem"/>
  <tag k="operator:he" v="אקסטרה ירושלים"/>
  <tag k="public_transport:version" v="2"/>
  <tag k="ref" v="69"/>
  <tag k="route" v="bus"/>
  <tag k="to" v="גבעת שאול"/>
  <tag k="to:en" v="Giv'at Sha'ul"/>
  <tag k="to:he" v="גבעת שאול"/>
  <tag k="type" v="route"/>
  <tag k="website" v="https://extrapt.co.il/"/>
 </relation>
 <relation id="15703876" visible="true" version="2" changeset="181180465" timestamp="2026-04-11T09:19:11Z" user="ירח אפל" uid="1041983">
  <member type="relation" ref="15703874" role=""/>
  <member type="relation" ref="15703875" role=""/>
  <tag k="gtfs:feed" v="IL-MOT"/>
  <tag k="gtfs:route_id" v="10213;10214"/>
  <tag k="name" v="ירושלים 69"/>
  <tag k="name:en" v="Jerusalem 69"/>
  <tag k="name:he" v="ירושלים 69"/>
  <tag k="network" v="ירושלים"/>
  <tag k="network:en" v="Jerusalem"/>
  <tag k="network:he" v="ירושלים"/>
  <tag k="operator" v="אקסטרה ירושלים"/>
  <tag k="operator:en" v="Extra Jerusalem"/>
  <tag k="operator:he" v="אקסטרה ירושלים"/>
  <tag k="ref" v="69"/>
  <tag k="route_master" v="bus"/>
  <tag k="type" v="route_master"/>
  <tag k="website" v="https://extrapt.co.il/"/>
 </relation>
 <relation id="16207439" visible="true" version="41" changeset="188445368" timestamp="2026-09-02T23:29:46Z" user="Ornits" uid="24450071">
  <member type="node" ref="13542805741" role="platform_entry_only"/>
  <member type="node" ref="1803011181" role="platform_entry_only"/>
  <member type="node" ref="5210699475" role="platform"/>
  <member type="node" ref="1803002979" role="platform"/>
  <member type="node" ref="1803002915" role="platform"/>
  <member type="node" ref="1803044225" role="platform"/>
  <member type="node" ref="1803068794" role="platform"/>
  <member type="node" ref="1803043277" role="platform"/>
  <member type="node" ref="1803043268" role="platform"/>
  <member type="node" ref="1802993226" role="platform"/>
  <member type="node" ref="1803001229" role="platform"/>
  <member type="node" ref="1803087642" role="platform"/>
  <member type="node" ref="1803087641" role="platform"/>
  <member type="node" ref="2066288449" role="platform"/>
  <member type="node" ref="1803041627" role="platform"/>
  <member type="node" ref="1803041642" role="platform"/>
  <member type="node" ref="1803041649" role="platform"/>
  <member type="node" ref="1803041670" role="platform"/>
  <member type="node" ref="1803041690" role="platform"/>
  <member type="node" ref="1803032764" role="platform"/>
  <member type="node" ref="1803065840" role="platform"/>
  <member type="node" ref="1803083452" role="platform"/>
  <member type="node" ref="5210728341" role="platform"/>
  <member type="node" ref="1803024956" role="platform"/>
  <member type="node" ref="1803025003" role="platform"/>
  <member type="node" ref="1802996976" role="platform"/>
  <member type="node" ref="5210700294" role="platform"/>
  <member type="node" ref="1803026594" role="platform"/>
  <member type="node" ref="1803089385" role="platform"/>
  <member type="node" ref="1803089387" role="platform"/>
  <member type="node" ref="1803043875" role="platform"/>
  <member type="node" ref="1803043877" role="platform"/>
  <member type="node" ref="1802991951" role="platform"/>
  <member type="node" ref="1802991932" role="platform"/>
  <member type="node" ref="1803087321" role="platform"/>
  <member type="node" ref="1803087326" role="platform"/>
  <member type="node" ref="1803087322" role="platform"/>
  <member type="node" ref="1803088482" role="platform"/>
  <member type="node" ref="1803045368" role="platform"/>
  <member type="node" ref="1803045376" role="platform"/>
  <member type="node" ref="1803088761" role="platform"/>
  <member type="node" ref="1803087581" role="platform"/>
  <member type="node" ref="1803062396" role="platform"/>
  <member type="node" ref="1803034715" role="platform"/>
  <member type="node" ref="1803034727" role="platform"/>
  <member type="node" ref="1803029814" role="platform"/>
  <member type="node" ref="1803039093" role="platform"/>
  <member type="node" ref="1803039084" role="platform"/>
  <member type="node" ref="1803039067" role="platform"/>
  <member type="node" ref="1803036406" role="platform"/>
  <member type="node" ref="1803039089" role="platform"/>
  <member type="node" ref="7941722588" role="platform"/>
  <member type="node" ref="1803039075" role="platform"/>
  <member type="node" ref="1803049803" role="platform"/>
  <member type="node" ref="1803062339" role="platform"/>
  <member type="node" ref="1803062402" role="platform"/>
  <member type="node" ref="5210700265" role="platform"/>
  <member type="node" ref="12717992484" role="platform"/>
  <member type="node" ref="1803088770" role="platform_exit_only"/>
  <member type="way" ref="1203764551" role=""/>
  <member type="way" ref="318579642" role=""/>
  <member type="way" ref="231413874" role=""/>
  <member type="way" ref="1207767194" role=""/>
  <member type="way" ref="1203764535" role=""/>
  <member type="way" ref="1110758209" role=""/>
  <member type="way" ref="1110758210" role=""/>
  <member type="way" ref="833506336" role=""/>
  <member type="way" ref="1203764544" role=""/>
  <member type="way" ref="1202812753" role=""/>
  <member type="way" ref="1202812757" role=""/>
  <member type="way" ref="701392101" role=""/>
  <member type="way" ref="1203764540" role=""/>
  <member type="way" ref="166912808" role=""/>
  <member type="way" ref="166912800" role=""/>
  <member type="way" ref="701392103" role=""/>
  <member type="way" ref="808368882" role=""/>
  <member type="way" ref="343725620" role=""/>
  <member type="way" ref="166912802" role=""/>
  <member type="way" ref="1377453599" role=""/>
  <member type="way" ref="166912801" role=""/>
  <member type="way" ref="104949569" role=""/>
  <member type="way" ref="1377453594" role=""/>
  <member type="way" ref="1377453597" role=""/>
  <member type="way" ref="713465344" role=""/>
  <member type="way" ref="713465349" role=""/>
  <member type="way" ref="30913503" role=""/>
  <member type="way" ref="163062206" role=""/>
  <member type="way" ref="713465342" role=""/>
  <member type="way" ref="1461822978" role=""/>
  <member type="way" ref="713465357" role=""/>
  <member type="way" ref="168019700" role=""/>
  <member type="way" ref="1377442186" role=""/>
  <member type="way" ref="1377442182" role=""/>
  <member type="way" ref="1377442178" role=""/>
  <member type="way" ref="981134878" role=""/>
  <member type="way" ref="998151967" role=""/>
  <member type="way" ref="998151969" role=""/>
  <member type="way" ref="168019711" role=""/>
  <member type="way" ref="975020938" role=""/>
  <member type="way" ref="1191524324" role=""/>
  <member type="way" ref="1191524323" role=""/>
  <member type="way" ref="957480178" role=""/>
  <member type="way" ref="917522898" role=""/>
  <member type="way" ref="217547283" role=""/>
  <member type="way" ref="159082731" role=""/>
  <member type="way" ref="1370389812" role=""/>
  <member type="way" ref="1370389801" role=""/>
  <member type="way" ref="1429923522" role=""/>
  <member type="way" ref="30913615" role=""/>
  <member type="way" ref="159082724" role=""/>
  <member type="way" ref="947854807" role=""/>
  <member type="way" ref="947854813" role=""/>
  <member type="way" ref="155035596" role=""/>
  <member type="way" ref="947854799" role=""/>
  <member type="way" ref="1530405776" role=""/>
  <member type="way" ref="947854795" role=""/>
  <member type="way" ref="217547281" role=""/>
  <member type="way" ref="159004835" role=""/>
  <member type="way" ref="713323179" role=""/>
  <member type="way" ref="947854792" role=""/>
  <member type="way" ref="713323185" role=""/>
  <member type="way" ref="159005779" role=""/>
  <member type="way" ref="4710193" role=""/>
  <member type="way" ref="713323183" role=""/>
  <member type="way" ref="88499115" role=""/>
  <member type="way" ref="810509464" role=""/>
  <member type="way" ref="810509463" role=""/>
  <member type="way" ref="810509437" role=""/>
  <member type="way" ref="1455273993" role=""/>
  <member type="way" ref="810509462" role=""/>
  <member type="way" ref="827260443" role=""/>
  <member type="way" ref="810509473" role=""/>
  <member type="way" ref="1447031124" role=""/>
  <member type="way" ref="810509467" role=""/>
  <member type="way" ref="1447031134" role=""/>
  <member type="way" ref="1455273958" role=""/>
  <member type="way" ref="810509487" role=""/>
  <member type="way" ref="1455273971" role=""/>
  <member type="way" ref="1454231025" role=""/>
  <member type="way" ref="1455273964" role=""/>
  <member type="way" ref="810509451" role=""/>
  <member type="way" ref="1190032818" role=""/>
  <member type="way" ref="1455273965" role=""/>
  <member type="way" ref="701478852" role=""/>
  <member type="way" ref="701478866" role=""/>
  <member type="way" ref="1429804313" role=""/>
  <member type="way" ref="1429804325" role=""/>
  <member type="way" ref="1455273989" role=""/>
  <member type="way" ref="1455273988" role=""/>
  <member type="way" ref="897236926" role=""/>
  <member type="way" ref="773806297" role=""/>
  <member type="way" ref="1358782197" role=""/>
  <member type="way" ref="236433068" role=""/>
  <member type="way" ref="236433067" role=""/>
  <member type="way" ref="1358782196" role=""/>
  <member type="way" ref="1005341153" role=""/>
  <member type="way" ref="1005341148" role=""/>
  <member type="way" ref="44080732" role=""/>
  <member type="way" ref="448684076" role=""/>
  <member type="way" ref="236433064" role=""/>
  <member type="way" ref="159082732" role=""/>
  <member type="way" ref="1188718141" role=""/>
  <member type="way" ref="771909619" role=""/>
  <member type="way" ref="774633458" role=""/>
  <member type="way" ref="313735814" role=""/>
  <member type="way" ref="773806289" role=""/>
  <member type="way" ref="773806288" role=""/>
  <member type="way" ref="1491923268" role=""/>
  <member type="way" ref="230894189" role=""/>
  <member type="way" ref="134936374" role=""/>
  <member type="way" ref="773806275" role=""/>
  <member type="way" ref="773806277" role=""/>
  <member type="way" ref="773806279" role=""/>
  <member type="way" ref="773806280" role=""/>
  <member type="way" ref="773806283" role=""/>
  <member type="way" ref="773806284" role=""/>
  <member type="way" ref="1491923270" role=""/>
  <member type="way" ref="273011364" role=""/>
  <member type="way" ref="1182492216" role=""/>
  <member type="way" ref="1076185783" role=""/>
  <member type="way" ref="1182492217" role=""/>
  <member type="way" ref="1076185782" role=""/>
  <member type="way" ref="1076185780" role=""/>
  <member type="way" ref="1076185788" role=""/>
  <member type="way" ref="31451460" role=""/>
  <member type="way" ref="1182492205" role=""/>
  <member type="way" ref="1523840253" role=""/>
  <member type="way" ref="217283288" role=""/>
  <member type="way" ref="1197741713" role=""/>
  <member type="way" ref="1248957416" role=""/>
  <member type="way" ref="661716344" role=""/>
  <member type="way" ref="231130791" role=""/>
  <member type="way" ref="1386000890" role=""/>
  <member type="way" ref="912434716" role=""/>
  <member type="way" ref="823854152" role=""/>
  <member type="way" ref="823854145" role=""/>
  <member type="way" ref="926722717" role=""/>
  <member type="way" ref="739101012" role=""/>
  <member type="way" ref="739101013" role=""/>
  <member type="way" ref="291378572" role=""/>
  <member type="way" ref="41901559" role=""/>
  <member type="way" ref="926197522" role=""/>
  <member type="way" ref="104276103" role=""/>
  <member type="way" ref="104276111" role=""/>
  <member type="way" ref="1245237956" role=""/>
  <member type="way" ref="628531938" role=""/>
  <member type="way" ref="1216354103" role=""/>
  <member type="way" ref="41824504" role=""/>
  <member type="way" ref="1276498495" role=""/>
  <member type="way" ref="1276498496" role=""/>
  <member type="way" ref="104276163" role=""/>
  <member type="way" ref="588435136" role=""/>
  <member type="way" ref="588435126" role=""/>
  <member type="way" ref="588435123" role=""/>
  <member type="way" ref="588435093" role=""/>
  <member type="way" ref="588435097" role=""/>
  <member type="way" ref="588435096" role=""/>
  <member type="way" ref="588422564" role=""/>
  <member type="way" ref="588422565" role=""/>
  <member type="way" ref="588422567" role=""/>
  <member type="way" ref="1245402046" role=""/>
  <member type="way" ref="588422560" role=""/>
  <member type="way" ref="588422552" role=""/>
  <member type="way" ref="588422551" role=""/>
  <member type="way" ref="588422555" role=""/>
  <member type="way" ref="588422553" role=""/>
  <member type="way" ref="375803776" role=""/>
  <member type="way" ref="185170910" role=""/>
  <member type="way" ref="1234743344" role=""/>
  <member type="way" ref="588415794" role=""/>
  <member type="way" ref="588415789" role=""/>
  <member type="way" ref="1234743325" role=""/>
  <member type="way" ref="902983985" role=""/>
  <member type="way" ref="588415781" role=""/>
  <member type="way" ref="1234743328" role=""/>
  <member type="way" ref="1234743330" role=""/>
  <member type="way" ref="1234743331" role=""/>
  <member type="way" ref="588415780" role=""/>
  <member type="way" ref="958926972" role=""/>
  <member type="way" ref="958926974" role=""/>
  <member type="way" ref="918404117" role=""/>
  <member type="way" ref="668111492" role=""/>
  <member type="way" ref="663479660" role=""/>
  <member type="way" ref="663479666" role=""/>
  <member type="way" ref="668111486" role=""/>
  <member type="way" ref="668111471" role=""/>
  <member type="way" ref="663479669" role=""/>
  <member type="way" ref="663479644" role=""/>
  <member type="way" ref="663479668" role=""/>
  <member type="way" ref="663479654" role=""/>
  <member type="way" ref="1240619489" role=""/>
  <member type="way" ref="927215805" role=""/>
  <member type="way" ref="1079865421" role=""/>
  <member type="way" ref="927245712" role=""/>
  <member type="way" ref="927245711" role=""/>
  <member type="way" ref="1079865425" role=""/>
  <member type="way" ref="288342428" role=""/>
  <member type="way" ref="588415777" role=""/>
  <member type="way" ref="588415774" role=""/>
  <member type="way" ref="588415771" role=""/>
  <member type="way" ref="588415765" role=""/>
  <member type="way" ref="588415754" role=""/>
  <member type="way" ref="588415742" role=""/>
  <member type="way" ref="1064022902" role=""/>
  <member type="way" ref="1064022904" role=""/>
  <member type="way" ref="288606087" role=""/>
  <member type="way" ref="920864382" role=""/>
  <member type="way" ref="588415736" role=""/>
  <member type="way" ref="1245367099" role=""/>
  <member type="way" ref="1245367098" role=""/>
  <tag k="from" v="אזור תעשיה תלפיות"/>
  <tag k="from:en" v="Talpiyot Industrial Area"/>
  <tag k="from:he" v="אזור תעשיה תלפיות"/>
  <tag k="gtfs:feed" v="IL-MOT"/>
  <tag k="gtfs:route_id" v="5499"/>
  <tag k="name" v="ירושלים 22: אזור תעשיה תלפיות =&gt; פסגת זאב צפון"/>
  <tag k="name:en" v="Jerusalem 22: Talpiyot Industrial Area =&gt; Pisgat Ze'ev North"/>
  <tag k="name:he" v="ירושלים 22: אזור תעשיה תלפיות =&gt; פסגת זאב צפון"/>
  <tag k="network" v="ירושלים"/>
  <tag k="network:en" v="Jerusalem"/>
  <tag k="network:he" v="ירושלים"/>
  <tag k="operator" v="אגד"/>
  <tag k="operator:en" v="Egged"/>
  <tag k="operator:he" v="אגד"/>
  <tag k="public_transport:version" v="2"/>
  <tag k="ref" v="22"/>
  <tag k="route" v="bus"/>
  <tag k="to" v="פסגת זאב צפון"/>
  <tag k="to:en" v="Pisgat Ze'ev North"/>
  <tag k="to:he" v="פסגת זאב צפון"/>
  <tag k="type" v="route"/>
  <tag k="website" v="https://www.egged.co.il"/>
 </relation>
 <relation id="16207440" visible="true" version="3" changeset="181112070" timestamp="2026-04-09T18:23:29Z" user="ירח אפל" uid="1041983">
  <member type="relation" ref="16207439" role=""/>
  <member type="relation" ref="12458892" role=""/>
  <member type="relation" ref="16207555" role=""/>
  <tag k="gtfs:feed" v="IL-MOT"/>
  <tag k="gtfs:route_id" v="5499;5500;5502"/>
  <tag k="name" v="ירושלים 22"/>
  <tag k="name:en" v="Jerusalem 22"/>
  <tag k="name:he" v="ירושלים 22"/>
  <tag k="network" v="ירושלים"/>
  <tag k="network:en" v="Jerusalem"/>
  <tag k="network:he" v="ירושלים"/>
  <tag k="operator" v="אגד"/>
  <tag k="operator:en" v="Egged"/>
  <tag k="operator:he" v="אגד"/>
  <tag k="ref" v="22"/>
  <tag k="route_master" v="bus"/>
  <tag k="type" v="route_master"/>
  <tag k="website" v="https://www.egged.co.il"/>
 </relation>
 <relation id="16207555" visible="true" version="37" changeset="189020655" timestamp="2026-09-14T16:32:44Z" user="Car162" uid="12223802">
  <member type="node" ref="5210700279" role="platform_entry_only"/>
  <member type="node" ref="1803049800" role="platform"/>
  <member type="node" ref="1803062341" role="platform"/>
  <member type="node" ref="1803049799" role="platform"/>
  <member type="node" ref="1803062340" role="platform"/>
  <member type="node" ref="1803049796" role="platform"/>
  <member type="node" ref="1803036402" role="platform"/>
  <member type="node" ref="1803039080" role="platform"/>
  <member type="node" ref="1803036409" role="platform"/>
  <member type="node" ref="1803039160" role="platform"/>
  <member type="node" ref="1803068038" role="platform"/>
  <member type="node" ref="1803039092" role="platform"/>
  <member type="node" ref="1803088791" role="platform"/>
  <member type="node" ref="1803029844" role="platform"/>
  <member type="node" ref="1803034726" role="platform"/>
  <member type="node" ref="1803049795" role="platform"/>
  <member type="node" ref="1803087580" role="platform"/>
  <member type="node" ref="1803062415" role="platform"/>
  <member type="node" ref="1803045349" role="platform"/>
  <member type="node" ref="1803045382" role="platform"/>
  <member type="node" ref="1803087324" role="platform"/>
  <member type="node" ref="1803087325" role="platform"/>
  <member type="node" ref="1803087323" role="platform"/>
  <member type="node" ref="1803049500" role="platform"/>
  <member type="node" ref="1802991929" role="platform"/>
  <member type="node" ref="1803068795" role="platform"/>
  <member type="node" ref="1803043876" role="platform"/>
  <member type="node" ref="1803043874" role="platform"/>
  <member type="node" ref="1803089388" role="platform"/>
  <member type="node" ref="1803089384" role="platform"/>
  <member type="node" ref="1803047499" role="platform"/>
  <member type="node" ref="1802996977" role="platform"/>
  <member type="node" ref="13125429949" role="platform"/>
  <member type="node" ref="13125429950" role="platform"/>
  <member type="node" ref="7941723668" role="platform"/>
  <member type="node" ref="1803083451" role="platform"/>
  <member type="node" ref="1803065841" role="platform"/>
  <member type="node" ref="1803041682" role="platform"/>
  <member type="node" ref="1803041676" role="platform"/>
  <member type="node" ref="1803041656" role="platform"/>
  <member type="node" ref="1803041635" role="platform"/>
  <member type="node" ref="1803048596" role="platform"/>
  <member type="node" ref="5210699457" role="platform"/>
  <member type="node" ref="1803087640" role="platform"/>
  <member type="node" ref="1803001224" role="platform"/>
  <member type="node" ref="1802995359" role="platform"/>
  <member type="node" ref="1803043267" role="platform"/>
  <member type="node" ref="1803068792" role="platform"/>
  <member type="node" ref="1803083447" role="platform"/>
  <member type="node" ref="1803002917" role="platform"/>
  <member type="node" ref="1803002919" role="platform"/>
  <member type="node" ref="1803072590" role="platform"/>
  <member type="node" ref="1803039330" role="platform_exit_only"/>
  <member type="way" ref="918404120" role=""/>
  <member type="way" ref="1245367097" role=""/>
  <member type="way" ref="1245367096" role=""/>
  <member type="way" ref="288606086" role=""/>
  <member type="way" ref="588415732" role=""/>
  <member type="way" ref="588415739" role=""/>
  <member type="way" ref="1064022903" role=""/>
  <member type="way" ref="588415749" role=""/>
  <member type="way" ref="588415759" role=""/>
  <member type="way" ref="588415763" role=""/>
  <member type="way" ref="588415762" role=""/>
  <member type="way" ref="588415769" role=""/>
  <member type="way" ref="588415776" role=""/>
  <member type="way" ref="288342428" role=""/>
  <member type="way" ref="1079865425" role=""/>
  <member type="way" ref="927245711" role=""/>
  <member type="way" ref="927245712" role=""/>
  <member type="way" ref="1079865421" role=""/>
  <member type="way" ref="927215805" role=""/>
  <member type="way" ref="1240619489" role=""/>
  <member type="way" ref="663479654" role=""/>
  <member type="way" ref="663479655" role=""/>
  <member type="way" ref="663479670" role=""/>
  <member type="way" ref="663479661" role=""/>
  <member type="way" ref="668111488" role=""/>
  <member type="way" ref="668111492" role=""/>
  <member type="way" ref="918404117" role=""/>
  <member type="way" ref="958926973" role=""/>
  <member type="way" ref="958926971" role=""/>
  <member type="way" ref="588415780" role=""/>
  <member type="way" ref="1234743332" role=""/>
  <member type="way" ref="1234743329" role=""/>
  <member type="way" ref="1234743328" role=""/>
  <member type="way" ref="588415778" role=""/>
  <member type="way" ref="588415783" role=""/>
  <member type="way" ref="588415786" role=""/>
  <member type="way" ref="920864384" role=""/>
  <member type="way" ref="185170914" role=""/>
  <member type="way" ref="375803777" role=""/>
  <member type="way" ref="1234743342" role=""/>
  <member type="way" ref="1234743341" role=""/>
  <member type="way" ref="1234743345" role=""/>
  <member type="way" ref="375803776" role=""/>
  <member type="way" ref="588422554" role=""/>
  <member type="way" ref="1245402048" role=""/>
  <member type="way" ref="588422557" role=""/>
  <member type="way" ref="588422552" role=""/>
  <member type="way" ref="588422560" role=""/>
  <member type="way" ref="1245402046" role=""/>
  <member type="way" ref="588422567" role=""/>
  <member type="way" ref="588422565" role=""/>
  <member type="way" ref="588422564" role=""/>
  <member type="way" ref="134104359" role=""/>
  <member type="way" ref="185169745" role=""/>
  <member type="way" ref="588435100" role=""/>
  <member type="way" ref="588435120" role=""/>
  <member type="way" ref="588435122" role=""/>
  <member type="way" ref="588435130" role=""/>
  <member type="way" ref="588435128" role=""/>
  <member type="way" ref="588435132" role=""/>
  <member type="way" ref="588435131" role=""/>
  <member type="way" ref="133850355" role=""/>
  <member type="way" ref="185168512" role=""/>
  <member type="way" ref="229098656" role=""/>
  <member type="way" ref="1245402017" role=""/>
  <member type="way" ref="588435137" role=""/>
  <member type="way" ref="1276498493" role=""/>
  <member type="way" ref="628531942" role=""/>
  <member type="way" ref="628531940" role=""/>
  <member type="way" ref="1245237959" role=""/>
  <member type="way" ref="104276099" role=""/>
  <member type="way" ref="926197530" role=""/>
  <member type="way" ref="104276102" role=""/>
  <member type="way" ref="739101016" role=""/>
  <member type="way" ref="739101015" role=""/>
  <member type="way" ref="739101014" role=""/>
  <member type="way" ref="926722749" role=""/>
  <member type="way" ref="41824814" role=""/>
  <member type="way" ref="823854137" role=""/>
  <member type="way" ref="823854155" role=""/>
  <member type="way" ref="975399365" role=""/>
  <member type="way" ref="932313426" role=""/>
  <member type="way" ref="1248957417" role=""/>
  <member type="way" ref="334278018" role=""/>
  <member type="way" ref="1523840249" role=""/>
  <member type="way" ref="691637539" role=""/>
  <member type="way" ref="1313810447" role=""/>
  <member type="way" ref="1313810445" role=""/>
  <member type="way" ref="933196690" role=""/>
  <member type="way" ref="1523840254" role=""/>
  <member type="way" ref="1523840259" role=""/>
  <member type="way" ref="1523840260" role=""/>
  <member type="way" ref="31451460" role=""/>
  <member type="way" ref="1076185779" role=""/>
  <member type="way" ref="1076185786" role=""/>
  <member type="way" ref="1182492217" role=""/>
  <member type="way" ref="1076185783" role=""/>
  <member type="way" ref="1097529646" role=""/>
  <member type="way" ref="270570728" role=""/>
  <member type="way" ref="1076185791" role=""/>
  <member type="way" ref="273011365" role=""/>
  <member type="way" ref="1491923270" role=""/>
  <member type="way" ref="773806284" role=""/>
  <member type="way" ref="773806283" role=""/>
  <member type="way" ref="773806280" role=""/>
  <member type="way" ref="773806279" role=""/>
  <member type="way" ref="773806277" role=""/>
  <member type="way" ref="773806275" role=""/>
  <member type="way" ref="134936374" role=""/>
  <member type="way" ref="230894189" role=""/>
  <member type="way" ref="313735813" role=""/>
  <member type="way" ref="773806288" role=""/>
  <member type="way" ref="773806287" role=""/>
  <member type="way" ref="773806291" role=""/>
  <member type="way" ref="1498018600" role=""/>
  <member type="way" ref="1190032817" role=""/>
  <member type="way" ref="230894181" role=""/>
  <member type="way" ref="1188718141" role=""/>
  <member type="way" ref="159082732" role=""/>
  <member type="way" ref="236433064" role=""/>
  <member type="way" ref="236433065" role=""/>
  <member type="way" ref="448684077" role=""/>
  <member type="way" ref="1005341149" role=""/>
  <member type="way" ref="1358782189" role=""/>
  <member type="way" ref="1379158683" role=""/>
  <member type="way" ref="917584488" role=""/>
  <member type="way" ref="259977132" role=""/>
  <member type="way" ref="236433068" role=""/>
  <member type="way" ref="1358782197" role=""/>
  <member type="way" ref="313735791" role=""/>
  <member type="way" ref="773806298" role=""/>
  <member type="way" ref="1455273972" role=""/>
  <member type="way" ref="313735817" role=""/>
  <member type="way" ref="701478855" role=""/>
  <member type="way" ref="1453181698" role=""/>
  <member type="way" ref="1455273974" role=""/>
  <member type="way" ref="1455273986" role=""/>
  <member type="way" ref="1455273973" role=""/>
  <member type="way" ref="1454231026" role=""/>
  <member type="way" ref="1455273975" role=""/>
  <member type="way" ref="230894190" role=""/>
  <member type="way" ref="810509440" role=""/>
  <member type="way" ref="1454231022" role=""/>
  <member type="way" ref="1455273970" role=""/>
  <member type="way" ref="1454231020" role=""/>
  <member type="way" ref="810509472" role=""/>
  <member type="way" ref="1447031137" role=""/>
  <member type="way" ref="917439791" role=""/>
  <member type="way" ref="810509461" role=""/>
  <member type="way" ref="810509463" role=""/>
  <member type="way" ref="810509464" role=""/>
  <member type="way" ref="88499115" role=""/>
  <member type="way" ref="713323183" role=""/>
  <member type="way" ref="4710193" role=""/>
  <member type="way" ref="159005779" role=""/>
  <member type="way" ref="713323185" role=""/>
  <member type="way" ref="159004840" role=""/>
  <member type="way" ref="713323182" role=""/>
  <member type="way" ref="713323173" role=""/>
  <member type="way" ref="713323177" role=""/>
  <member type="way" ref="159004847" role=""/>
  <member type="way" ref="947854793" role=""/>
  <member type="way" ref="947854795" role=""/>
  <member type="way" ref="1530405773" role=""/>
  <member type="way" ref="947854799" role=""/>
  <member type="way" ref="155035596" role=""/>
  <member type="way" ref="947854808" role=""/>
  <member type="way" ref="947854810" role=""/>
  <member type="way" ref="159082724" role=""/>
  <member type="way" ref="30913615" role=""/>
  <member type="way" ref="1429923522" role=""/>
  <member type="way" ref="1370389800" role=""/>
  <member type="way" ref="164731615" role=""/>
  <member type="way" ref="1370389811" role=""/>
  <member type="way" ref="23186728" role=""/>
  <member type="way" ref="1191529705" role=""/>
  <member type="way" ref="164722409" role=""/>
  <member type="way" ref="1191524320" role=""/>
  <member type="way" ref="1191524326" role=""/>
  <member type="way" ref="975020937" role=""/>
  <member type="way" ref="933160779" role=""/>
  <member type="way" ref="1254767828" role=""/>
  <member type="way" ref="1254767827" role=""/>
  <member type="way" ref="713323191" role=""/>
  <member type="way" ref="871965885" role=""/>
  <member type="way" ref="1351617293" role=""/>
  <member type="way" ref="981134884" role=""/>
  <member type="way" ref="1328677139" role=""/>
  <member type="way" ref="1377442181" role=""/>
  <member type="way" ref="1441544384" role=""/>
  <member type="way" ref="1377442185" role=""/>
  <member type="way" ref="981134882" role=""/>
  <member type="way" ref="1377442187" role=""/>
  <member type="way" ref="163062206" role=""/>
  <member type="way" ref="30913503" role=""/>
  <member type="way" ref="713465343" role=""/>
  <member type="way" ref="713465345" role=""/>
  <member type="way" ref="713465348" role=""/>
  <member type="way" ref="1558897466" role=""/>
  <member type="way" ref="343725589" role=""/>
  <member type="way" ref="824882983" role=""/>
  <member type="way" ref="386722573" role=""/>
  <member type="way" ref="41843814" role=""/>
  <member type="way" ref="168019687" role=""/>
  <member type="way" ref="166912806" role=""/>
  <member type="way" ref="138489421" role=""/>
  <member type="way" ref="1203764541" role=""/>
  <member type="way" ref="1203764538" role=""/>
  <member type="way" ref="1377453584" role=""/>
  <member type="way" ref="1203764543" role=""/>
  <member type="way" ref="1202812755" role=""/>
  <tag k="from" v="פסגת זאב צפון"/>
  <tag k="from:en" v="Pisgat Ze'ev North"/>
  <tag k="from:he" v="פסגת זאב צפון"/>
  <tag k="gtfs:feed" v="IL-MOT"/>
  <tag k="gtfs:route_id" v="5502"/>
  <tag k="name" v="ירושלים 22: פסגת זאב צפון =&gt; אזור תעשיה תלפיות"/>
  <tag k="name:en" v="Jerusalem 22: Pisgat Ze'ev North =&gt; Talpiyot Industrial Area"/>
  <tag k="name:he" v="ירושלים 22: פסגת זאב צפון =&gt; אזור תעשיה תלפיות"/>
  <tag k="network" v="ירושלים"/>
  <tag k="network:en" v="Jerusalem"/>
  <tag k="network:he" v="ירושלים"/>
  <tag k="operator" v="אגד"/>
  <tag k="operator:en" v="Egged"/>
  <tag k="operator:he" v="אגד"/>
  <tag k="public_transport:version" v="2"/>
  <tag k="ref" v="22"/>
  <tag k="route" v="bus"/>
  <tag k="to" v="אזור תעשיה תלפיות"/>
  <tag k="to:en" v="Talpiyot Industrial Area"/>
  <tag k="to:he" v="אזור תעשיה תלפיות"/>
  <tag k="type" v="route"/>
  <tag k="website" v="https://www.egged.co.il"/>
 </relation>
 <relation id="16510793" visible="true" version="34" changeset="188436338" timestamp="2026-09-02T19:01:02Z" user="Ornits" uid="24450071">
  <member type="node" ref="12172766816" role="platform_entry_only"/>
  <member type="node" ref="1802995754" role="platform_entry_only"/>
  <member type="node" ref="5210715310" role="platform"/>
  <member type="node" ref="5487891973" role="platform"/>
  <member type="node" ref="1803001772" role="platform"/>
  <member type="node" ref="1802996976" role="platform"/>
  <member type="node" ref="5210700294" role="platform"/>
  <member type="node" ref="1803026594" role="platform"/>
  <member type="node" ref="1803047654" role="platform"/>
  <member type="node" ref="1803043877" role="platform"/>
  <member type="node" ref="1802991951" role="platform"/>
  <member type="node" ref="1802991932" role="platform"/>
  <member type="node" ref="1803087321" role="platform"/>
  <member type="node" ref="1803087326" role="platform"/>
  <member type="node" ref="1803087322" role="platform"/>
  <member type="node" ref="1803088482" role="platform"/>
  <member type="node" ref="1803062396" role="platform"/>
  <member type="node" ref="1803054542" role="platform"/>
  <member type="node" ref="1803049803" role="platform"/>
  <member type="node" ref="1803062339" role="platform"/>
  <member type="node" ref="1803062402" role="platform"/>
  <member type="node" ref="5210700265" role="platform"/>
  <member type="node" ref="1803087586" role="platform"/>
  <member type="node" ref="1803085339" role="platform"/>
  <member type="node" ref="1803087587" role="platform"/>
  <member type="node" ref="1803086799" role="platform"/>
  <member type="node" ref="1803032157" role="platform"/>
  <member type="node" ref="1803032156" role="platform"/>
  <member type="node" ref="1803032155" role="platform"/>
  <member type="node" ref="1803032161" role="platform"/>
  <member type="node" ref="1803032159" role="platform"/>
  <member type="node" ref="12172742604" role="platform"/>
  <member type="node" ref="1803032172" role="platform"/>
  <member type="node" ref="1803050434" role="platform"/>
  <member type="node" ref="5210696719" role="platform_exit_only"/>
  <member type="way" ref="1287722554" role=""/>
  <member type="way" ref="1287722553" role=""/>
  <member type="way" ref="571406771" role=""/>
  <member type="way" ref="1098584824" role=""/>
  <member type="way" ref="813889190" role=""/>
  <member type="way" ref="1334561698" role=""/>
  <member type="way" ref="1379157492" role=""/>
  <member type="way" ref="1309982180" role=""/>
  <member type="way" ref="1361278834" role=""/>
  <member type="way" ref="1123076364" role=""/>
  <member type="way" ref="1212558010" role=""/>
  <member type="way" ref="682265530" role=""/>
  <member type="way" ref="1212557990" role=""/>
  <member type="way" ref="905457671" role=""/>
  <member type="way" ref="571019922" role=""/>
  <member type="way" ref="1094279305" role=""/>
  <member type="way" ref="689120468" role=""/>
  <member type="way" ref="159706215" role=""/>
  <member type="way" ref="784425278" role=""/>
  <member type="way" ref="1302318111" role=""/>
  <member type="way" ref="1302318109" role=""/>
  <member type="way" ref="866095818" role=""/>
  <member type="way" ref="866095814" role=""/>
  <member type="way" ref="1301961129" role=""/>
  <member type="way" ref="1429804311" role=""/>
  <member type="way" ref="701478854" role=""/>
  <member type="way" ref="701478861" role=""/>
  <member type="way" ref="1429816901" role=""/>
  <member type="way" ref="1429804325" role=""/>
  <member type="way" ref="1455273989" role=""/>
  <member type="way" ref="1455273988" role=""/>
  <member type="way" ref="897236926" role=""/>
  <member type="way" ref="773806297" role=""/>
  <member type="way" ref="1358782197" role=""/>
  <member type="way" ref="236433068" role=""/>
  <member type="way" ref="236433067" role=""/>
  <member type="way" ref="1358782196" role=""/>
  <member type="way" ref="1005341153" role=""/>
  <member type="way" ref="1005341148" role=""/>
  <member type="way" ref="44080732" role=""/>
  <member type="way" ref="448684076" role=""/>
  <member type="way" ref="236433064" role=""/>
  <member type="way" ref="4710057" role=""/>
  <member type="way" ref="1188718138" role=""/>
  <member type="way" ref="773806272" role=""/>
  <member type="way" ref="917393853" role=""/>
  <member type="way" ref="236433070" role=""/>
  <member type="way" ref="1491923268" role=""/>
  <member type="way" ref="230894189" role=""/>
  <member type="way" ref="134936374" role=""/>
  <member type="way" ref="773806275" role=""/>
  <member type="way" ref="773806277" role=""/>
  <member type="way" ref="773806279" role=""/>
  <member type="way" ref="773806280" role=""/>
  <member type="way" ref="773806283" role=""/>
  <member type="way" ref="773806284" role=""/>
  <member type="way" ref="1491923270" role=""/>
  <member type="way" ref="273011364" role=""/>
  <member type="way" ref="1182492216" role=""/>
  <member type="way" ref="1076185783" role=""/>
  <member type="way" ref="1182492217" role=""/>
  <member type="way" ref="1076185782" role=""/>
  <member type="way" ref="1076185780" role=""/>
  <member type="way" ref="1076185788" role=""/>
  <member type="way" ref="31451460" role=""/>
  <member type="way" ref="1182492205" role=""/>
  <member type="way" ref="1523840253" role=""/>
  <member type="way" ref="217283288" role=""/>
  <member type="way" ref="1197741713" role=""/>
  <member type="way" ref="1248957416" role=""/>
  <member type="way" ref="661716344" role=""/>
  <member type="way" ref="231130791" role=""/>
  <member type="way" ref="1386000890" role=""/>
  <member type="way" ref="912434716" role=""/>
  <member type="way" ref="823854152" role=""/>
  <member type="way" ref="823854145" role=""/>
  <member type="way" ref="926722717" role=""/>
  <member type="way" ref="739101012" role=""/>
  <member type="way" ref="739101013" role=""/>
  <member type="way" ref="291378572" role=""/>
  <member type="way" ref="41901559" role=""/>
  <member type="way" ref="926197522" role=""/>
  <member type="way" ref="104276103" role=""/>
  <member type="way" ref="104276111" role=""/>
  <member type="way" ref="1245237956" role=""/>
  <member type="way" ref="628531938" role=""/>
  <member type="way" ref="918404113" role=""/>
  <member type="way" ref="628531941" role=""/>
  <member type="way" ref="287278564" role=""/>
  <member type="way" ref="287278551" role=""/>
  <member type="way" ref="132271786" role=""/>
  <member type="way" ref="132271803" role=""/>
  <member type="way" ref="668111473" role=""/>
  <member type="way" ref="4722098" role=""/>
  <member type="way" ref="902983987" role=""/>
  <member type="way" ref="588415794" role=""/>
  <member type="way" ref="588415789" role=""/>
  <member type="way" ref="1234743325" role=""/>
  <member type="way" ref="902983985" role=""/>
  <member type="way" ref="588415782" role=""/>
  <member type="way" ref="588415784" role=""/>
  <member type="way" ref="588415777" role=""/>
  <member type="way" ref="588415774" role=""/>
  <member type="way" ref="588415771" role=""/>
  <member type="way" ref="588415765" role=""/>
  <member type="way" ref="588415754" role=""/>
  <member type="way" ref="588415742" role=""/>
  <member type="way" ref="1064022902" role=""/>
  <member type="way" ref="1064022904" role=""/>
  <member type="way" ref="571425467" role=""/>
  <member type="way" ref="713633730" role=""/>
  <member type="way" ref="1064022901" role=""/>
  <member type="way" ref="1361558371" role=""/>
  <member type="way" ref="1245402005" role=""/>
  <member type="way" ref="815860381" role=""/>
  <member type="way" ref="1177291368" role=""/>
  <member type="way" ref="1177291367" role=""/>
  <member type="way" ref="1177291364" role=""/>
  <member type="way" ref="1177291361" role=""/>
  <member type="way" ref="1177291359" role=""/>
  <member type="way" ref="875866197" role=""/>
  <member type="way" ref="875866194" role=""/>
  <member type="way" ref="1177291350" role=""/>
  <member type="way" ref="1177291352" role=""/>
  <member type="way" ref="588415730" role=""/>
  <member type="way" ref="1177291345" role=""/>
  <member type="way" ref="1177291343" role=""/>
  <member type="way" ref="1177291340" role=""/>
  <member type="way" ref="1338476024" role=""/>
  <tag k="from" v="ביטוח לאומי"/>
  <tag k="from:en" v="Bitu'ah Le'umi"/>
  <tag k="from:he" v="ביטוח לאומי"/>
  <tag k="gtfs:feed" v="IL-MOT"/>
  <tag k="gtfs:route_id" v="5526"/>
  <tag k="gtfs:shape_id" v="157895"/>
  <tag k="name" v="ירושלים 25: ביטוח לאומי =&gt; נווה יעקב"/>
  <tag k="name:en" v="Jerusalem 25: Bitu'ah Le'umi =&gt; Neve Ya'akov"/>
  <tag k="name:he" v="ירושלים 25: ביטוח לאומי =&gt; נווה יעקב"/>
  <tag k="network" v="ירושלים"/>
  <tag k="network:en" v="Jerusalem"/>
  <tag k="network:he" v="ירושלים"/>
  <tag k="operator" v="אקסטרה ירושלים"/>
  <tag k="operator:en" v="Extra Jerusalem"/>
  <tag k="operator:he" v="אקסטרה ירושלים"/>
  <tag k="public_transport:version" v="2"/>
  <tag k="ref" v="25"/>
  <tag k="route" v="bus"/>
  <tag k="to" v="נווה יעקב"/>
  <tag k="to:en" v="Neve Ya'akov"/>
  <tag k="to:he" v="נווה יעקב"/>
  <tag k="type" v="route"/>
  <tag k="website" v="https://extrapt.co.il/"/>
 </relation>
 <relation id="16510796" visible="true" version="15" changeset="183277598" timestamp="2026-05-27T22:20:18Z" user="ar58" uid="572423">
  <member type="node" ref="1803032169" role="platform_entry_only"/>
  <member type="node" ref="1803032160" role="platform"/>
  <member type="node" ref="1803032171" role="platform"/>
  <member type="node" ref="1803032165" role="platform"/>
  <member type="node" ref="1803032168" role="platform"/>
  <member type="node" ref="5210699502" role="platform"/>
  <member type="node" ref="1803032170" role="platform"/>
  <member type="node" ref="1803087601" role="platform"/>
  <member type="node" ref="1803063069" role="platform"/>
  <member type="node" ref="1803088772" role="platform"/>
  <member type="node" ref="1803049800" role="platform"/>
  <member type="node" ref="1803062341" role="platform"/>
  <member type="node" ref="1803049799" role="platform"/>
  <member type="node" ref="1803062340" role="platform"/>
  <member type="node" ref="1803049796" role="platform"/>
  <member type="node" ref="1803049795" role="platform"/>
  <member type="node" ref="1803067397" role="platform"/>
  <member type="node" ref="1803087324" role="platform"/>
  <member type="node" ref="1803087325" role="platform"/>
  <member type="node" ref="1803087323" role="platform"/>
  <member type="node" ref="1803049500" role="platform"/>
  <member type="node" ref="1802991929" role="platform"/>
  <member type="node" ref="1803068795" role="platform"/>
  <member type="node" ref="1803043876" role="platform"/>
  <member type="node" ref="1803043874" role="platform"/>
  <member type="node" ref="1803046454" role="platform"/>
  <member type="node" ref="1803026587" role="platform"/>
  <member type="node" ref="5210695863" role="platform"/>
  <member type="node" ref="1803089113" role="platform"/>
  <member type="node" ref="5487893098" role="platform"/>
  <member type="node" ref="1803001565" role="platform_exit_only"/>
  <member type="way" ref="815860375" role=""/>
  <member type="way" ref="1177291342" role=""/>
  <member type="way" ref="1177291338" role=""/>
  <member type="way" ref="1177291347" role=""/>
  <member type="way" ref="1177291348" role=""/>
  <member type="way" ref="1177291354" role=""/>
  <member type="way" ref="1177291351" role=""/>
  <member type="way" ref="875866196" role=""/>
  <member type="way" ref="1177291362" role=""/>
  <member type="way" ref="1177291366" role=""/>
  <member type="way" ref="1177291370" role=""/>
  <member type="way" ref="815860371" role=""/>
  <member type="way" ref="815860370" role=""/>
  <member type="way" ref="1361558368" role=""/>
  <member type="way" ref="1086456756" role=""/>
  <member type="way" ref="713633729" role=""/>
  <member type="way" ref="920864381" role=""/>
  <member type="way" ref="288204583" role=""/>
  <member type="way" ref="588415740" role=""/>
  <member type="way" ref="588415739" role=""/>
  <member type="way" ref="1064022903" role=""/>
  <member type="way" ref="588415749" role=""/>
  <member type="way" ref="588415759" role=""/>
  <member type="way" ref="588415763" role=""/>
  <member type="way" ref="588415762" role=""/>
  <member type="way" ref="588415769" role=""/>
  <member type="way" ref="588415775" role=""/>
  <member type="way" ref="588415786" role=""/>
  <member type="way" ref="132271805" role=""/>
  <member type="way" ref="588415791" role=""/>
  <member type="way" ref="713468248" role=""/>
  <member type="way" ref="713468246" role=""/>
  <member type="way" ref="1111553350" role=""/>
  <member type="way" ref="1111553349" role=""/>
  <member type="way" ref="265607425" role=""/>
  <member type="way" ref="287278556" role=""/>
  <member type="way" ref="287278542" role=""/>
  <member type="way" ref="628531942" role=""/>
  <member type="way" ref="628531940" role=""/>
  <member type="way" ref="1245237959" role=""/>
  <member type="way" ref="104276099" role=""/>
  <member type="way" ref="926197530" role=""/>
  <member type="way" ref="104276102" role=""/>
  <member type="way" ref="739101016" role=""/>
  <member type="way" ref="739101015" role=""/>
  <member type="way" ref="739101014" role=""/>
  <member type="way" ref="926722749" role=""/>
  <member type="way" ref="41824814" role=""/>
  <member type="way" ref="823854137" role=""/>
  <member type="way" ref="823854155" role=""/>
  <member type="way" ref="975399365" role=""/>
  <member type="way" ref="932313426" role=""/>
  <member type="way" ref="1248957417" role=""/>
  <member type="way" ref="334278018" role=""/>
  <member type="way" ref="1523840249" role=""/>
  <member type="way" ref="691637539" role=""/>
  <member type="way" ref="1313810447" role=""/>
  <member type="way" ref="1313810445" role=""/>
  <member type="way" ref="933196690" role=""/>
  <member type="way" ref="1523840254" role=""/>
  <member type="way" ref="1523840259" role=""/>
  <member type="way" ref="1523840260" role=""/>
  <member type="way" ref="31451460" role=""/>
  <member type="way" ref="1076185779" role=""/>
  <member type="way" ref="1076185786" role=""/>
  <member type="way" ref="1182492217" role=""/>
  <member type="way" ref="1076185783" role=""/>
  <member type="way" ref="1097529646" role=""/>
  <member type="way" ref="270570728" role=""/>
  <member type="way" ref="1076185791" role=""/>
  <member type="way" ref="273011365" role=""/>
  <member type="way" ref="1491923270" role=""/>
  <member type="way" ref="773806284" role=""/>
  <member type="way" ref="773806283" role=""/>
  <member type="way" ref="773806280" role=""/>
  <member type="way" ref="773806279" role=""/>
  <member type="way" ref="773806277" role=""/>
  <member type="way" ref="773806275" role=""/>
  <member type="way" ref="134936374" role=""/>
  <member type="way" ref="230894189" role=""/>
  <member type="way" ref="773806295" role=""/>
  <member type="way" ref="917393853" role=""/>
  <member type="way" ref="773806272" role=""/>
  <member type="way" ref="1188718138" role=""/>
  <member type="way" ref="4710057" role=""/>
  <member type="way" ref="236433064" role=""/>
  <member type="way" ref="236433065" role=""/>
  <member type="way" ref="448684077" role=""/>
  <member type="way" ref="1005341149" role=""/>
  <member type="way" ref="1358782189" role=""/>
  <member type="way" ref="1379158683" role=""/>
  <member type="way" ref="897236928" role=""/>
  <member type="way" ref="1301961138" role=""/>
  <member type="way" ref="1301961137" role=""/>
  <member type="way" ref="1302318116" role=""/>
  <member type="way" ref="217550002" role=""/>
  <member type="way" ref="1302318113" role=""/>
  <member type="way" ref="1302318115" role=""/>
  <member type="way" ref="1212558004" role=""/>
  <member type="way" ref="902652002" role=""/>
  <member type="way" ref="902652007" role=""/>
  <member type="way" ref="571019923" role=""/>
  <member type="way" ref="1212558008" role=""/>
  <member type="way" ref="571019927" role=""/>
  <member type="way" ref="813889218" role=""/>
  <member type="way" ref="571019943" role=""/>
  <member type="way" ref="915869352" role=""/>
  <tag k="from" v="נווה יעקב"/>
  <tag k="from:en" v="Neve Ya'akov"/>
  <tag k="from:he" v="נווה יעקב"/>
  <tag k="gtfs:feed" v="IL-MOT"/>
  <tag k="gtfs:route_id" v="5528"/>
  <tag k="gtfs:shape_id" v="155270"/>
  <tag k="name" v="ירושלים 25: נווה יעקב =&gt; בנייני האומה"/>
  <tag k="name:en" v="Jerusalem 25: Neve Ya'akov =&gt; Binyene Ha'Uma ICC"/>
  <tag k="name:he" v="ירושלים 25: נווה יעקב =&gt; בנייני האומה"/>
  <tag k="network" v="ירושלים"/>
  <tag k="network:en" v="Jerusalem"/>
  <tag k="network:he" v="ירושלים"/>
  <tag k="operator" v="אקסטרה ירושלים"/>
  <tag k="operator:en" v="Extra Jerusalem"/>
  <tag k="operator:he" v="אקסטרה ירושלים"/>
  <tag k="public_transport:version" v="2"/>
  <tag k="ref" v="25"/>
  <tag k="route" v="bus"/>
  <tag k="to" v="בנייני האומה"/>
  <tag k="to:en" v="Binyene Ha'Uma ICC"/>
  <tag k="to:he" v="בנייני האומה"/>
  <tag k="type" v="route"/>
  <tag k="website" v="https://extrapt.co.il/"/>
 </relation>
 <relation id="16510798" visible="true" version="6" changeset="181234961" timestamp="2026-04-12T14:59:59Z" user="ירח אפל" uid="1041983">
  <member type="relation" ref="16510793" role=""/>
  <member type="relation" ref="12477126" role=""/>
  <member type="relation" ref="16510796" role=""/>
  <member type="relation" ref="19627544" role=""/>
  <tag k="gtfs:feed" v="IL-MOT"/>
  <tag k="gtfs:route_id" v="5526;5527;5528;39408"/>
  <tag k="name" v="ירושלים 25"/>
  <tag k="name:en" v="Jerusalem 25"/>
  <tag k="name:he" v="ירושלים 25"/>
  <tag k="network" v="ירושלים"/>
  <tag k="network:en" v="Jerusalem"/>
  <tag k="network:he" v="ירושלים"/>
  <tag k="operator" v="אקסטרה ירושלים"/>
  <tag k="operator:en" v="Extra Jerusalem"/>
  <tag k="operator:he" v="אקסטרה ירושלים"/>
  <tag k="ref" v="25"/>
  <tag k="route_master" v="bus"/>
  <tag k="type" v="route_master"/>
  <tag k="website" v="https://extrapt.co.il/"/>
 </relation>
 <relation id="16919891" visible="true" version="46" changeset="188445124" timestamp="2026-09-02T23:17:41Z" user="Ornits" uid="24450071">
  <member type="node" ref="13542805741" role="platform_entry_only"/>
  <member type="node" ref="1803012677" role="platform_entry_only"/>
  <member type="node" ref="1803012681" role="platform"/>
  <member type="node" ref="1803029579" role="platform"/>
  <member type="node" ref="1803042863" role="platform"/>
  <member type="node" ref="1803042864" role="platform"/>
  <member type="node" ref="1803067869" role="platform"/>
  <member type="node" ref="1803080413" role="platform"/>
  <member type="node" ref="12172789405" role="platform"/>
  <member type="node" ref="1803005041" role="platform"/>
  <member type="node" ref="1803009018" role="platform"/>
  <member type="node" ref="1803005039" role="platform"/>
  <member type="node" ref="1803009022" role="platform"/>
  <member type="node" ref="12985308871" role="platform"/>
  <member type="node" ref="1803025234" role="platform"/>
  <member type="node" ref="1803025340" role="platform"/>
  <member type="node" ref="5212811126" role="platform"/>
  <member type="node" ref="1803085196" role="platform"/>
  <member type="node" ref="1803026576" role="platform"/>
  <member type="node" ref="1803026557" role="platform"/>
  <member type="node" ref="1803089385" role="platform"/>
  <member type="node" ref="1803089387" role="platform"/>
  <member type="node" ref="1803043875" role="platform"/>
  <member type="node" ref="1803043877" role="platform"/>
  <member type="node" ref="1803084946" role="platform"/>
  <member type="node" ref="1803081764" role="platform"/>
  <member type="node" ref="5213090245" role="platform"/>
  <member type="node" ref="12172745012" role="platform"/>
  <member type="node" ref="1803094318" role="platform"/>
  <member type="node" ref="1803003429" role="platform"/>
  <member type="node" ref="1803093264" role="platform"/>
  <member type="node" ref="1803054419" role="platform"/>
  <member type="node" ref="1802985776" role="platform"/>
  <member type="node" ref="1802985781" role="platform"/>
  <member type="node" ref="1803088805" role="platform"/>
  <member type="node" ref="1802995521" role="platform"/>
  <member type="node" ref="1803068839" role="platform"/>
  <member type="node" ref="7941723673" role="platform"/>
  <member type="node" ref="7941723676" role="platform"/>
  <member type="node" ref="7941723677" role="platform"/>
  <member type="node" ref="7941723674" role="platform_exit_only"/>
  <member type="node" ref="12985308869" role="platform"/>
  <member type="node" ref="12172754911" role="platform"/>
  <member type="node" ref="12172754910" role="platform"/>
  <member type="way" ref="1203764551" role=""/>
  <member type="way" ref="318579642" role=""/>
  <member type="way" ref="231413874" role=""/>
  <member type="way" ref="1207767194" role=""/>
  <member type="way" ref="1203766201" role=""/>
  <member type="way" ref="808368934" role=""/>
  <member type="way" ref="318583885" role=""/>
  <member type="way" ref="823526475" role=""/>
  <member type="way" ref="917128763" role=""/>
  <member type="way" ref="823526478" role=""/>
  <member type="way" ref="823526472" role=""/>
  <member type="way" ref="1086985758" role=""/>
  <member type="way" ref="1086985759" role=""/>
  <member type="way" ref="827374843" role=""/>
  <member type="way" ref="202738551" role=""/>
  <member type="way" ref="202738554" role=""/>
  <member type="way" ref="202738559" role=""/>
  <member type="way" ref="1086985751" role=""/>
  <member type="way" ref="824882895" role=""/>
  <member type="way" ref="824882896" role=""/>
  <member type="way" ref="1491341388" role=""/>
  <member type="way" ref="824882894" role=""/>
  <member type="way" ref="1422140484" role=""/>
  <member type="way" ref="824882892" role=""/>
  <member type="way" ref="186893964" role=""/>
  <member type="way" ref="1422140488" role=""/>
  <member type="way" ref="119695274" role=""/>
  <member type="way" ref="4741784" role=""/>
  <member type="way" ref="917128760" role=""/>
  <member type="way" ref="188509236" role=""/>
  <member type="way" ref="26307043" role=""/>
  <member type="way" ref="1191529679" role=""/>
  <member type="way" ref="1191529686" role=""/>
  <member type="way" ref="1191529690" role=""/>
  <member type="way" ref="186893944" role=""/>
  <member type="way" ref="1123124217" role=""/>
  <member type="way" ref="4741773" role=""/>
  <member type="way" ref="1022644846" role=""/>
  <member type="way" ref="1022644847" role=""/>
  <member type="way" ref="1022644844" role=""/>
  <member type="way" ref="23186527" role=""/>
  <member type="way" ref="810246483" role=""/>
  <member type="way" ref="927458233" role=""/>
  <member type="way" ref="1035613322" role=""/>
  <member type="way" ref="1411227330" role=""/>
  <member type="way" ref="1411227327" role=""/>
  <member type="way" ref="231125538" role=""/>
  <member type="way" ref="1550398814" role=""/>
  <member type="way" ref="927303270" role=""/>
  <member type="way" ref="231125542" role=""/>
  <member type="way" ref="1550398811" role=""/>
  <member type="way" ref="1550398807" role=""/>
  <member type="way" ref="124551822" role=""/>
  <member type="way" ref="1550631187" role=""/>
  <member type="way" ref="158010382" role=""/>
  <member type="way" ref="1550631188" role=""/>
  <member type="way" ref="158010376" role=""/>
  <member type="way" ref="235950292" role=""/>
  <member type="way" ref="1455273995" role=""/>
  <member type="way" ref="784454195" role=""/>
  <member type="way" ref="784454194" role=""/>
  <member type="way" ref="784454188" role=""/>
  <member type="way" ref="1447031110" role=""/>
  <member type="way" ref="1149911589" role=""/>
  <member type="way" ref="1044747888" role=""/>
  <member type="way" ref="917584485" role=""/>
  <member type="way" ref="917439802" role=""/>
  <member type="way" ref="157551040" role=""/>
  <member type="way" ref="956387343" role=""/>
  <member type="way" ref="1044747870" role=""/>
  <member type="way" ref="1044747868" role=""/>
  <member type="way" ref="1020864122" role=""/>
  <member type="way" ref="1020864121" role=""/>
  <member type="way" ref="917584487" role=""/>
  <member type="way" ref="235950295" role=""/>
  <member type="way" ref="1552449043" role=""/>
  <member type="way" ref="1552449044" role=""/>
  <member type="way" ref="771909618" role=""/>
  <member type="way" ref="1429768110" role=""/>
  <member type="way" ref="1429768115" role=""/>
  <member type="way" ref="1429768107" role=""/>
  <member type="way" ref="1429768106" role=""/>
  <member type="way" ref="1429768105" role=""/>
  <member type="way" ref="393877475" role=""/>
  <member type="way" ref="393877476" role=""/>
  <member type="way" ref="1429768121" role=""/>
  <member type="way" ref="1429768122" role=""/>
  <member type="way" ref="398458356" role=""/>
  <member type="way" ref="774633463" role=""/>
  <member type="way" ref="774633461" role=""/>
  <member type="way" ref="774633443" role=""/>
  <member type="way" ref="774633444" role=""/>
  <member type="way" ref="774633450" role=""/>
  <member type="way" ref="918404111" role=""/>
  <member type="way" ref="774633455" role=""/>
  <member type="way" ref="774633454" role=""/>
  <member type="way" ref="774633456" role=""/>
  <member type="way" ref="774633457" role=""/>
  <member type="way" ref="774633433" role=""/>
  <member type="way" ref="773806263" role=""/>
  <member type="way" ref="774633458" role=""/>
  <member type="way" ref="313735814" role=""/>
  <member type="way" ref="773806289" role=""/>
  <member type="way" ref="773806288" role=""/>
  <member type="way" ref="1491923268" role=""/>
  <member type="way" ref="230894189" role=""/>
  <member type="way" ref="134936374" role=""/>
  <member type="way" ref="773806275" role=""/>
  <member type="way" ref="773806277" role=""/>
  <member type="way" ref="773806279" role=""/>
  <member type="way" ref="773806280" role=""/>
  <member type="way" ref="773806283" role=""/>
  <member type="way" ref="773806284" role=""/>
  <member type="way" ref="1491923270" role=""/>
  <member type="way" ref="273011364" role=""/>
  <member type="way" ref="1182492216" role=""/>
  <member type="way" ref="1076185783" role=""/>
  <member type="way" ref="1182492217" role=""/>
  <member type="way" ref="1076185782" role=""/>
  <member type="way" ref="1076185789" role=""/>
  <member type="way" ref="920864369" role=""/>
  <member type="way" ref="29874846" role=""/>
  <member type="way" ref="1161076599" role=""/>
  <member type="way" ref="1161076611" role=""/>
  <member type="way" ref="1161076608" role=""/>
  <member type="way" ref="1386000865" role=""/>
  <member type="way" ref="1386000864" role=""/>
  <member type="way" ref="1523840264" role=""/>
  <member type="way" ref="184901285" role=""/>
  <member type="way" ref="184901273" role=""/>
  <member type="way" ref="1079865420" role=""/>
  <member type="way" ref="184901274" role=""/>
  <member type="way" ref="927299698" role=""/>
  <member type="way" ref="823854156" role=""/>
  <member type="way" ref="184901273" role=""/>
  <member type="way" ref="184901285" role=""/>
  <member type="way" ref="1386000863" role=""/>
  <member type="way" ref="948936177" role=""/>
  <member type="way" ref="1523840263" role=""/>
  <member type="way" ref="184901281" role=""/>
  <member type="way" ref="1436452009" role=""/>
  <member type="way" ref="975399373" role=""/>
  <member type="way" ref="1374281292" role=""/>
  <member type="way" ref="975399372" role=""/>
  <member type="way" ref="823854172" role=""/>
  <member type="way" ref="948936170" role=""/>
  <member type="way" ref="764610364" role=""/>
  <member type="way" ref="1377476121" role=""/>
  <member type="way" ref="1264535835" role=""/>
  <member type="way" ref="1334601453" role=""/>
  <member type="way" ref="1334601455" role=""/>
  <member type="way" ref="764610361" role=""/>
  <member type="way" ref="217283278" role=""/>
  <member type="way" ref="1334601475" role=""/>
  <member type="way" ref="975649452" role=""/>
  <member type="way" ref="1275448675" role=""/>
  <member type="way" ref="975422482" role=""/>
  <member type="way" ref="1274524876" role=""/>
  <member type="way" ref="661847161" role=""/>
  <member type="way" ref="842731160" role=""/>
  <member type="way" ref="927299699" role=""/>
  <member type="way" ref="823854204" role=""/>
  <member type="way" ref="823854206" role=""/>
  <member type="way" ref="823854197" role=""/>
  <member type="way" ref="813797163" role=""/>
  <tag k="from" v="אזור תעשיה תלפיות"/>
  <tag k="from:en" v="Talpiyot Industrial Area"/>
  <tag k="from:he" v="אזור תעשיה תלפיות"/>
  <tag k="gtfs:feed" v="IL-MOT"/>
  <tag k="gtfs:route_id" v="12424"/>
  <tag k="gtfs:shape_id" v="163223"/>
  <tag k="name" v="Jerusalem 34: Talpiyot Industrial Area =&gt; Mount Scopus Termianl"/>
  <tag k="network" v="ירושלים"/>
  <tag k="network:en" v="Jerusalem"/>
  <tag k="network:he" v="ירושלים"/>
  <tag k="operator" v="אגד"/>
  <tag k="operator:en" v="Egged"/>
  <tag k="operator:he" v="אגד"/>
  <tag k="public_transport:version" v="2"/>
  <tag k="ref" v="34"/>
  <tag k="route" v="bus"/>
  <tag k="to" v="מסוף הר הצופים"/>
  <tag k="to:en" v="Mount Scopus Terminal"/>
  <tag k="to:he" v="מסוף הר הצופים"/>
  <tag k="type" v="route"/>
  <tag k="website" v="https://www.egged.co.il"/>
 </relation>
 <relation id="16919892" visible="true" version="49" changeset="188445124" timestamp="2026-09-02T23:17:41Z" user="Ornits" uid="24450071">
  <member type="node" ref="7941723678" role="platform_entry_only"/>
  <member type="node" ref="7941723679" role="platform"/>
  <member type="node" ref="7941723675" role="platform"/>
  <member type="node" ref="1803086997" role="platform"/>
  <member type="node" ref="1802993056" role="platform"/>
  <member type="node" ref="1803081126" role="platform"/>
  <member type="node" ref="1802985766" role="platform"/>
  <member type="node" ref="1803054417" role="platform"/>
  <member type="node" ref="1803093265" role="platform"/>
  <member type="node" ref="1803003426" role="platform"/>
  <member type="node" ref="1803094311" role="platform"/>
  <member type="node" ref="12172730822" role="platform"/>
  <member type="node" ref="1803081762" role="platform"/>
  <member type="node" ref="1803081760" role="platform"/>
  <member type="node" ref="1803068795" role="platform"/>
  <member type="node" ref="1803043876" role="platform"/>
  <member type="node" ref="1803043874" role="platform"/>
  <member type="node" ref="1803089388" role="platform"/>
  <member type="node" ref="1803089384" role="platform"/>
  <member type="node" ref="1803026567" role="platform"/>
  <member type="node" ref="13130819721" role="platform"/>
  <member type="node" ref="13130819722" role="platform"/>
  <member type="node" ref="1803025332" role="platform"/>
  <member type="node" ref="1803025325" role="platform"/>
  <member type="node" ref="1803067986" role="platform"/>
  <member type="node" ref="1803067985" role="platform"/>
  <member type="node" ref="1803051552" role="platform"/>
  <member type="node" ref="1803012683" role="platform"/>
  <member type="node" ref="5210699476" role="platform_exit_only"/>
  <member type="node" ref="12985308874" role="platform"/>
  <member type="node" ref="12985308876" role="platform"/>
  <member type="node" ref="1803010795" role="platform"/>
  <member type="node" ref="1803010778" role="platform"/>
  <member type="node" ref="12172774819" role="platform"/>
  <member type="node" ref="12172789403" role="platform"/>
  <member type="node" ref="1803035950" role="platform"/>
  <member type="node" ref="12985308867" role="platform"/>
  <member type="node" ref="14076812811" role="platform"/>
  <member type="way" ref="88828233" role=""/>
  <member type="way" ref="823854185" role=""/>
  <member type="way" ref="1110131184" role=""/>
  <member type="way" ref="157675579" role=""/>
  <member type="way" ref="1110131185" role=""/>
  <member type="way" ref="73298931" role=""/>
  <member type="way" ref="823854178" role=""/>
  <member type="way" ref="1377476130" role=""/>
  <member type="way" ref="1448473600" role=""/>
  <member type="way" ref="823854176" role=""/>
  <member type="way" ref="218574302" role=""/>
  <member type="way" ref="813797177" role=""/>
  <member type="way" ref="1253463329" role=""/>
  <member type="way" ref="813797178" role=""/>
  <member type="way" ref="1275448684" role=""/>
  <member type="way" ref="1274524876" role=""/>
  <member type="way" ref="662927875" role=""/>
  <member type="way" ref="975649459" role=""/>
  <member type="way" ref="1460578171" role=""/>
  <member type="way" ref="975399369" role=""/>
  <member type="way" ref="975649457" role=""/>
  <member type="way" ref="1274524887" role=""/>
  <member type="way" ref="917809501" role=""/>
  <member type="way" ref="1334601470" role=""/>
  <member type="way" ref="1334601472" role=""/>
  <member type="way" ref="1263614656" role=""/>
  <member type="way" ref="1334601456" role=""/>
  <member type="way" ref="1377476121" role=""/>
  <member type="way" ref="764610364" role=""/>
  <member type="way" ref="948936172" role=""/>
  <member type="way" ref="1079810024" role=""/>
  <member type="way" ref="1079810026" role=""/>
  <member type="way" ref="1079810028" role=""/>
  <member type="way" ref="905550539" role=""/>
  <member type="way" ref="929384096" role=""/>
  <member type="way" ref="1436452006" role=""/>
  <member type="way" ref="948936157" role=""/>
  <member type="way" ref="1523840263" role=""/>
  <member type="way" ref="948936177" role=""/>
  <member type="way" ref="1386000864" role=""/>
  <member type="way" ref="1523840264" role=""/>
  <member type="way" ref="184901285" role=""/>
  <member type="way" ref="184901273" role=""/>
  <member type="way" ref="1079865420" role=""/>
  <member type="way" ref="184901274" role=""/>
  <member type="way" ref="927299698" role=""/>
  <member type="way" ref="823854156" role=""/>
  <member type="way" ref="184901273" role=""/>
  <member type="way" ref="184901285" role=""/>
  <member type="way" ref="1386000863" role=""/>
  <member type="way" ref="1386000865" role=""/>
  <member type="way" ref="1161076608" role=""/>
  <member type="way" ref="1161076611" role=""/>
  <member type="way" ref="1161076599" role=""/>
  <member type="way" ref="29874846" role=""/>
  <member type="way" ref="920864369" role=""/>
  <member type="way" ref="1076185781" role=""/>
  <member type="way" ref="1076185787" role=""/>
  <member type="way" ref="1076185786" role=""/>
  <member type="way" ref="1182492217" role=""/>
  <member type="way" ref="1076185783" role=""/>
  <member type="way" ref="1097529646" role=""/>
  <member type="way" ref="270570728" role=""/>
  <member type="way" ref="1076185791" role=""/>
  <member type="way" ref="273011365" role=""/>
  <member type="way" ref="1491923270" role=""/>
  <member type="way" ref="773806284" role=""/>
  <member type="way" ref="773806283" role=""/>
  <member type="way" ref="773806280" role=""/>
  <member type="way" ref="773806279" role=""/>
  <member type="way" ref="773806277" role=""/>
  <member type="way" ref="773806275" role=""/>
  <member type="way" ref="134936374" role=""/>
  <member type="way" ref="230894189" role=""/>
  <member type="way" ref="313735813" role=""/>
  <member type="way" ref="773806288" role=""/>
  <member type="way" ref="773806287" role=""/>
  <member type="way" ref="773806291" role=""/>
  <member type="way" ref="1498018600" role=""/>
  <member type="way" ref="1190032817" role=""/>
  <member type="way" ref="230894181" role=""/>
  <member type="way" ref="73298568" role=""/>
  <member type="way" ref="1432641690" role=""/>
  <member type="way" ref="774633433" role=""/>
  <member type="way" ref="774633457" role=""/>
  <member type="way" ref="774633456" role=""/>
  <member type="way" ref="774633454" role=""/>
  <member type="way" ref="774633455" role=""/>
  <member type="way" ref="918404111" role=""/>
  <member type="way" ref="774633445" role=""/>
  <member type="way" ref="774633453" role=""/>
  <member type="way" ref="774633451" role=""/>
  <member type="way" ref="774633448" role=""/>
  <member type="way" ref="774633443" role=""/>
  <member type="way" ref="1429768092" role=""/>
  <member type="way" ref="1429804316" role=""/>
  <member type="way" ref="1429768089" role=""/>
  <member type="way" ref="1429768127" role=""/>
  <member type="way" ref="1429768124" role=""/>
  <member type="way" ref="1429768119" role=""/>
  <member type="way" ref="1429768117" role=""/>
  <member type="way" ref="1429768093" role=""/>
  <member type="way" ref="1429768116" role=""/>
  <member type="way" ref="1429768113" role=""/>
  <member type="way" ref="1429768112" role=""/>
  <member type="way" ref="1429768109" role=""/>
  <member type="way" ref="917809503" role=""/>
  <member type="way" ref="217279064" role=""/>
  <member type="way" ref="1044747895" role=""/>
  <member type="way" ref="1044747869" role=""/>
  <member type="way" ref="956387343" role=""/>
  <member type="way" ref="157551040" role=""/>
  <member type="way" ref="917439802" role=""/>
  <member type="way" ref="917584485" role=""/>
  <member type="way" ref="1044747888" role=""/>
  <member type="way" ref="1455273996" role=""/>
  <member type="way" ref="217274599" role=""/>
  <member type="way" ref="1447031116" role=""/>
  <member type="way" ref="1020864126" role=""/>
  <member type="way" ref="784454197" role=""/>
  <member type="way" ref="1447031112" role=""/>
  <member type="way" ref="1044747894" role=""/>
  <member type="way" ref="738253609" role=""/>
  <member type="way" ref="1044747892" role=""/>
  <member type="way" ref="127388123" role=""/>
  <member type="way" ref="1550398809" role=""/>
  <member type="way" ref="1550631185" role=""/>
  <member type="way" ref="1550631186" role=""/>
  <member type="way" ref="231125542" role=""/>
  <member type="way" ref="1550398810" role=""/>
  <member type="way" ref="1550398812" role=""/>
  <member type="way" ref="231125538" role=""/>
  <member type="way" ref="1411227327" role=""/>
  <member type="way" ref="1411227330" role=""/>
  <member type="way" ref="1035613322" role=""/>
  <member type="way" ref="75897640" role=""/>
  <member type="way" ref="1317452066" role=""/>
  <member type="way" ref="1317452065" role=""/>
  <member type="way" ref="810246485" role=""/>
  <member type="way" ref="260348119" role=""/>
  <member type="way" ref="810246497" role=""/>
  <member type="way" ref="1191529696" role=""/>
  <member type="way" ref="1191529693" role=""/>
  <member type="way" ref="1191529697" role=""/>
  <member type="way" ref="1191529691" role=""/>
  <member type="way" ref="1123124220" role=""/>
  <member type="way" ref="188509236" role=""/>
  <member type="way" ref="188509237" role=""/>
  <member type="way" ref="188509245" role=""/>
  <member type="way" ref="1422140482" role=""/>
  <member type="way" ref="1422140495" role=""/>
  <member type="way" ref="375344199" role=""/>
  <member type="way" ref="202738551" role=""/>
  <member type="way" ref="202738566" role=""/>
  <member type="way" ref="824882898" role=""/>
  <member type="way" ref="824882987" role=""/>
  <member type="way" ref="202738548" role=""/>
  <member type="node" ref="14076812810" role="platform"/>
  <tag k="from" v="מסוף הר הצופים"/>
  <tag k="from:en" v="Mount Scopus Termianl"/>
  <tag k="from:he" v="מסוף הר הצופים"/>
  <tag k="gtfs:feed" v="IL-MOT"/>
  <tag k="gtfs:route_id" v="12422"/>
  <tag k="gtfs:shape_id" v="159544"/>
  <tag k="name" v="Jerusalem 34: Mount Scopus Termianl =&gt; Talpiyot Industrial Area"/>
  <tag k="network" v="ירושלים"/>
  <tag k="network:en" v="Jerusalem"/>
  <tag k="network:he" v="ירושלים"/>
  <tag k="operator" v="אגד"/>
  <tag k="operator:en" v="Egged"/>
  <tag k="operator:he" v="אגד"/>
  <tag k="public_transport:version" v="2"/>
  <tag k="ref" v="34"/>
  <tag k="route" v="bus"/>
  <tag k="to" v="אזור תעשיה תלפיות"/>
  <tag k="to:en" v="Talpiyot Industrial Area"/>
  <tag k="to:he" v="אזור תעשיה תלפיות"/>
  <tag k="type" v="route"/>
  <tag k="website" v="https://www.egged.co.il"/>
 </relation>
 <relation id="16919893" visible="true" version="2" changeset="181112070" timestamp="2026-04-09T18:23:29Z" user="ירח אפל" uid="1041983">
  <member type="relation" ref="16919891" role=""/>
  <member type="relation" ref="16919892" role=""/>
  <tag k="gtfs:feed" v="IL-MOT"/>
  <tag k="gtfs:route_id" v="12422;12424"/>
  <tag k="name" v="Jerusalem 34"/>
  <tag k="network" v="ירושלים"/>
  <tag k="network:en" v="Jerusalem"/>
  <tag k="network:he" v="ירושלים"/>
  <tag k="operator" v="אגד"/>
  <tag k="operator:en" v="Egged"/>
  <tag k="operator:he" v="אגד"/>
  <tag k="ref" v="34"/>
  <tag k="route_master" v="bus"/>
  <tag k="type" v="route_master"/>
  <tag k="website" v="https://www.egged.co.il"/>
 </relation>
 <relation id="17027353" visible="true" version="18" changeset="188443268" timestamp="2026-09-02T22:06:30Z" user="Ornits" uid="24450071">
  <member type="node" ref="5322574773" role="platform_entry_only"/>
  <member type="node" ref="5322574774" role="platform"/>
  <member type="node" ref="5322574770" role="platform"/>
  <member type="node" ref="12172742627" role="platform"/>
  <member type="node" ref="12172766903" role="platform"/>
  <member type="node" ref="5322574769" role="platform"/>
  <member type="node" ref="5322574768" role="platform"/>
  <member type="node" ref="5322574151" role="platform"/>
  <member type="node" ref="1803092950" role="platform"/>
  <member type="node" ref="1803083446" role="platform"/>
  <member type="node" ref="1803043925" role="platform"/>
  <member type="node" ref="1803043929" role="platform"/>
  <member type="node" ref="1803057365" role="platform"/>
  <member type="node" ref="1803094318" role="platform"/>
  <member type="node" ref="1803003429" role="platform"/>
  <member type="node" ref="1803093265" role="platform_exit_only"/>
  <member type="way" ref="534204909" role=""/>
  <member type="way" ref="1086182443" role=""/>
  <member type="way" ref="36854260" role=""/>
  <member type="way" ref="1086182444" role=""/>
  <member type="way" ref="823859650" role=""/>
  <member type="way" ref="1086182403" role=""/>
  <member type="way" ref="1086182479" role=""/>
  <member type="way" ref="1086182477" role=""/>
  <member type="way" ref="926256410" role=""/>
  <member type="way" ref="1086182406" role=""/>
  <member type="way" ref="823857646" role=""/>
  <member type="way" ref="1098597642" role=""/>
  <member type="way" ref="1133283182" role=""/>
  <member type="way" ref="1105250269" role=""/>
  <member type="way" ref="823857646" role=""/>
  <member type="way" ref="1086182405" role=""/>
  <member type="way" ref="1098597648" role=""/>
  <member type="way" ref="1086182478" role=""/>
  <member type="way" ref="1086182479" role=""/>
  <member type="way" ref="1086182408" role=""/>
  <member type="way" ref="1245021779" role=""/>
  <member type="way" ref="1245021780" role=""/>
  <member type="way" ref="93418965" role=""/>
  <member type="way" ref="1458949232" role=""/>
  <member type="way" ref="1462646159" role=""/>
  <member type="way" ref="1458949230" role=""/>
  <member type="way" ref="1458949229" role=""/>
  <member type="way" ref="36854266" role=""/>
  <member type="way" ref="829713061" role=""/>
  <member type="way" ref="998113880" role=""/>
  <member type="way" ref="1022335489" role=""/>
  <member type="way" ref="1239779556" role=""/>
  <member type="way" ref="1022353927" role=""/>
  <member type="way" ref="1022335519" role=""/>
  <member type="way" ref="1498018601" role=""/>
  <member type="way" ref="1022335500" role=""/>
  <member type="way" ref="1022353922" role=""/>
  <member type="way" ref="1022353926" role=""/>
  <member type="way" ref="1022335498" role=""/>
  <member type="way" ref="1022335499" role=""/>
  <member type="way" ref="230904068" role=""/>
  <member type="way" ref="1183725409" role=""/>
  <member type="way" ref="829713084" role=""/>
  <member type="way" ref="1412816643" role=""/>
  <member type="way" ref="1412816644" role=""/>
  <member type="way" ref="1103356053" role=""/>
  <member type="way" ref="1103356052" role=""/>
  <member type="way" ref="1411685404" role=""/>
  <member type="way" ref="1411685401" role=""/>
  <member type="way" ref="217282008" role=""/>
  <member type="way" ref="1076200791" role=""/>
  <member type="way" ref="1076200797" role=""/>
  <member type="way" ref="1076200810" role=""/>
  <member type="way" ref="96711211" role=""/>
  <member type="way" ref="1076200773" role=""/>
  <member type="way" ref="1076200780" role=""/>
  <member type="way" ref="1076200777" role=""/>
  <member type="way" ref="1076200787" role=""/>
  <member type="way" ref="73908917" role=""/>
  <member type="way" ref="1207783463" role=""/>
  <member type="way" ref="1207783469" role=""/>
  <member type="way" ref="1207783462" role=""/>
  <member type="way" ref="29880637" role=""/>
  <member type="way" ref="1076188841" role=""/>
  <member type="way" ref="1076188844" role=""/>
  <member type="way" ref="1076188847" role=""/>
  <member type="way" ref="1161076613" role=""/>
  <member type="way" ref="1161076615" role=""/>
  <member type="way" ref="1523840245" role=""/>
  <member type="way" ref="1523840246" role=""/>
  <member type="way" ref="1161076599" role=""/>
  <member type="way" ref="1161076611" role=""/>
  <member type="way" ref="1161076608" role=""/>
  <member type="way" ref="1386000865" role=""/>
  <member type="way" ref="1386000864" role=""/>
  <member type="way" ref="1523840264" role=""/>
  <member type="way" ref="184901285" role=""/>
  <member type="way" ref="184901273" role=""/>
  <member type="way" ref="1079865420" role=""/>
  <member type="node" ref="12172730821" role="platform"/>
  <tag k="from" v="הר חוצבים"/>
  <tag k="from:en" v="Har Hotsvim"/>
  <tag k="from:he" v="הר חוצבים"/>
  <tag k="gtfs:feed" v="IL-MOT"/>
  <tag k="gtfs:route_id" v="10489"/>
  <tag k="gtfs:shape_id" v="163228"/>
  <tag k="name" v="ירושלים 40: הר חוצבים =&gt; גבעת התחמושת"/>
  <tag k="name:en" v="Jerusalem 40: Har Hotsvim =&gt; Giv'at HaTahmoshet"/>
  <tag k="name:he" v="ירושלים 40: הר חוצבים =&gt; גבעת התחמושת"/>
  <tag k="network" v="ירושלים"/>
  <tag k="network:en" v="Jerusalem"/>
  <tag k="network:he" v="ירושלים"/>
  <tag k="operator" v="אקסטרה ירושלים"/>
  <tag k="operator:en" v="Extra Jerusalem"/>
  <tag k="operator:he" v="אקסטרה ירושלים"/>
  <tag k="public_transport:version" v="2"/>
  <tag k="ref" v="40"/>
  <tag k="route" v="bus"/>
  <tag k="to" v="גבעת התחמושת"/>
  <tag k="to:en" v="Giv'at HaTahmoshet"/>
  <tag k="to:he" v="גבעת התחמושת"/>
  <tag k="type" v="route"/>
  <tag k="website" v="https://extrapt.co.il/"/>
 </relation>
 <relation id="17027354" visible="true" version="17" changeset="188443268" timestamp="2026-09-02T22:06:30Z" user="Ornits" uid="24450071">
  <member type="node" ref="1803093265" role="platform_entry_only"/>
  <member type="node" ref="1803003426" role="platform"/>
  <member type="node" ref="1803094311" role="platform"/>
  <member type="node" ref="1803057364" role="platform"/>
  <member type="node" ref="1803057366" role="platform"/>
  <member type="node" ref="1803043926" role="platform"/>
  <member type="node" ref="1803043928" role="platform"/>
  <member type="node" ref="1803065211" role="platform"/>
  <member type="node" ref="5210699471" role="platform"/>
  <member type="node" ref="1803088095" role="platform"/>
  <member type="node" ref="1803032586" role="platform"/>
  <member type="node" ref="1803029853" role="platform"/>
  <member type="node" ref="1802983245" role="platform"/>
  <member type="node" ref="1803081737" role="platform"/>
  <member type="node" ref="12172742627" role="platform"/>
  <member type="node" ref="12172742626" role="platform"/>
  <member type="node" ref="12172766903" role="platform"/>
  <member type="node" ref="1803081738" role="platform"/>
  <member type="node" ref="1803081739" role="platform_exit_only"/>
  <member type="way" ref="184901274" role=""/>
  <member type="way" ref="927299698" role=""/>
  <member type="way" ref="823854156" role=""/>
  <member type="way" ref="184901273" role=""/>
  <member type="way" ref="184901285" role=""/>
  <member type="way" ref="1386000863" role=""/>
  <member type="way" ref="1386000865" role=""/>
  <member type="way" ref="1161076608" role=""/>
  <member type="way" ref="1161076611" role=""/>
  <member type="way" ref="1161076599" role=""/>
  <member type="way" ref="1523840246" role=""/>
  <member type="way" ref="1523840247" role=""/>
  <member type="way" ref="1523840250" role=""/>
  <member type="way" ref="1161076613" role=""/>
  <member type="way" ref="1076188842" role=""/>
  <member type="way" ref="1076188848" role=""/>
  <member type="way" ref="1076188845" role=""/>
  <member type="way" ref="29880637" role=""/>
  <member type="way" ref="1207783461" role=""/>
  <member type="way" ref="1207783467" role=""/>
  <member type="way" ref="1207783464" role=""/>
  <member type="way" ref="73908917" role=""/>
  <member type="way" ref="1076200772" role=""/>
  <member type="way" ref="1076200788" role=""/>
  <member type="way" ref="1076200782" role=""/>
  <member type="way" ref="1076200779" role=""/>
  <member type="way" ref="96711211" role=""/>
  <member type="way" ref="1076200811" role=""/>
  <member type="way" ref="1076200814" role=""/>
  <member type="way" ref="1076200798" role=""/>
  <member type="way" ref="1076200805" role=""/>
  <member type="way" ref="1076200792" role=""/>
  <member type="way" ref="217282008" role=""/>
  <member type="way" ref="217282007" role=""/>
  <member type="way" ref="1411685403" role=""/>
  <member type="way" ref="230904059" role=""/>
  <member type="way" ref="802591688" role=""/>
  <member type="way" ref="230904067" role=""/>
  <member type="way" ref="1239779557" role=""/>
  <member type="way" ref="1022335522" role=""/>
  <member type="way" ref="1239779548" role=""/>
  <member type="way" ref="829713061" role=""/>
  <member type="way" ref="36854266" role=""/>
  <member type="way" ref="1458949229" role=""/>
  <member type="way" ref="1458949231" role=""/>
  <member type="way" ref="1458949228" role=""/>
  <member type="way" ref="1458949233" role=""/>
  <member type="way" ref="93418965" role=""/>
  <member type="way" ref="1245021780" role=""/>
  <member type="way" ref="1245021779" role=""/>
  <member type="way" ref="1086182407" role=""/>
  <member type="way" ref="926256410" role=""/>
  <member type="way" ref="1086182406" role=""/>
  <member type="way" ref="823857646" role=""/>
  <member type="way" ref="1098597642" role=""/>
  <member type="way" ref="1133283182" role=""/>
  <member type="way" ref="1105250269" role=""/>
  <member type="way" ref="823857646" role=""/>
  <member type="way" ref="1086182405" role=""/>
  <member type="way" ref="1098597648" role=""/>
  <member type="way" ref="1086182404" role=""/>
  <member type="way" ref="823859650" role=""/>
  <member type="way" ref="1086182444" role=""/>
  <member type="way" ref="1283197293" role=""/>
  <member type="way" ref="260995774" role=""/>
  <member type="way" ref="1086182471" role=""/>
  <member type="way" ref="1086182472" role=""/>
  <tag k="from" v="גבעת התחמושת"/>
  <tag k="from:en" v="Giv'at HaTahmoshet"/>
  <tag k="from:he" v="גבעת התחמושת"/>
  <tag k="gtfs:feed" v="IL-MOT"/>
  <tag k="gtfs:route_id" v="10488"/>
  <tag k="gtfs:shape_id" v="163227"/>
  <tag k="name" v="ירושלים 40: גבעת התחמושת =&gt; הר חוצבים"/>
  <tag k="name:en" v="Jerusalem 40: Giv'at HaTahmoshet =&gt; Har Hotsvim"/>
  <tag k="name:he" v="ירושלים 40: גבעת התחמושת =&gt; הר חוצבים"/>
  <tag k="network" v="ירושלים"/>
  <tag k="network:en" v="Jerusalem"/>
  <tag k="network:he" v="ירושלים"/>
  <tag k="operator" v="אקסטרה ירושלים"/>
  <tag k="operator:en" v="Extra Jerusalem"/>
  <tag k="operator:he" v="אקסטרה ירושלים"/>
  <tag k="public_transport:version" v="2"/>
  <tag k="ref" v="40"/>
  <tag k="route" v="bus"/>
  <tag k="to" v="הר חוצבים"/>
  <tag k="to:en" v="Har Hotsvim"/>
  <tag k="to:he" v="הר חוצבים"/>
  <tag k="type" v="route"/>
  <tag k="website" v="https://extrapt.co.il/"/>
 </relation>
 <relation id="17027355" visible="true" version="2" changeset="181112070" timestamp="2026-04-09T18:23:29Z" user="ירח אפל" uid="1041983">
  <member type="relation" ref="17027353" role=""/>
  <member type="relation" ref="17027354" role=""/>
  <tag k="gtfs:feed" v="IL-MOT"/>
  <tag k="gtfs:route_id" v="10488;10489"/>
  <tag k="name" v="ירושלים 40"/>
  <tag k="name:en" v="Jerusalem 40"/>
  <tag k="name:he" v="ירושלים 40"/>
  <tag k="network" v="ירושלים"/>
  <tag k="network:en" v="Jerusalem"/>
  <tag k="network:he" v="ירושלים"/>
  <tag k="operator" v="אקסטרה ירושלים"/>
  <tag k="operator:en" v="Extra Jerusalem"/>
  <tag k="operator:he" v="אקסטרה ירושלים"/>
  <tag k="ref" v="40"/>
  <tag k="route_master" v="bus"/>
  <tag k="type" v="route_master"/>
  <tag k="website" v="https://extrapt.co.il/"/>
 </relation>
 <relation id="17048822" visible="true" version="32" changeset="188436338" timestamp="2026-09-02T19:01:02Z" user="Ornits" uid="24450071">
  <member type="node" ref="12172766816" role="platform_entry_only"/>
  <member type="node" ref="1802995754" role="platform_entry_only"/>
  <member type="node" ref="5210715310" role="platform"/>
  <member type="node" ref="5487891973" role="platform"/>
  <member type="node" ref="1803001772" role="platform"/>
  <member type="node" ref="1802996976" role="platform"/>
  <member type="node" ref="5210700294" role="platform"/>
  <member type="node" ref="1803026594" role="platform"/>
  <member type="node" ref="1803047654" role="platform"/>
  <member type="node" ref="1803043877" role="platform"/>
  <member type="node" ref="1802991951" role="platform"/>
  <member type="node" ref="1802991932" role="platform"/>
  <member type="node" ref="1803087321" role="platform"/>
  <member type="node" ref="1803087326" role="platform"/>
  <member type="node" ref="1803087322" role="platform"/>
  <member type="node" ref="1803088482" role="platform"/>
  <member type="node" ref="1803051617" role="platform"/>
  <member type="node" ref="1803088769" role="platform"/>
  <member type="node" ref="1803087607" role="platform"/>
  <member type="node" ref="1803087586" role="platform"/>
  <member type="node" ref="1803085339" role="platform"/>
  <member type="node" ref="1803087587" role="platform"/>
  <member type="node" ref="1803086799" role="platform"/>
  <member type="node" ref="1803032157" role="platform"/>
  <member type="node" ref="1803032156" role="platform"/>
  <member type="node" ref="1803032155" role="platform"/>
  <member type="node" ref="1803035308" role="platform"/>
  <member type="node" ref="1803031971" role="platform"/>
  <member type="node" ref="1803046421" role="platform"/>
  <member type="node" ref="1803035998" role="platform"/>
  <member type="node" ref="1803035996" role="platform"/>
  <member type="node" ref="1803035995" role="platform"/>
  <member type="node" ref="5744957563" role="platform"/>
  <member type="node" ref="12172742607" role="platform"/>
  <member type="node" ref="5744957560" role="platform"/>
  <member type="node" ref="5744957558" role="platform"/>
  <member type="node" ref="12172734813" role="platform_exit_only"/>
  <member type="way" ref="1287722554" role=""/>
  <member type="way" ref="1287722553" role=""/>
  <member type="way" ref="571406771" role=""/>
  <member type="way" ref="1098584824" role=""/>
  <member type="way" ref="813889190" role=""/>
  <member type="way" ref="1334561698" role=""/>
  <member type="way" ref="1379157492" role=""/>
  <member type="way" ref="1309982180" role=""/>
  <member type="way" ref="1361278834" role=""/>
  <member type="way" ref="1123076364" role=""/>
  <member type="way" ref="1212558010" role=""/>
  <member type="way" ref="682265530" role=""/>
  <member type="way" ref="1212557990" role=""/>
  <member type="way" ref="905457671" role=""/>
  <member type="way" ref="571019922" role=""/>
  <member type="way" ref="1094279305" role=""/>
  <member type="way" ref="689120468" role=""/>
  <member type="way" ref="159706215" role=""/>
  <member type="way" ref="784425278" role=""/>
  <member type="way" ref="1302318111" role=""/>
  <member type="way" ref="1302318109" role=""/>
  <member type="way" ref="866095818" role=""/>
  <member type="way" ref="866095814" role=""/>
  <member type="way" ref="1301961129" role=""/>
  <member type="way" ref="1429804311" role=""/>
  <member type="way" ref="701478854" role=""/>
  <member type="way" ref="701478861" role=""/>
  <member type="way" ref="1429816901" role=""/>
  <member type="way" ref="1429804325" role=""/>
  <member type="way" ref="1455273989" role=""/>
  <member type="way" ref="1455273988" role=""/>
  <member type="way" ref="897236926" role=""/>
  <member type="way" ref="773806297" role=""/>
  <member type="way" ref="1358782197" role=""/>
  <member type="way" ref="236433068" role=""/>
  <member type="way" ref="236433067" role=""/>
  <member type="way" ref="1358782196" role=""/>
  <member type="way" ref="1005341153" role=""/>
  <member type="way" ref="1005341148" role=""/>
  <member type="way" ref="44080732" role=""/>
  <member type="way" ref="448684076" role=""/>
  <member type="way" ref="236433064" role=""/>
  <member type="way" ref="4710057" role=""/>
  <member type="way" ref="1188718138" role=""/>
  <member type="way" ref="773806272" role=""/>
  <member type="way" ref="917393853" role=""/>
  <member type="way" ref="236433070" role=""/>
  <member type="way" ref="1491923268" role=""/>
  <member type="way" ref="230894189" role=""/>
  <member type="way" ref="134936374" role=""/>
  <member type="way" ref="773806275" role=""/>
  <member type="way" ref="773806277" role=""/>
  <member type="way" ref="773806279" role=""/>
  <member type="way" ref="773806280" role=""/>
  <member type="way" ref="773806283" role=""/>
  <member type="way" ref="773806284" role=""/>
  <member type="way" ref="1491923270" role=""/>
  <member type="way" ref="273011364" role=""/>
  <member type="way" ref="1182492216" role=""/>
  <member type="way" ref="1076185783" role=""/>
  <member type="way" ref="1182492217" role=""/>
  <member type="way" ref="1076185782" role=""/>
  <member type="way" ref="1076185780" role=""/>
  <member type="way" ref="1076185788" role=""/>
  <member type="way" ref="31451460" role=""/>
  <member type="way" ref="1182492205" role=""/>
  <member type="way" ref="1523840253" role=""/>
  <member type="way" ref="217283288" role=""/>
  <member type="way" ref="1197741713" role=""/>
  <member type="way" ref="1248957416" role=""/>
  <member type="way" ref="661716344" role=""/>
  <member type="way" ref="231130791" role=""/>
  <member type="way" ref="1386000890" role=""/>
  <member type="way" ref="912434716" role=""/>
  <member type="way" ref="823854152" role=""/>
  <member type="way" ref="823854145" role=""/>
  <member type="way" ref="926722717" role=""/>
  <member type="way" ref="739101012" role=""/>
  <member type="way" ref="739101013" role=""/>
  <member type="way" ref="291378572" role=""/>
  <member type="way" ref="41901559" role=""/>
  <member type="way" ref="926197522" role=""/>
  <member type="way" ref="104276103" role=""/>
  <member type="way" ref="104276111" role=""/>
  <member type="way" ref="1245237956" role=""/>
  <member type="way" ref="628531938" role=""/>
  <member type="way" ref="918404113" role=""/>
  <member type="way" ref="628531941" role=""/>
  <member type="way" ref="287278564" role=""/>
  <member type="way" ref="287278551" role=""/>
  <member type="way" ref="920864372" role=""/>
  <member type="way" ref="265607424" role=""/>
  <member type="way" ref="121202019" role=""/>
  <member type="way" ref="918404121" role=""/>
  <member type="way" ref="1245367097" role=""/>
  <member type="way" ref="1245367096" role=""/>
  <member type="way" ref="288606086" role=""/>
  <member type="way" ref="588415738" role=""/>
  <member type="way" ref="588415741" role=""/>
  <member type="way" ref="571425467" role=""/>
  <member type="way" ref="713633730" role=""/>
  <member type="way" ref="1064022901" role=""/>
  <member type="way" ref="1361558371" role=""/>
  <member type="way" ref="1245402005" role=""/>
  <member type="way" ref="815860381" role=""/>
  <member type="way" ref="1177291368" role=""/>
  <member type="way" ref="1177291367" role=""/>
  <member type="way" ref="1177291364" role=""/>
  <member type="way" ref="1177291361" role=""/>
  <member type="way" ref="1177291359" role=""/>
  <member type="way" ref="875866198" role=""/>
  <member type="way" ref="1177291356" role=""/>
  <member type="way" ref="103307083" role=""/>
  <member type="way" ref="920864376" role=""/>
  <member type="way" ref="875866199" role=""/>
  <member type="way" ref="121237025" role=""/>
  <member type="way" ref="1216354112" role=""/>
  <member type="way" ref="1216354117" role=""/>
  <member type="way" ref="920864377" role=""/>
  <member type="way" ref="1216354114" role=""/>
  <member type="way" ref="267133861" role=""/>
  <member type="way" ref="1216354122" role=""/>
  <member type="way" ref="1216354106" role=""/>
  <member type="way" ref="1216354120" role=""/>
  <member type="way" ref="1216354105" role=""/>
  <member type="way" ref="1216354122" role=""/>
  <tag k="from" v="ביטוח לאומי"/>
  <tag k="from:en" v="Bitu'ah Le'umi"/>
  <tag k="from:he" v="ביטוח לאומי"/>
  <tag k="gtfs:feed" v="IL-MOT"/>
  <tag k="gtfs:route_id" v="5650"/>
  <tag k="gtfs:shape_id" v="157897"/>
  <tag k="name" v="ירושלים 45: ביטוח לאומי =&gt; פסגת זאב צפון"/>
  <tag k="name:en" v="Jerusalem 45: Bitu'ah Le'umi =&gt; Pisgat Ze'ev North"/>
  <tag k="name:he" v="ירושלים 45: ביטוח לאומי =&gt; פסגת זאב צפון"/>
  <tag k="network" v="ירושלים"/>
  <tag k="network:en" v="Jerusalem"/>
  <tag k="network:he" v="ירושלים"/>
  <tag k="operator" v="אקסטרה ירושלים"/>
  <tag k="operator:en" v="Extra Jerusalem"/>
  <tag k="operator:he" v="אקסטרה ירושלים"/>
  <tag k="public_transport:version" v="2"/>
  <tag k="ref" v="45"/>
  <tag k="route" v="bus"/>
  <tag k="to" v="פסגת זאב צפון"/>
  <tag k="to:en" v="Pisgat Ze'ev North"/>
  <tag k="to:he" v="פסגת זאב צפון"/>
  <tag k="type" v="route"/>
  <tag k="website" v="https://extrapt.co.il"/>
 </relation>
 <relation id="17048823" visible="true" version="18" changeset="183282514" timestamp="2026-05-28T03:03:41Z" user="ירח אפל" uid="1041983">
  <member type="node" ref="12172734813" role="platform_entry_only"/>
  <member type="node" ref="5744957559" role="platform"/>
  <member type="node" ref="5744957561" role="platform"/>
  <member type="node" ref="12172734812" role="platform"/>
  <member type="node" ref="12172618120" role="platform"/>
  <member type="node" ref="1803083429" role="platform"/>
  <member type="node" ref="1803083440" role="platform"/>
  <member type="node" ref="1803083441" role="platform"/>
  <member type="node" ref="1803035997" role="platform"/>
  <member type="node" ref="1803083428" role="platform"/>
  <member type="node" ref="1802991325" role="platform"/>
  <member type="node" ref="1803032168" role="platform"/>
  <member type="node" ref="5210699502" role="platform"/>
  <member type="node" ref="1803032170" role="platform"/>
  <member type="node" ref="1803087601" role="platform"/>
  <member type="node" ref="1803063069" role="platform"/>
  <member type="node" ref="1803088772" role="platform"/>
  <member type="node" ref="1803088770" role="platform"/>
  <member type="node" ref="1803051604" role="platform"/>
  <member type="node" ref="1803087324" role="platform"/>
  <member type="node" ref="1803087325" role="platform"/>
  <member type="node" ref="1803087323" role="platform"/>
  <member type="node" ref="1803049500" role="platform"/>
  <member type="node" ref="1802991929" role="platform"/>
  <member type="node" ref="1803068795" role="platform"/>
  <member type="node" ref="1803043876" role="platform"/>
  <member type="node" ref="1803043874" role="platform"/>
  <member type="node" ref="1803046454" role="platform"/>
  <member type="node" ref="1803026587" role="platform"/>
  <member type="node" ref="5210695863" role="platform"/>
  <member type="node" ref="1803089113" role="platform"/>
  <member type="node" ref="5487893098" role="platform"/>
  <member type="node" ref="1803001565" role="platform_exit_only"/>
  <member type="way" ref="267133861" role=""/>
  <member type="way" ref="1216354113" role=""/>
  <member type="way" ref="1216354119" role=""/>
  <member type="way" ref="948795445" role=""/>
  <member type="way" ref="121237025" role=""/>
  <member type="way" ref="875866199" role=""/>
  <member type="way" ref="920864376" role=""/>
  <member type="way" ref="103307083" role=""/>
  <member type="way" ref="875866193" role=""/>
  <member type="way" ref="1177291358" role=""/>
  <member type="way" ref="875866195" role=""/>
  <member type="way" ref="875866196" role=""/>
  <member type="way" ref="1177291362" role=""/>
  <member type="way" ref="1177291366" role=""/>
  <member type="way" ref="1177291370" role=""/>
  <member type="way" ref="815860371" role=""/>
  <member type="way" ref="815860370" role=""/>
  <member type="way" ref="1361558368" role=""/>
  <member type="way" ref="1086456756" role=""/>
  <member type="way" ref="713633729" role=""/>
  <member type="way" ref="713634769" role=""/>
  <member type="way" ref="588415736" role=""/>
  <member type="way" ref="1245367099" role=""/>
  <member type="way" ref="1245367098" role=""/>
  <member type="way" ref="920864383" role=""/>
  <member type="way" ref="918404119" role=""/>
  <member type="way" ref="932335412" role=""/>
  <member type="way" ref="1111540852" role=""/>
  <member type="way" ref="932335419" role=""/>
  <member type="way" ref="288658727" role=""/>
  <member type="way" ref="1111553349" role=""/>
  <member type="way" ref="265607425" role=""/>
  <member type="way" ref="287278556" role=""/>
  <member type="way" ref="287278542" role=""/>
  <member type="way" ref="628531942" role=""/>
  <member type="way" ref="628531940" role=""/>
  <member type="way" ref="1245237959" role=""/>
  <member type="way" ref="104276099" role=""/>
  <member type="way" ref="926197530" role=""/>
  <member type="way" ref="104276102" role=""/>
  <member type="way" ref="739101016" role=""/>
  <member type="way" ref="739101015" role=""/>
  <member type="way" ref="739101014" role=""/>
  <member type="way" ref="926722749" role=""/>
  <member type="way" ref="41824814" role=""/>
  <member type="way" ref="823854137" role=""/>
  <member type="way" ref="823854155" role=""/>
  <member type="way" ref="975399365" role=""/>
  <member type="way" ref="932313426" role=""/>
  <member type="way" ref="1248957417" role=""/>
  <member type="way" ref="334278018" role=""/>
  <member type="way" ref="1523840249" role=""/>
  <member type="way" ref="691637539" role=""/>
  <member type="way" ref="1313810447" role=""/>
  <member type="way" ref="1313810445" role=""/>
  <member type="way" ref="933196690" role=""/>
  <member type="way" ref="1523840254" role=""/>
  <member type="way" ref="1523840259" role=""/>
  <member type="way" ref="1523840260" role=""/>
  <member type="way" ref="31451460" role=""/>
  <member type="way" ref="1076185779" role=""/>
  <member type="way" ref="1076185786" role=""/>
  <member type="way" ref="1182492217" role=""/>
  <member type="way" ref="1076185783" role=""/>
  <member type="way" ref="1097529646" role=""/>
  <member type="way" ref="270570728" role=""/>
  <member type="way" ref="1076185791" role=""/>
  <member type="way" ref="273011365" role=""/>
  <member type="way" ref="1491923270" role=""/>
  <member type="way" ref="773806284" role=""/>
  <member type="way" ref="773806283" role=""/>
  <member type="way" ref="773806280" role=""/>
  <member type="way" ref="773806279" role=""/>
  <member type="way" ref="773806277" role=""/>
  <member type="way" ref="773806275" role=""/>
  <member type="way" ref="134936374" role=""/>
  <member type="way" ref="230894189" role=""/>
  <member type="way" ref="773806295" role=""/>
  <member type="way" ref="917393853" role=""/>
  <member type="way" ref="773806272" role=""/>
  <member type="way" ref="1188718138" role=""/>
  <member type="way" ref="4710057" role=""/>
  <member type="way" ref="236433064" role=""/>
  <member type="way" ref="236433065" role=""/>
  <member type="way" ref="448684077" role=""/>
  <member type="way" ref="1005341149" role=""/>
  <member type="way" ref="1358782189" role=""/>
  <member type="way" ref="1379158683" role=""/>
  <member type="way" ref="897236928" role=""/>
  <member type="way" ref="1301961138" role=""/>
  <member type="way" ref="1301961137" role=""/>
  <member type="way" ref="1302318116" role=""/>
  <member type="way" ref="217550002" role=""/>
  <member type="way" ref="1302318113" role=""/>
  <member type="way" ref="1302318115" role=""/>
  <member type="way" ref="1212558004" role=""/>
  <member type="way" ref="902652002" role=""/>
  <member type="way" ref="902652007" role=""/>
  <member type="way" ref="571019923" role=""/>
  <member type="way" ref="1212558008" role=""/>
  <member type="way" ref="571019927" role=""/>
  <member type="way" ref="813889218" role=""/>
  <member type="way" ref="571019943" role=""/>
  <member type="way" ref="915869352" role=""/>
  <tag k="from" v="פסגת זאב צפון"/>
  <tag k="from:en" v="Pisgat Ze'ev North"/>
  <tag k="from:he" v="פסגת זאב צפון"/>
  <tag k="gtfs:feed" v="IL-MOT"/>
  <tag k="gtfs:route_id" v="5652"/>
  <tag k="gtfs:shape_id" v="153739"/>
  <tag k="name" v="ירושלים 45: פסגת זאב צפון =&gt; מחנה יהודה =&gt; בנייני האומה"/>
  <tag k="name:en" v="Jerusalem 45: Pisgat Ze'ev North =&gt; Mahane Yehuda =&gt; Binyene Ha'Uma"/>
  <tag k="name:he" v="ירושלים 45: פסגת זאב צפון =&gt; מחנה יהודה =&gt; בנייני האומה"/>
  <tag k="network" v="ירושלים"/>
  <tag k="network:en" v="Jerusalem"/>
  <tag k="network:he" v="ירושלים"/>
  <tag k="operator" v="אקסטרה ירושלים"/>
  <tag k="operator:en" v="Extra Jerusalem"/>
  <tag k="operator:he" v="אקסטרה ירושלים"/>
  <tag k="public_transport:version" v="2"/>
  <tag k="ref" v="45"/>
  <tag k="route" v="bus"/>
  <tag k="to" v="בנייני האומה"/>
  <tag k="to:en" v="Binyene Ha'Uma ICC"/>
  <tag k="to:he" v="בנייני האומה"/>
  <tag k="type" v="route"/>
  <tag k="via" v="מחנה יהודה"/>
  <tag k="via:en" v="Mahane Yehuda"/>
  <tag k="via:he" v="מחנה יהודה"/>
  <tag k="website" v="https://extrapt.co.il"/>
 </relation>
 <relation id="17048824" visible="true" version="5" changeset="183282514" timestamp="2026-05-28T03:03:41Z" user="ירח אפל" uid="1041983">
  <member type="relation" ref="17048822" role=""/>
  <member type="relation" ref="17048823" role=""/>
  <member type="relation" ref="19679800" role=""/>
  <tag k="gtfs:feed" v="IL-MOT"/>
  <tag k="gtfs:route_id" v="5650;5652;39409"/>
  <tag k="name" v="ירושלים 45"/>
  <tag k="name:en" v="Jerusalem 45"/>
  <tag k="name:he" v="ירושלים 45"/>
  <tag k="network" v="ירושלים"/>
  <tag k="network:en" v="Jerusalem"/>
  <tag k="network:he" v="ירושלים"/>
  <tag k="operator" v="אקסטרה ירושלים"/>
  <tag k="operator:en" v="Extra Jerusalem"/>
  <tag k="operator:he" v="אקסטרה ירושלים"/>
  <tag k="ref" v="45"/>
  <tag k="route_master" v="bus"/>
  <tag k="type" v="route_master"/>
  <tag k="website" v="https://extrapt.co.il"/>
 </relation>
 <relation id="17049050" visible="true" version="1" changeset="146426645" timestamp="2024-01-19T03:02:00Z" user="ar58" uid="572423">
  <member type="relation" ref="12550137" role=""/>
  <member type="relation" ref="12550138" role=""/>
  <tag k="network" v="ירושלים"/>
  <tag k="network:en" v="Jerusalem"/>
  <tag k="network:he" v="ירושלים"/>
  <tag k="operator" v="אקסטרה ירושלים"/>
  <tag k="operator:en" v="Extra Jerusalem"/>
  <tag k="operator:he" v="אקסטרה ירושלים"/>
  <tag k="ref" v="48"/>
  <tag k="route_master" v="bus"/>
  <tag k="type" v="route_master"/>
 </relation>
 <relation id="17068001" visible="true" version="26" changeset="188443268" timestamp="2026-09-02T22:06:30Z" user="Ornits" uid="24450071">
  <member type="node" ref="1803032119" role="platform_entry_only"/>
  <member type="node" ref="1803082975" role="platform"/>
  <member type="node" ref="1802996872" role="platform"/>
  <member type="node" ref="1803081238" role="platform"/>
  <member type="node" ref="1803081236" role="platform"/>
  <member type="node" ref="1803093170" role="platform"/>
  <member type="node" ref="1803046550" role="platform"/>
  <member type="node" ref="1803081214" role="platform"/>
  <member type="node" ref="1803081211" role="platform"/>
  <member type="node" ref="1803048272" role="platform"/>
  <member type="node" ref="1803048264" role="platform"/>
  <member type="node" ref="1803048268" role="platform"/>
  <member type="node" ref="1803063139" role="platform"/>
  <member type="node" ref="1803003490" role="platform"/>
  <member type="node" ref="1803003483" role="platform"/>
  <member type="node" ref="1803003482" role="platform"/>
  <member type="node" ref="1803024064" role="platform"/>
  <member type="node" ref="1803024090" role="platform"/>
  <member type="node" ref="1803050732" role="platform"/>
  <member type="node" ref="1803024065" role="platform"/>
  <member type="node" ref="1803068229" role="platform"/>
  <member type="node" ref="1803064970" role="platform"/>
  <member type="node" ref="1803064974" role="platform"/>
  <member type="node" ref="1803064978" role="platform"/>
  <member type="node" ref="1803064972" role="platform"/>
  <member type="node" ref="1803064982" role="platform"/>
  <member type="node" ref="1803064968" role="platform"/>
  <member type="node" ref="1803036026" role="platform"/>
  <member type="node" ref="1803044259" role="platform"/>
  <member type="node" ref="1803003463" role="platform"/>
  <member type="node" ref="1803065880" role="platform"/>
  <member type="node" ref="1803003455" role="platform"/>
  <member type="node" ref="1803083446" role="platform"/>
  <member type="node" ref="1803057479" role="platform"/>
  <member type="node" ref="1803057452" role="platform"/>
  <member type="node" ref="1803048218" role="platform"/>
  <member type="node" ref="1803057432" role="platform"/>
  <member type="node" ref="1803057402" role="platform"/>
  <member type="node" ref="1803043925" role="platform"/>
  <member type="node" ref="1803043929" role="platform"/>
  <member type="node" ref="1803057365" role="platform"/>
  <member type="node" ref="1803094318" role="platform"/>
  <member type="node" ref="1803003429" role="platform"/>
  <member type="node" ref="1803093265" role="platform_exit_only"/>
  <member type="node" ref="1803082976" role="platform"/>
  <member type="node" ref="5210715314" role="platform"/>
  <member type="node" ref="1803038615" role="platform"/>
  <member type="node" ref="1803038606" role="platform"/>
  <member type="node" ref="1803032047" role="platform"/>
  <member type="node" ref="1803032049" role="platform"/>
  <member type="node" ref="1803085028" role="platform"/>
  <member type="node" ref="1803085031" role="platform"/>
  <member type="node" ref="1803085039" role="platform"/>
  <member type="node" ref="1803085042" role="platform"/>
  <member type="way" ref="28951040" role=""/>
  <member type="way" ref="40608460" role=""/>
  <member type="way" ref="924352601" role=""/>
  <member type="way" ref="143750222" role=""/>
  <member type="way" ref="20685214" role=""/>
  <member type="way" ref="1081102183" role=""/>
  <member type="way" ref="1081102173" role=""/>
  <member type="way" ref="1081102171" role=""/>
  <member type="way" ref="1531280824" role=""/>
  <member type="way" ref="1451173254" role=""/>
  <member type="way" ref="1451173251" role=""/>
  <member type="way" ref="1461812349" role=""/>
  <member type="way" ref="1461812350" role=""/>
  <member type="way" ref="143750197" role=""/>
  <member type="way" ref="1451173239" role=""/>
  <member type="way" ref="1531280823" role=""/>
  <member type="way" ref="1451173240" role=""/>
  <member type="way" ref="4729476" role=""/>
  <member type="way" ref="924369094" role=""/>
  <member type="way" ref="1338684890" role=""/>
  <member type="way" ref="1338684907" role=""/>
  <member type="way" ref="1338684905" role=""/>
  <member type="way" ref="1338684904" role=""/>
  <member type="way" ref="256281701" role=""/>
  <member type="way" ref="1161086481" role=""/>
  <member type="way" ref="1177222251" role=""/>
  <member type="way" ref="1451137457" role=""/>
  <member type="way" ref="495954690" role=""/>
  <member type="way" ref="1432515324" role=""/>
  <member type="way" ref="1530388287" role=""/>
  <member type="way" ref="823484595" role=""/>
  <member type="way" ref="1432515325" role=""/>
  <member type="way" ref="1550377837" role=""/>
  <member type="way" ref="1338728417" role=""/>
  <member type="way" ref="971350137" role=""/>
  <member type="way" ref="971350115" role=""/>
  <member type="way" ref="162756395" role=""/>
  <member type="way" ref="953939248" role=""/>
  <member type="way" ref="217134948" role=""/>
  <member type="way" ref="704865308" role=""/>
  <member type="way" ref="953939257" role=""/>
  <member type="way" ref="704865307" role=""/>
  <member type="way" ref="217116101" role=""/>
  <member type="way" ref="706129053" role=""/>
  <member type="way" ref="706129048" role=""/>
  <member type="way" ref="706129042" role=""/>
  <member type="way" ref="706129047" role=""/>
  <member type="way" ref="671264455" role=""/>
  <member type="way" ref="706129037" role=""/>
  <member type="way" ref="984820241" role=""/>
  <member type="way" ref="671264456" role=""/>
  <member type="way" ref="984820230" role=""/>
  <member type="way" ref="984820237" role=""/>
  <member type="way" ref="984820244" role=""/>
  <member type="way" ref="984820232" role=""/>
  <member type="way" ref="984820242" role=""/>
  <member type="way" ref="827247249" role=""/>
  <member type="way" ref="827247243" role=""/>
  <member type="way" ref="217744145" role=""/>
  <member type="way" ref="217744138" role=""/>
  <member type="way" ref="77090311" role=""/>
  <member type="way" ref="217744142" role=""/>
  <member type="way" ref="77090331" role=""/>
  <member type="way" ref="1498769069" role=""/>
  <member type="way" ref="36853973" role=""/>
  <member type="way" ref="932093475" role=""/>
  <member type="way" ref="823901846" role=""/>
  <member type="way" ref="1022335513" role=""/>
  <member type="way" ref="260978617" role=""/>
  <member type="way" ref="20723035" role=""/>
  <member type="way" ref="217282016" role=""/>
  <member type="way" ref="263288499" role=""/>
  <member type="way" ref="823928162" role=""/>
  <member type="way" ref="230848636" role=""/>
  <member type="way" ref="1498018623" role=""/>
  <member type="way" ref="1103356053" role=""/>
  <member type="way" ref="1103356052" role=""/>
  <member type="way" ref="1411685404" role=""/>
  <member type="way" ref="1411685401" role=""/>
  <member type="way" ref="217282008" role=""/>
  <member type="way" ref="1076200791" role=""/>
  <member type="way" ref="1076200797" role=""/>
  <member type="way" ref="1076200812" role=""/>
  <member type="way" ref="1076200799" role=""/>
  <member type="way" ref="36854270" role=""/>
  <member type="way" ref="1076200795" role=""/>
  <member type="way" ref="1076200797" role=""/>
  <member type="way" ref="1076200810" role=""/>
  <member type="way" ref="96711211" role=""/>
  <member type="way" ref="1076200773" role=""/>
  <member type="way" ref="1076200780" role=""/>
  <member type="way" ref="1076200777" role=""/>
  <member type="way" ref="1076200787" role=""/>
  <member type="way" ref="73908917" role=""/>
  <member type="way" ref="1207783463" role=""/>
  <member type="way" ref="1207783469" role=""/>
  <member type="way" ref="1207783462" role=""/>
  <member type="way" ref="29880637" role=""/>
  <member type="way" ref="1076188841" role=""/>
  <member type="way" ref="1076188844" role=""/>
  <member type="way" ref="1076188847" role=""/>
  <member type="way" ref="1161076613" role=""/>
  <member type="way" ref="1161076615" role=""/>
  <member type="way" ref="1523840245" role=""/>
  <member type="way" ref="1523840246" role=""/>
  <member type="way" ref="1161076599" role=""/>
  <member type="way" ref="1161076611" role=""/>
  <member type="way" ref="1161076608" role=""/>
  <member type="way" ref="1386000865" role=""/>
  <member type="way" ref="1386000864" role=""/>
  <member type="way" ref="1523840264" role=""/>
  <member type="way" ref="184901285" role=""/>
  <member type="way" ref="184901273" role=""/>
  <member type="way" ref="1079865420" role=""/>
  <tag k="from" v="הר נוף"/>
  <tag k="from:en" v="Har Nof"/>
  <tag k="from:he" v="הר נוף"/>
  <tag k="gtfs:feed" v="IL-MOT"/>
  <tag k="gtfs:route_id" v="10431"/>
  <tag k="name" v="ירושלים 52: הר נוף =&gt; גבעת התחמושת"/>
  <tag k="name:en" v="Jerusalem 52: Har Nof =&gt; Giv'at HaTahmoshet"/>
  <tag k="name:he" v="ירושלים 52: הר נוף =&gt; גבעת התחמושת"/>
  <tag k="network" v="ירושלים"/>
  <tag k="network:en" v="Jerusalem"/>
  <tag k="network:he" v="ירושלים"/>
  <tag k="operator" v="אקסטרה ירושלים"/>
  <tag k="operator:en" v="Extra Jerusalem"/>
  <tag k="operator:he" v="אקסטרה ירושלים"/>
  <tag k="public_transport:version" v="2"/>
  <tag k="ref" v="52"/>
  <tag k="route" v="bus"/>
  <tag k="to" v="גבעת התחמושת"/>
  <tag k="to:en" v="Giv'at HaTahmoshet"/>
  <tag k="to:he" v="גבעת התחמושת"/>
  <tag k="type" v="route"/>
  <tag k="website" v="https://extrapt.co.il/"/>
 </relation>
 <relation id="17068002" visible="true" version="24" changeset="188443268" timestamp="2026-09-02T22:06:30Z" user="Ornits" uid="24450071">
  <member type="node" ref="1803032119" role="platform_entry_only"/>
  <member type="node" ref="1803082975" role="platform"/>
  <member type="node" ref="1802996872" role="platform"/>
  <member type="node" ref="1803081238" role="platform"/>
  <member type="node" ref="1803081236" role="platform"/>
  <member type="node" ref="1803093170" role="platform"/>
  <member type="node" ref="1803046550" role="platform"/>
  <member type="node" ref="1803081214" role="platform"/>
  <member type="node" ref="1803081211" role="platform"/>
  <member type="node" ref="1803048272" role="platform"/>
  <member type="node" ref="1802999276" role="platform"/>
  <member type="node" ref="1802992214" role="platform"/>
  <member type="node" ref="1802996519" role="platform"/>
  <member type="node" ref="1802996515" role="platform"/>
  <member type="node" ref="1803048267" role="platform"/>
  <member type="node" ref="1803063139" role="platform"/>
  <member type="node" ref="1803003490" role="platform"/>
  <member type="node" ref="1803003483" role="platform"/>
  <member type="node" ref="1803003482" role="platform"/>
  <member type="node" ref="1803024064" role="platform"/>
  <member type="node" ref="1803024090" role="platform"/>
  <member type="node" ref="1803050732" role="platform"/>
  <member type="node" ref="1803024065" role="platform"/>
  <member type="node" ref="1803068229" role="platform"/>
  <member type="node" ref="1803064970" role="platform"/>
  <member type="node" ref="1803064974" role="platform"/>
  <member type="node" ref="1803064978" role="platform"/>
  <member type="node" ref="1803064972" role="platform"/>
  <member type="node" ref="1803064982" role="platform"/>
  <member type="node" ref="1803064968" role="platform"/>
  <member type="node" ref="1803036026" role="platform"/>
  <member type="node" ref="1803044259" role="platform"/>
  <member type="node" ref="1803003463" role="platform"/>
  <member type="node" ref="1803065880" role="platform"/>
  <member type="node" ref="1803003455" role="platform"/>
  <member type="node" ref="1803083446" role="platform"/>
  <member type="node" ref="1803057479" role="platform"/>
  <member type="node" ref="1803057452" role="platform"/>
  <member type="node" ref="1803048218" role="platform"/>
  <member type="node" ref="1803057432" role="platform"/>
  <member type="node" ref="1803057402" role="platform"/>
  <member type="node" ref="1803043925" role="platform"/>
  <member type="node" ref="1803043929" role="platform"/>
  <member type="node" ref="1803057365" role="platform"/>
  <member type="node" ref="1803094318" role="platform"/>
  <member type="node" ref="1803003429" role="platform"/>
  <member type="node" ref="1803093265" role="platform_exit_only"/>
  <member type="node" ref="1803082976" role="platform"/>
  <member type="node" ref="5210715314" role="platform"/>
  <member type="node" ref="1803038615" role="platform"/>
  <member type="node" ref="1803038606" role="platform"/>
  <member type="node" ref="1803032047" role="platform"/>
  <member type="node" ref="1803032049" role="platform"/>
  <member type="node" ref="1803085028" role="platform"/>
  <member type="node" ref="1803085031" role="platform"/>
  <member type="node" ref="1803085039" role="platform"/>
  <member type="node" ref="1803085042" role="platform"/>
  <member type="way" ref="28951040" role=""/>
  <member type="way" ref="40608460" role=""/>
  <member type="way" ref="924352601" role=""/>
  <member type="way" ref="143750222" role=""/>
  <member type="way" ref="20685214" role=""/>
  <member type="way" ref="1081102183" role=""/>
  <member type="way" ref="1081102173" role=""/>
  <member type="way" ref="1081102171" role=""/>
  <member type="way" ref="1531280824" role=""/>
  <member type="way" ref="1451173254" role=""/>
  <member type="way" ref="1451173251" role=""/>
  <member type="way" ref="1461812349" role=""/>
  <member type="way" ref="1461812350" role=""/>
  <member type="way" ref="143750197" role=""/>
  <member type="way" ref="1451173239" role=""/>
  <member type="way" ref="1531280823" role=""/>
  <member type="way" ref="1451173240" role=""/>
  <member type="way" ref="4729476" role=""/>
  <member type="way" ref="924369094" role=""/>
  <member type="way" ref="1338684890" role=""/>
  <member type="way" ref="1338684907" role=""/>
  <member type="way" ref="1338684905" role=""/>
  <member type="way" ref="1338684904" role=""/>
  <member type="way" ref="256281701" role=""/>
  <member type="way" ref="1161086481" role=""/>
  <member type="way" ref="1274219111" role=""/>
  <member type="way" ref="824892508" role=""/>
  <member type="way" ref="1083551328" role=""/>
  <member type="way" ref="1083551325" role=""/>
  <member type="way" ref="1083551324" role=""/>
  <member type="way" ref="217551435" role=""/>
  <member type="way" ref="1126525873" role=""/>
  <member type="way" ref="1277706707" role=""/>
  <member type="way" ref="1120366019" role=""/>
  <member type="way" ref="930268739" role=""/>
  <member type="way" ref="930268741" role=""/>
  <member type="way" ref="823484581" role=""/>
  <member type="way" ref="911964602" role=""/>
  <member type="way" ref="1510590289" role=""/>
  <member type="way" ref="1510590292" role=""/>
  <member type="way" ref="255422574" role=""/>
  <member type="way" ref="1338728417" role=""/>
  <member type="way" ref="971350137" role=""/>
  <member type="way" ref="971350115" role=""/>
  <member type="way" ref="162756395" role=""/>
  <member type="way" ref="953939248" role=""/>
  <member type="way" ref="217134948" role=""/>
  <member type="way" ref="704865308" role=""/>
  <member type="way" ref="953939257" role=""/>
  <member type="way" ref="704865307" role=""/>
  <member type="way" ref="217116101" role=""/>
  <member type="way" ref="706129053" role=""/>
  <member type="way" ref="706129048" role=""/>
  <member type="way" ref="706129042" role=""/>
  <member type="way" ref="706129047" role=""/>
  <member type="way" ref="671264455" role=""/>
  <member type="way" ref="706129037" role=""/>
  <member type="way" ref="984820241" role=""/>
  <member type="way" ref="671264456" role=""/>
  <member type="way" ref="984820230" role=""/>
  <member type="way" ref="984820237" role=""/>
  <member type="way" ref="984820244" role=""/>
  <member type="way" ref="984820232" role=""/>
  <member type="way" ref="984820242" role=""/>
  <member type="way" ref="827247249" role=""/>
  <member type="way" ref="827247243" role=""/>
  <member type="way" ref="217744145" role=""/>
  <member type="way" ref="217744138" role=""/>
  <member type="way" ref="77090311" role=""/>
  <member type="way" ref="217744142" role=""/>
  <member type="way" ref="77090331" role=""/>
  <member type="way" ref="1498769069" role=""/>
  <member type="way" ref="36853973" role=""/>
  <member type="way" ref="932093475" role=""/>
  <member type="way" ref="823901846" role=""/>
  <member type="way" ref="1022335513" role=""/>
  <member type="way" ref="260978617" role=""/>
  <member type="way" ref="20723035" role=""/>
  <member type="way" ref="217282016" role=""/>
  <member type="way" ref="263288499" role=""/>
  <member type="way" ref="823928162" role=""/>
  <member type="way" ref="230848636" role=""/>
  <member type="way" ref="1498018623" role=""/>
  <member type="way" ref="1103356053" role=""/>
  <member type="way" ref="1103356052" role=""/>
  <member type="way" ref="1411685404" role=""/>
  <member type="way" ref="1411685401" role=""/>
  <member type="way" ref="217282008" role=""/>
  <member type="way" ref="1076200791" role=""/>
  <member type="way" ref="1076200797" role=""/>
  <member type="way" ref="1076200812" role=""/>
  <member type="way" ref="1076200799" role=""/>
  <member type="way" ref="36854270" role=""/>
  <member type="way" ref="1076200795" role=""/>
  <member type="way" ref="1076200797" role=""/>
  <member type="way" ref="1076200810" role=""/>
  <member type="way" ref="96711211" role=""/>
  <member type="way" ref="1076200773" role=""/>
  <member type="way" ref="1076200780" role=""/>
  <member type="way" ref="1076200777" role=""/>
  <member type="way" ref="1076200787" role=""/>
  <member type="way" ref="73908917" role=""/>
  <member type="way" ref="1207783463" role=""/>
  <member type="way" ref="1207783469" role=""/>
  <member type="way" ref="1207783462" role=""/>
  <member type="way" ref="29880637" role=""/>
  <member type="way" ref="1076188841" role=""/>
  <member type="way" ref="1076188844" role=""/>
  <member type="way" ref="1076188847" role=""/>
  <member type="way" ref="1161076613" role=""/>
  <member type="way" ref="1161076615" role=""/>
  <member type="way" ref="1523840245" role=""/>
  <member type="way" ref="1523840246" role=""/>
  <member type="way" ref="1161076599" role=""/>
  <member type="way" ref="1161076611" role=""/>
  <member type="way" ref="1161076608" role=""/>
  <member type="way" ref="1386000865" role=""/>
  <member type="way" ref="1386000864" role=""/>
  <member type="way" ref="1523840264" role=""/>
  <member type="way" ref="184901285" role=""/>
  <member type="way" ref="184901273" role=""/>
  <member type="way" ref="1079865420" role=""/>
  <tag k="from" v="הר נוף"/>
  <tag k="from:en" v="Har Nof"/>
  <tag k="from:he" v="הר נוף"/>
  <tag k="gtfs:feed" v="IL-MOT"/>
  <tag k="gtfs:route_id" v="10432"/>
  <tag k="name" v="ירושלים 52: הר נוף =&gt; בית הדפוס =&gt; גבעת התחמושת"/>
  <tag k="name:en" v="Jerusalem 52: Har Nof =&gt; Beit HaDfus =&gt; Giv'at HaTahmoshet"/>
  <tag k="name:he" v="ירושלים 52: הר נוף =&gt; בית הדפוס =&gt; גבעת התחמושת"/>
  <tag k="network" v="ירושלים"/>
  <tag k="network:en" v="Jerusalem"/>
  <tag k="network:he" v="ירושלים"/>
  <tag k="operator" v="אקסטרה ירושלים"/>
  <tag k="operator:en" v="Extra Jerusalem"/>
  <tag k="operator:he" v="אקסטרה ירושלים"/>
  <tag k="public_transport:version" v="2"/>
  <tag k="ref" v="52"/>
  <tag k="route" v="bus"/>
  <tag k="to" v="גבעת התחמושת"/>
  <tag k="to:en" v="Giv'at HaTahmoshet"/>
  <tag k="to:he" v="גבעת התחמושת"/>
  <tag k="type" v="route"/>
  <tag k="via" v="בית הדפוס"/>
  <tag k="via:en" v="Beit HaDfus"/>
  <tag k="via:he" v="בית הדפוס"/>
  <tag k="website" v="https://extrapt.co.il/"/>
 </relation>
 <relation id="17068003" visible="true" version="39" changeset="188443268" timestamp="2026-09-02T22:06:30Z" user="Ornits" uid="24450071">
  <member type="node" ref="1803093265" role="platform_entry_only"/>
  <member type="node" ref="1803003426" role="platform"/>
  <member type="node" ref="1803094311" role="platform"/>
  <member type="node" ref="1803057364" role="platform"/>
  <member type="node" ref="1803057366" role="platform"/>
  <member type="node" ref="1803043926" role="platform"/>
  <member type="node" ref="1803043928" role="platform"/>
  <member type="node" ref="1803057420" role="platform"/>
  <member type="node" ref="1802996690" role="platform"/>
  <member type="node" ref="1803057448" role="platform"/>
  <member type="node" ref="1803057473" role="platform"/>
  <member type="node" ref="1803065211" role="platform"/>
  <member type="node" ref="1803092226" role="platform"/>
  <member type="node" ref="12335150401" role="platform"/>
  <member type="node" ref="1803001870" role="platform"/>
  <member type="node" ref="1803066925" role="platform"/>
  <member type="node" ref="1803066804" role="platform"/>
  <member type="node" ref="1803087333" role="platform"/>
  <member type="node" ref="1803065881" role="platform"/>
  <member type="node" ref="1803044265" role="platform"/>
  <member type="node" ref="1803036028" role="platform"/>
  <member type="node" ref="1803081648" role="platform"/>
  <member type="node" ref="1802996871" role="platform"/>
  <member type="node" ref="1803064971" role="platform"/>
  <member type="node" ref="1803064975" role="platform"/>
  <member type="node" ref="1803064973" role="platform"/>
  <member type="node" ref="1803064969" role="platform"/>
  <member type="node" ref="1803068230" role="platform"/>
  <member type="node" ref="1803068232" role="platform"/>
  <member type="node" ref="1803024076" role="platform"/>
  <member type="node" ref="1803024062" role="platform"/>
  <member type="node" ref="1803051143" role="platform"/>
  <member type="node" ref="1803024094" role="platform"/>
  <member type="node" ref="7941723660" role="platform"/>
  <member type="node" ref="1803003488" role="platform"/>
  <member type="node" ref="1803063138" role="platform"/>
  <member type="node" ref="1803063129" role="platform"/>
  <member type="node" ref="1803048265" role="platform"/>
  <member type="node" ref="1803048249" role="platform"/>
  <member type="node" ref="12172704821" role="platform"/>
  <member type="node" ref="1803048581" role="platform"/>
  <member type="node" ref="1803081218" role="platform"/>
  <member type="node" ref="1803094691" role="platform"/>
  <member type="node" ref="1803081235" role="platform"/>
  <member type="node" ref="1803081197" role="platform"/>
  <member type="node" ref="1803032415" role="platform"/>
  <member type="node" ref="1803085043" role="platform"/>
  <member type="node" ref="1803085040" role="platform"/>
  <member type="node" ref="1803085041" role="platform"/>
  <member type="node" ref="1803085044" role="platform"/>
  <member type="node" ref="1803032046" role="platform"/>
  <member type="node" ref="1803032048" role="platform"/>
  <member type="node" ref="1803044518" role="platform"/>
  <member type="node" ref="1803044517" role="platform"/>
  <member type="node" ref="5210715311" role="platform"/>
  <member type="node" ref="1803032118" role="platform"/>
  <member type="node" ref="1803082974" role="platform"/>
  <member type="node" ref="1803048272" role="platform_exit_only"/>
  <member type="way" ref="184901274" role=""/>
  <member type="way" ref="927299698" role=""/>
  <member type="way" ref="823854156" role=""/>
  <member type="way" ref="184901273" role=""/>
  <member type="way" ref="184901285" role=""/>
  <member type="way" ref="1386000863" role=""/>
  <member type="way" ref="1386000865" role=""/>
  <member type="way" ref="1161076608" role=""/>
  <member type="way" ref="1161076611" role=""/>
  <member type="way" ref="1161076599" role=""/>
  <member type="way" ref="1523840246" role=""/>
  <member type="way" ref="1523840247" role=""/>
  <member type="way" ref="1523840250" role=""/>
  <member type="way" ref="1161076613" role=""/>
  <member type="way" ref="1076188842" role=""/>
  <member type="way" ref="1076188848" role=""/>
  <member type="way" ref="1076188845" role=""/>
  <member type="way" ref="29880637" role=""/>
  <member type="way" ref="1207783461" role=""/>
  <member type="way" ref="1207783467" role=""/>
  <member type="way" ref="1207783464" role=""/>
  <member type="way" ref="73908917" role=""/>
  <member type="way" ref="1076200772" role=""/>
  <member type="way" ref="1076200788" role=""/>
  <member type="way" ref="1076200782" role=""/>
  <member type="way" ref="1076200779" role=""/>
  <member type="way" ref="96711211" role=""/>
  <member type="way" ref="1076200811" role=""/>
  <member type="way" ref="1076200814" role=""/>
  <member type="way" ref="1076200798" role=""/>
  <member type="way" ref="1076200796" role=""/>
  <member type="way" ref="36854270" role=""/>
  <member type="way" ref="1076200800" role=""/>
  <member type="way" ref="1076200798" role=""/>
  <member type="way" ref="1076200805" role=""/>
  <member type="way" ref="1076200792" role=""/>
  <member type="way" ref="217282008" role=""/>
  <member type="way" ref="217282007" role=""/>
  <member type="way" ref="1411685403" role=""/>
  <member type="way" ref="917545173" role=""/>
  <member type="way" ref="929371193" role=""/>
  <member type="way" ref="1412816644" role=""/>
  <member type="way" ref="917545182" role=""/>
  <member type="way" ref="1412816648" role=""/>
  <member type="way" ref="1411685393" role=""/>
  <member type="way" ref="1334868293" role=""/>
  <member type="way" ref="1530653962" role=""/>
  <member type="way" ref="20723028" role=""/>
  <member type="way" ref="1537732414" role=""/>
  <member type="way" ref="1537732413" role=""/>
  <member type="way" ref="823928164" role=""/>
  <member type="way" ref="1498234747" role=""/>
  <member type="way" ref="823928163" role=""/>
  <member type="way" ref="217282011" role=""/>
  <member type="way" ref="823928181" role=""/>
  <member type="way" ref="1498234748" role=""/>
  <member type="way" ref="217282016" role=""/>
  <member type="way" ref="20723035" role=""/>
  <member type="way" ref="260978615" role=""/>
  <member type="way" ref="217282018" role=""/>
  <member type="way" ref="1022335511" role=""/>
  <member type="way" ref="1022335492" role=""/>
  <member type="way" ref="36853973" role=""/>
  <member type="way" ref="1498769069" role=""/>
  <member type="way" ref="77090331" role=""/>
  <member type="way" ref="217744142" role=""/>
  <member type="way" ref="984820245" role=""/>
  <member type="way" ref="823928185" role=""/>
  <member type="way" ref="217744141" role=""/>
  <member type="way" ref="827247243" role=""/>
  <member type="way" ref="827247249" role=""/>
  <member type="way" ref="984820242" role=""/>
  <member type="way" ref="984820240" role=""/>
  <member type="way" ref="984820231" role=""/>
  <member type="way" ref="984820239" role=""/>
  <member type="way" ref="671264456" role=""/>
  <member type="way" ref="671264454" role=""/>
  <member type="way" ref="1055453950" role=""/>
  <member type="way" ref="706129039" role=""/>
  <member type="way" ref="706129044" role=""/>
  <member type="way" ref="1106901722" role=""/>
  <member type="way" ref="902652019" role=""/>
  <member type="way" ref="954012624" role=""/>
  <member type="way" ref="1544585396" role=""/>
  <member type="way" ref="256241581" role=""/>
  <member type="way" ref="823452300" role=""/>
  <member type="way" ref="217134947" role=""/>
  <member type="way" ref="764886060" role=""/>
  <member type="way" ref="162756395" role=""/>
  <member type="way" ref="971350115" role=""/>
  <member type="way" ref="1338728409" role=""/>
  <member type="way" ref="1338728417" role=""/>
  <member type="way" ref="823484592" role=""/>
  <member type="way" ref="1530388296" role=""/>
  <member type="way" ref="1530388283" role=""/>
  <member type="way" ref="1461814850" role=""/>
  <member type="way" ref="1461814853" role=""/>
  <member type="way" ref="823484604" role=""/>
  <member type="way" ref="1550379087" role=""/>
  <member type="way" ref="1550379086" role=""/>
  <member type="way" ref="823484607" role=""/>
  <member type="way" ref="1177222261" role=""/>
  <member type="way" ref="1190008206" role=""/>
  <member type="way" ref="1274219114" role=""/>
  <member type="way" ref="1338688725" role=""/>
  <member type="way" ref="1338684902" role=""/>
  <member type="way" ref="1338684887" role=""/>
  <member type="way" ref="1338684878" role=""/>
  <member type="way" ref="1338684875" role=""/>
  <member type="way" ref="924369094" role=""/>
  <member type="way" ref="4729476" role=""/>
  <member type="way" ref="1451173241" role=""/>
  <member type="way" ref="143750172" role=""/>
  <member type="way" ref="1461812344" role=""/>
  <member type="way" ref="143750197" role=""/>
  <member type="way" ref="1461812345" role=""/>
  <member type="way" ref="1461812352" role=""/>
  <member type="way" ref="1451173254" role=""/>
  <member type="way" ref="1530966929" role=""/>
  <member type="way" ref="1081102174" role=""/>
  <member type="way" ref="1081102183" role=""/>
  <member type="way" ref="20685214" role=""/>
  <member type="way" ref="143750222" role=""/>
  <member type="way" ref="143750042" role=""/>
  <member type="way" ref="40608460" role=""/>
  <member type="way" ref="4859197" role=""/>
  <member type="way" ref="1338684906" role=""/>
  <member type="way" ref="256281701" role=""/>
  <tag k="from" v="גבעת התחמושת"/>
  <tag k="from:en" v="Giv'at HaTahmoshet"/>
  <tag k="from:he" v="גבעת התחמושת"/>
  <tag k="gtfs:feed" v="IL-MOT"/>
  <tag k="gtfs:route_id" v="10433"/>
  <tag k="name" v="ירושלים 52: גבעת התחמושת =&gt; הר נוף"/>
  <tag k="name:en" v="Jerusalem 52: Giv'at HaTahmoshet =&gt; Har Nof"/>
  <tag k="name:he" v="ירושלים 52: גבעת התחמושת =&gt; הר נוף"/>
  <tag k="network" v="ירושלים"/>
  <tag k="network:en" v="Jerusalem"/>
  <tag k="network:he" v="ירושלים"/>
  <tag k="operator" v="אקסטרה ירושלים"/>
  <tag k="operator:en" v="Extra Jerusalem"/>
  <tag k="operator:he" v="אקסטרה ירושלים"/>
  <tag k="public_transport:version" v="2"/>
  <tag k="ref" v="52"/>
  <tag k="route" v="bus"/>
  <tag k="to" v="הר נוף"/>
  <tag k="to:en" v="Har Nof"/>
  <tag k="to:he" v="הר נוף"/>
  <tag k="type" v="route"/>
  <tag k="website" v="https://extrapt.co.il/"/>
 </relation>
 <relation id="17068004" visible="true" version="40" changeset="188443268" timestamp="2026-09-02T22:06:30Z" user="Ornits" uid="24450071">
  <member type="node" ref="1803093265" role="platform_entry_only"/>
  <member type="node" ref="1803003426" role="platform"/>
  <member type="node" ref="1803094311" role="platform"/>
  <member type="node" ref="1803057364" role="platform"/>
  <member type="node" ref="1803057366" role="platform"/>
  <member type="node" ref="1803043926" role="platform"/>
  <member type="node" ref="1803043928" role="platform"/>
  <member type="node" ref="1803057420" role="platform"/>
  <member type="node" ref="1802996690" role="platform"/>
  <member type="node" ref="1803057448" role="platform"/>
  <member type="node" ref="1803057473" role="platform"/>
  <member type="node" ref="1803065211" role="platform"/>
  <member type="node" ref="1803092226" role="platform"/>
  <member type="node" ref="12335150401" role="platform"/>
  <member type="node" ref="1803001870" role="platform"/>
  <member type="node" ref="1803066925" role="platform"/>
  <member type="node" ref="1803066804" role="platform"/>
  <member type="node" ref="1803087333" role="platform"/>
  <member type="node" ref="1803065881" role="platform"/>
  <member type="node" ref="1803044265" role="platform"/>
  <member type="node" ref="1803036028" role="platform"/>
  <member type="node" ref="1803081648" role="platform"/>
  <member type="node" ref="1802996871" role="platform"/>
  <member type="node" ref="1803064971" role="platform"/>
  <member type="node" ref="1803064975" role="platform"/>
  <member type="node" ref="1803064973" role="platform"/>
  <member type="node" ref="1803064969" role="platform"/>
  <member type="node" ref="1803068230" role="platform"/>
  <member type="node" ref="1803068232" role="platform"/>
  <member type="node" ref="1803024076" role="platform"/>
  <member type="node" ref="1803024062" role="platform"/>
  <member type="node" ref="1803051143" role="platform"/>
  <member type="node" ref="1803024094" role="platform"/>
  <member type="node" ref="7941723660" role="platform"/>
  <member type="node" ref="1803003488" role="platform"/>
  <member type="node" ref="1803048266" role="platform"/>
  <member type="node" ref="12172754905" role="platform"/>
  <member type="node" ref="1802996520" role="platform"/>
  <member type="node" ref="1802996518" role="platform"/>
  <member type="node" ref="1802996516" role="platform"/>
  <member type="node" ref="1802996517" role="platform"/>
  <member type="node" ref="12172704821" role="platform"/>
  <member type="node" ref="1803048581" role="platform"/>
  <member type="node" ref="1803081218" role="platform"/>
  <member type="node" ref="1803094691" role="platform"/>
  <member type="node" ref="1803081235" role="platform"/>
  <member type="node" ref="1803081197" role="platform"/>
  <member type="node" ref="1803032415" role="platform"/>
  <member type="node" ref="1803085043" role="platform"/>
  <member type="node" ref="1803085040" role="platform"/>
  <member type="node" ref="1803085041" role="platform"/>
  <member type="node" ref="1803085044" role="platform"/>
  <member type="node" ref="1803032046" role="platform"/>
  <member type="node" ref="1803032048" role="platform"/>
  <member type="node" ref="1803044518" role="platform"/>
  <member type="node" ref="1803044517" role="platform"/>
  <member type="node" ref="5210715311" role="platform"/>
  <member type="node" ref="1803032118" role="platform"/>
  <member type="node" ref="1803082974" role="platform"/>
  <member type="node" ref="1803048272" role="platform_exit_only"/>
  <member type="node" ref="1803063138" role="platform"/>
  <member type="node" ref="1803063129" role="platform"/>
  <member type="way" ref="184901274" role=""/>
  <member type="way" ref="927299698" role=""/>
  <member type="way" ref="823854156" role=""/>
  <member type="way" ref="184901273" role=""/>
  <member type="way" ref="184901285" role=""/>
  <member type="way" ref="1386000863" role=""/>
  <member type="way" ref="1386000865" role=""/>
  <member type="way" ref="1161076608" role=""/>
  <member type="way" ref="1161076611" role=""/>
  <member type="way" ref="1161076599" role=""/>
  <member type="way" ref="1523840246" role=""/>
  <member type="way" ref="1523840247" role=""/>
  <member type="way" ref="1523840250" role=""/>
  <member type="way" ref="1161076613" role=""/>
  <member type="way" ref="1076188842" role=""/>
  <member type="way" ref="1076188848" role=""/>
  <member type="way" ref="1076188845" role=""/>
  <member type="way" ref="29880637" role=""/>
  <member type="way" ref="1207783461" role=""/>
  <member type="way" ref="1207783467" role=""/>
  <member type="way" ref="1207783464" role=""/>
  <member type="way" ref="73908917" role=""/>
  <member type="way" ref="1076200772" role=""/>
  <member type="way" ref="1076200788" role=""/>
  <member type="way" ref="1076200782" role=""/>
  <member type="way" ref="1076200779" role=""/>
  <member type="way" ref="96711211" role=""/>
  <member type="way" ref="1076200811" role=""/>
  <member type="way" ref="1076200814" role=""/>
  <member type="way" ref="1076200798" role=""/>
  <member type="way" ref="1076200796" role=""/>
  <member type="way" ref="36854270" role=""/>
  <member type="way" ref="1076200800" role=""/>
  <member type="way" ref="1076200798" role=""/>
  <member type="way" ref="1076200805" role=""/>
  <member type="way" ref="1076200792" role=""/>
  <member type="way" ref="217282008" role=""/>
  <member type="way" ref="217282007" role=""/>
  <member type="way" ref="1411685403" role=""/>
  <member type="way" ref="917545173" role=""/>
  <member type="way" ref="929371193" role=""/>
  <member type="way" ref="1412816644" role=""/>
  <member type="way" ref="917545182" role=""/>
  <member type="way" ref="1412816648" role=""/>
  <member type="way" ref="1411685393" role=""/>
  <member type="way" ref="1334868293" role=""/>
  <member type="way" ref="1530653962" role=""/>
  <member type="way" ref="20723028" role=""/>
  <member type="way" ref="1537732414" role=""/>
  <member type="way" ref="1537732413" role=""/>
  <member type="way" ref="823928164" role=""/>
  <member type="way" ref="1498234747" role=""/>
  <member type="way" ref="823928163" role=""/>
  <member type="way" ref="217282011" role=""/>
  <member type="way" ref="823928181" role=""/>
  <member type="way" ref="1498234748" role=""/>
  <member type="way" ref="217282016" role=""/>
  <member type="way" ref="20723035" role=""/>
  <member type="way" ref="260978615" role=""/>
  <member type="way" ref="217282018" role=""/>
  <member type="way" ref="1022335511" role=""/>
  <member type="way" ref="1022335492" role=""/>
  <member type="way" ref="36853973" role=""/>
  <member type="way" ref="1498769069" role=""/>
  <member type="way" ref="77090331" role=""/>
  <member type="way" ref="217744142" role=""/>
  <member type="way" ref="984820245" role=""/>
  <member type="way" ref="823928185" role=""/>
  <member type="way" ref="217744141" role=""/>
  <member type="way" ref="827247243" role=""/>
  <member type="way" ref="827247249" role=""/>
  <member type="way" ref="984820242" role=""/>
  <member type="way" ref="984820240" role=""/>
  <member type="way" ref="984820231" role=""/>
  <member type="way" ref="984820239" role=""/>
  <member type="way" ref="671264456" role=""/>
  <member type="way" ref="671264454" role=""/>
  <member type="way" ref="1055453950" role=""/>
  <member type="way" ref="706129039" role=""/>
  <member type="way" ref="706129044" role=""/>
  <member type="way" ref="1106901722" role=""/>
  <member type="way" ref="902652019" role=""/>
  <member type="way" ref="954012624" role=""/>
  <member type="way" ref="1544585396" role=""/>
  <member type="way" ref="256241581" role=""/>
  <member type="way" ref="823452300" role=""/>
  <member type="way" ref="217134947" role=""/>
  <member type="way" ref="764886060" role=""/>
  <member type="way" ref="162756395" role=""/>
  <member type="way" ref="971350115" role=""/>
  <member type="way" ref="1338728409" role=""/>
  <member type="way" ref="1338728417" role=""/>
  <member type="way" ref="1550377837" role=""/>
  <member type="way" ref="1277706710" role=""/>
  <member type="way" ref="254492354" role=""/>
  <member type="way" ref="1277706709" role=""/>
  <member type="way" ref="1056809787" role=""/>
  <member type="way" ref="1056809795" role=""/>
  <member type="way" ref="823484566" role=""/>
  <member type="way" ref="823484573" role=""/>
  <member type="way" ref="1120366021" role=""/>
  <member type="way" ref="1120366022" role=""/>
  <member type="way" ref="1126525872" role=""/>
  <member type="way" ref="1083551324" role=""/>
  <member type="way" ref="1083551325" role=""/>
  <member type="way" ref="1083551328" role=""/>
  <member type="way" ref="824892508" role=""/>
  <member type="way" ref="1496758375" role=""/>
  <member type="way" ref="1496758376" role=""/>
  <member type="way" ref="1274219114" role=""/>
  <member type="way" ref="1338688725" role=""/>
  <member type="way" ref="1338684902" role=""/>
  <member type="way" ref="1338684887" role=""/>
  <member type="way" ref="1338684878" role=""/>
  <member type="way" ref="1338684875" role=""/>
  <member type="way" ref="924369094" role=""/>
  <member type="way" ref="4729476" role=""/>
  <member type="way" ref="1451173241" role=""/>
  <member type="way" ref="143750172" role=""/>
  <member type="way" ref="1461812344" role=""/>
  <member type="way" ref="143750197" role=""/>
  <member type="way" ref="1461812345" role=""/>
  <member type="way" ref="1461812352" role=""/>
  <member type="way" ref="1451173254" role=""/>
  <member type="way" ref="1530966929" role=""/>
  <member type="way" ref="1081102174" role=""/>
  <member type="way" ref="1081102183" role=""/>
  <member type="way" ref="20685214" role=""/>
  <member type="way" ref="143750222" role=""/>
  <member type="way" ref="143750042" role=""/>
  <member type="way" ref="40608460" role=""/>
  <member type="way" ref="4859197" role=""/>
  <member type="way" ref="1338684906" role=""/>
  <member type="way" ref="256281701" role=""/>
  <tag k="from" v="גבעת התחמושת"/>
  <tag k="from:en" v="Giv'at HaTahmoshet"/>
  <tag k="from:he" v="גבעת התחמושת"/>
  <tag k="gtfs:feed" v="IL-MOT"/>
  <tag k="gtfs:route_id" v="10434"/>
  <tag k="gtfs:shape_id" v="164636"/>
  <tag k="name" v="ירושלים 52: גבעת התחמושת =&gt; בית הדפוס =&gt; הר נוף"/>
  <tag k="name:en" v="Jerusalem 52: Giv'at HaTahmoshet =&gt; Beit HaDfus =&gt; Har Nof"/>
  <tag k="name:he" v="ירושלים 52: גבעת התחמושת =&gt; בית הדפוס =&gt; הר נוף"/>
  <tag k="network" v="ירושלים"/>
  <tag k="network:en" v="Jerusalem"/>
  <tag k="network:he" v="ירושלים"/>
  <tag k="operator" v="אקסטרה ירושלים"/>
  <tag k="operator:en" v="Extra Jerusalem"/>
  <tag k="operator:he" v="אקסטרה ירושלים"/>
  <tag k="public_transport:version" v="2"/>
  <tag k="ref" v="52"/>
  <tag k="route" v="bus"/>
  <tag k="to" v="הר נוף"/>
  <tag k="to:en" v="Har Nof"/>
  <tag k="to:he" v="הר נוף"/>
  <tag k="type" v="route"/>
  <tag k="via" v="בית הדפוס"/>
  <tag k="via:en" v="Beit HaDfus"/>
  <tag k="via:he" v="בית הדפוס"/>
  <tag k="website" v="https://extrapt.co.il"/>
 </relation>
 <relation id="17068005" visible="true" version="3" changeset="181112070" timestamp="2026-04-09T18:23:29Z" user="ירח אפל" uid="1041983">
  <member type="relation" ref="17068001" role=""/>
  <member type="relation" ref="17068002" role=""/>
  <member type="relation" ref="17068003" role=""/>
  <member type="relation" ref="17068004" role=""/>
  <tag k="gtfs:feed" v="IL-MOT"/>
  <tag k="gtfs:route_id" v="10431;10432;10433;10434"/>
  <tag k="name" v="ירושלים 52"/>
  <tag k="name:en" v="Jerusalem 52"/>
  <tag k="name:he" v="ירושלים 52"/>
  <tag k="network" v="ירושלים"/>
  <tag k="network:en" v="Jerusalem"/>
  <tag k="network:he" v="ירושלים"/>
  <tag k="operator" v="אקסטרה ירושלים"/>
  <tag k="operator:en" v="Extra Jerusalem"/>
  <tag k="operator:he" v="אקסטרה ירושלים"/>
  <tag k="ref" v="52"/>
  <tag k="route_master" v="bus"/>
  <tag k="type" v="route_master"/>
  <tag k="website" v="https://extrapt.co.il/"/>
 </relation>
 <relation id="17189725" visible="true" version="1" changeset="147314250" timestamp="2024-02-11T02:56:31Z" user="ar58" uid="572423">
  <member type="way" ref="1161076599" role="from"/>
  <member type="node" ref="10799229238" role="via"/>
  <member type="way" ref="1161076599" role="to"/>
  <tag k="restriction" v="no_u_turn"/>
  <tag k="type" v="restriction"/>
 </relation>
 <relation id="17267031" visible="true" version="28" changeset="188444716" timestamp="2026-09-02T22:58:38Z" user="Ornits" uid="24450071">
  <member type="node" ref="1803048272" role="platform_entry_only"/>
  <member type="node" ref="1803048264" role="platform"/>
  <member type="node" ref="1803048268" role="platform"/>
  <member type="node" ref="1803043937" role="platform"/>
  <member type="node" ref="1803032207" role="platform"/>
  <member type="node" ref="1803032200" role="platform"/>
  <member type="node" ref="1803087404" role="platform"/>
  <member type="node" ref="12172766908" role="platform"/>
  <member type="node" ref="12172704814" role="platform"/>
  <member type="node" ref="10960143005" role="platform"/>
  <member type="node" ref="1803004931" role="platform"/>
  <member type="node" ref="1803046252" role="platform"/>
  <member type="node" ref="10960106253" role="platform"/>
  <member type="node" ref="1803001897" role="platform"/>
  <member type="node" ref="1803038595" role="platform"/>
  <member type="node" ref="1803087321" role="platform"/>
  <member type="node" ref="1803087326" role="platform"/>
  <member type="node" ref="1803087322" role="platform"/>
  <member type="node" ref="1803088482" role="platform"/>
  <member type="node" ref="1803045368" role="platform"/>
  <member type="node" ref="1803045376" role="platform"/>
  <member type="node" ref="1803088761" role="platform"/>
  <member type="node" ref="1803087581" role="platform"/>
  <member type="node" ref="1803062396" role="platform"/>
  <member type="node" ref="1803034715" role="platform"/>
  <member type="node" ref="1803034727" role="platform"/>
  <member type="node" ref="1803029814" role="platform"/>
  <member type="node" ref="1803039093" role="platform"/>
  <member type="node" ref="1803039084" role="platform"/>
  <member type="node" ref="1803039067" role="platform_exit_only"/>
  <member type="way" ref="1161086481" role=""/>
  <member type="way" ref="1177222251" role=""/>
  <member type="way" ref="1451137457" role=""/>
  <member type="way" ref="495954690" role=""/>
  <member type="way" ref="1432515324" role=""/>
  <member type="way" ref="1530388287" role=""/>
  <member type="way" ref="823484595" role=""/>
  <member type="way" ref="1432515325" role=""/>
  <member type="way" ref="1277706710" role=""/>
  <member type="way" ref="254492354" role=""/>
  <member type="way" ref="1277706709" role=""/>
  <member type="way" ref="1056809792" role=""/>
  <member type="way" ref="1510590290" role=""/>
  <member type="way" ref="1056809793" role=""/>
  <member type="way" ref="1496758372" role=""/>
  <member type="way" ref="1496758371" role=""/>
  <member type="way" ref="823484551" role=""/>
  <member type="way" ref="1098466471" role=""/>
  <member type="way" ref="1103857304" role=""/>
  <member type="way" ref="1502517257" role=""/>
  <member type="way" ref="1096827833" role=""/>
  <member type="way" ref="1212763253" role=""/>
  <member type="way" ref="1212763249" role=""/>
  <member type="way" ref="1212763252" role=""/>
  <member type="way" ref="1190000799" role=""/>
  <member type="way" ref="1055453952" role=""/>
  <member type="way" ref="706129052" role=""/>
  <member type="way" ref="706129053" role=""/>
  <member type="way" ref="706129048" role=""/>
  <member type="way" ref="706129042" role=""/>
  <member type="way" ref="706129047" role=""/>
  <member type="way" ref="706129056" role=""/>
  <member type="way" ref="962315877" role=""/>
  <member type="way" ref="767135695" role=""/>
  <member type="way" ref="996947800" role=""/>
  <member type="way" ref="767135697" role=""/>
  <member type="way" ref="829339137" role=""/>
  <member type="way" ref="1022335459" role=""/>
  <member type="way" ref="996947794" role=""/>
  <member type="way" ref="1022335462" role=""/>
  <member type="way" ref="996947790" role=""/>
  <member type="way" ref="1022335466" role=""/>
  <member type="way" ref="1249681913" role=""/>
  <member type="way" ref="1249681911" role=""/>
  <member type="way" ref="1249681912" role=""/>
  <member type="way" ref="1507589723" role=""/>
  <member type="way" ref="962315881" role=""/>
  <member type="way" ref="1550182504" role=""/>
  <member type="way" ref="1018848293" role=""/>
  <member type="way" ref="1248944798" role=""/>
  <member type="way" ref="767135721" role=""/>
  <member type="way" ref="1415010954" role=""/>
  <member type="way" ref="1530653961" role=""/>
  <member type="way" ref="1123083454" role=""/>
  <member type="way" ref="1530653963" role=""/>
  <member type="way" ref="1496767938" role=""/>
  <member type="way" ref="1334868303" role=""/>
  <member type="way" ref="1182492203" role=""/>
  <member type="way" ref="1182492202" role=""/>
  <member type="way" ref="1248957415" role=""/>
  <member type="way" ref="1523840256" role=""/>
  <member type="way" ref="217283288" role=""/>
  <member type="way" ref="1197741713" role=""/>
  <member type="way" ref="1248957416" role=""/>
  <member type="way" ref="661716344" role=""/>
  <member type="way" ref="231130791" role=""/>
  <member type="way" ref="1386000890" role=""/>
  <member type="way" ref="912434716" role=""/>
  <member type="way" ref="823854152" role=""/>
  <member type="way" ref="823854145" role=""/>
  <member type="way" ref="926722717" role=""/>
  <member type="way" ref="739101012" role=""/>
  <member type="way" ref="739101013" role=""/>
  <member type="way" ref="291378572" role=""/>
  <member type="way" ref="41901559" role=""/>
  <member type="way" ref="926197522" role=""/>
  <member type="way" ref="104276103" role=""/>
  <member type="way" ref="104276111" role=""/>
  <member type="way" ref="1245237956" role=""/>
  <member type="way" ref="628531938" role=""/>
  <member type="way" ref="1216354103" role=""/>
  <member type="way" ref="41824504" role=""/>
  <member type="way" ref="1276498495" role=""/>
  <member type="way" ref="1276498496" role=""/>
  <member type="way" ref="104276163" role=""/>
  <member type="way" ref="588435136" role=""/>
  <member type="way" ref="588435126" role=""/>
  <member type="way" ref="588435123" role=""/>
  <member type="way" ref="588435093" role=""/>
  <member type="way" ref="588435097" role=""/>
  <member type="way" ref="588435096" role=""/>
  <member type="way" ref="588422564" role=""/>
  <member type="way" ref="588422565" role=""/>
  <member type="way" ref="588422567" role=""/>
  <member type="way" ref="1245402046" role=""/>
  <member type="way" ref="588422560" role=""/>
  <member type="way" ref="588422552" role=""/>
  <member type="way" ref="588422551" role=""/>
  <member type="way" ref="588422555" role=""/>
  <member type="way" ref="588422553" role=""/>
  <member type="way" ref="375803776" role=""/>
  <member type="way" ref="185170910" role=""/>
  <member type="way" ref="1234743344" role=""/>
  <member type="way" ref="588415794" role=""/>
  <member type="way" ref="588415789" role=""/>
  <member type="way" ref="1234743325" role=""/>
  <member type="way" ref="902983985" role=""/>
  <member type="way" ref="588415781" role=""/>
  <member type="way" ref="1234743328" role=""/>
  <member type="way" ref="1234743330" role=""/>
  <member type="way" ref="1234743331" role=""/>
  <member type="way" ref="588415780" role=""/>
  <member type="way" ref="958926972" role=""/>
  <member type="way" ref="958926974" role=""/>
  <member type="way" ref="918404117" role=""/>
  <member type="way" ref="668111492" role=""/>
  <member type="way" ref="663479660" role=""/>
  <member type="way" ref="663479666" role=""/>
  <member type="way" ref="668111486" role=""/>
  <member type="way" ref="668111471" role=""/>
  <member type="way" ref="663479669" role=""/>
  <member type="way" ref="663479644" role=""/>
  <member type="way" ref="663479668" role=""/>
  <member type="way" ref="663479654" role=""/>
  <member type="way" ref="1240619489" role=""/>
  <tag k="from" v="גבעת שאול"/>
  <tag k="from:en" v="Giv'at Sha'ul"/>
  <tag k="from:he" v="גבעת שאול"/>
  <tag k="gtfs:feed" v="IL-MOT"/>
  <tag k="gtfs:route_id" v="12390"/>
  <tag k="gtfs:shape_id" v="146539"/>
  <tag k="name" v="ירושלים 65: גבעת שאול =&gt; פסגת זאב מרכז"/>
  <tag k="name:en" v="Jerusalem 65: Giv'at Sha'ul =&gt; Pisgat Ze'ev Central"/>
  <tag k="name:he" v="ירושלים 65: גבעת שאול =&gt; פסגת זאב מרכז"/>
  <tag k="network" v="ירושלים"/>
  <tag k="network:en" v="Jerusalem"/>
  <tag k="network:he" v="ירושלים"/>
  <tag k="operator" v="אקסטרה ירושלים"/>
  <tag k="operator:en" v="Extra Jerusalem"/>
  <tag k="operator:he" v="אקסטרה ירושלים"/>
  <tag k="public_transport:version" v="2"/>
  <tag k="ref" v="65"/>
  <tag k="route" v="bus"/>
  <tag k="to" v="פסגת זאב מרכז"/>
  <tag k="to:en" v="Pisgat Ze'ev Central"/>
  <tag k="to:he" v="פסגת זאב מרכז"/>
  <tag k="type" v="route"/>
  <tag k="website" v="https://extrapt.co.il"/>
 </relation>
 <relation id="17267032" visible="true" version="26" changeset="188444716" timestamp="2026-09-02T22:58:38Z" user="Ornits" uid="24450071">
  <member type="node" ref="1803048272" role="platform_entry_only"/>
  <member type="node" ref="1802999276" role="platform"/>
  <member type="node" ref="1802992214" role="platform"/>
  <member type="node" ref="1802996519" role="platform"/>
  <member type="node" ref="1802996515" role="platform"/>
  <member type="node" ref="1803043937" role="platform"/>
  <member type="node" ref="1803032207" role="platform"/>
  <member type="node" ref="1803032200" role="platform"/>
  <member type="node" ref="1803087404" role="platform"/>
  <member type="node" ref="12172766908" role="platform"/>
  <member type="node" ref="12172704814" role="platform"/>
  <member type="node" ref="10960143005" role="platform"/>
  <member type="node" ref="1803004931" role="platform"/>
  <member type="node" ref="1803046252" role="platform"/>
  <member type="node" ref="10960106253" role="platform"/>
  <member type="node" ref="1803001897" role="platform"/>
  <member type="node" ref="1803038595" role="platform"/>
  <member type="node" ref="1803087321" role="platform"/>
  <member type="node" ref="1803087326" role="platform"/>
  <member type="node" ref="1803087322" role="platform"/>
  <member type="node" ref="1803088482" role="platform"/>
  <member type="node" ref="1803045368" role="platform"/>
  <member type="node" ref="1803045376" role="platform"/>
  <member type="node" ref="1803088761" role="platform"/>
  <member type="node" ref="1803087581" role="platform"/>
  <member type="node" ref="1803062396" role="platform"/>
  <member type="node" ref="1803034715" role="platform"/>
  <member type="node" ref="1803034727" role="platform"/>
  <member type="node" ref="1803029814" role="platform"/>
  <member type="node" ref="1803039093" role="platform"/>
  <member type="node" ref="1803039084" role="platform"/>
  <member type="node" ref="1803039067" role="platform_exit_only"/>
  <member type="way" ref="1161086481" role=""/>
  <member type="way" ref="1274219111" role=""/>
  <member type="way" ref="824892508" role=""/>
  <member type="way" ref="1083551328" role=""/>
  <member type="way" ref="1083551325" role=""/>
  <member type="way" ref="1083551324" role=""/>
  <member type="way" ref="217551435" role=""/>
  <member type="way" ref="1126525873" role=""/>
  <member type="way" ref="1277706707" role=""/>
  <member type="way" ref="1120366019" role=""/>
  <member type="way" ref="930268739" role=""/>
  <member type="way" ref="930268741" role=""/>
  <member type="way" ref="823484581" role=""/>
  <member type="way" ref="911964602" role=""/>
  <member type="way" ref="1056809793" role=""/>
  <member type="way" ref="1496758372" role=""/>
  <member type="way" ref="1496758371" role=""/>
  <member type="way" ref="823484551" role=""/>
  <member type="way" ref="1098466471" role=""/>
  <member type="way" ref="1103857304" role=""/>
  <member type="way" ref="1502517257" role=""/>
  <member type="way" ref="1096827833" role=""/>
  <member type="way" ref="1212763253" role=""/>
  <member type="way" ref="1212763249" role=""/>
  <member type="way" ref="1212763252" role=""/>
  <member type="way" ref="1190000799" role=""/>
  <member type="way" ref="1055453952" role=""/>
  <member type="way" ref="706129052" role=""/>
  <member type="way" ref="706129053" role=""/>
  <member type="way" ref="706129048" role=""/>
  <member type="way" ref="706129042" role=""/>
  <member type="way" ref="706129047" role=""/>
  <member type="way" ref="706129056" role=""/>
  <member type="way" ref="962315877" role=""/>
  <member type="way" ref="767135695" role=""/>
  <member type="way" ref="996947800" role=""/>
  <member type="way" ref="767135697" role=""/>
  <member type="way" ref="829339137" role=""/>
  <member type="way" ref="1022335459" role=""/>
  <member type="way" ref="996947794" role=""/>
  <member type="way" ref="1022335462" role=""/>
  <member type="way" ref="996947790" role=""/>
  <member type="way" ref="1022335466" role=""/>
  <member type="way" ref="1249681913" role=""/>
  <member type="way" ref="1249681911" role=""/>
  <member type="way" ref="1249681912" role=""/>
  <member type="way" ref="1507589723" role=""/>
  <member type="way" ref="962315881" role=""/>
  <member type="way" ref="1550182504" role=""/>
  <member type="way" ref="1018848293" role=""/>
  <member type="way" ref="1248944798" role=""/>
  <member type="way" ref="767135721" role=""/>
  <member type="way" ref="1415010954" role=""/>
  <member type="way" ref="1530653961" role=""/>
  <member type="way" ref="1123083454" role=""/>
  <member type="way" ref="1530653963" role=""/>
  <member type="way" ref="1496767938" role=""/>
  <member type="way" ref="1334868303" role=""/>
  <member type="way" ref="1182492203" role=""/>
  <member type="way" ref="1182492202" role=""/>
  <member type="way" ref="1248957415" role=""/>
  <member type="way" ref="1523840256" role=""/>
  <member type="way" ref="217283288" role=""/>
  <member type="way" ref="1197741713" role=""/>
  <member type="way" ref="1248957416" role=""/>
  <member type="way" ref="661716344" role=""/>
  <member type="way" ref="231130791" role=""/>
  <member type="way" ref="1386000890" role=""/>
  <member type="way" ref="912434716" role=""/>
  <member type="way" ref="823854152" role=""/>
  <member type="way" ref="823854145" role=""/>
  <member type="way" ref="926722717" role=""/>
  <member type="way" ref="739101012" role=""/>
  <member type="way" ref="739101013" role=""/>
  <member type="way" ref="291378572" role=""/>
  <member type="way" ref="41901559" role=""/>
  <member type="way" ref="926197522" role=""/>
  <member type="way" ref="104276103" role=""/>
  <member type="way" ref="104276111" role=""/>
  <member type="way" ref="1245237956" role=""/>
  <member type="way" ref="628531938" role=""/>
  <member type="way" ref="1216354103" role=""/>
  <member type="way" ref="41824504" role=""/>
  <member type="way" ref="1276498495" role=""/>
  <member type="way" ref="1276498496" role=""/>
  <member type="way" ref="104276163" role=""/>
  <member type="way" ref="588435136" role=""/>
  <member type="way" ref="588435126" role=""/>
  <member type="way" ref="588435123" role=""/>
  <member type="way" ref="588435093" role=""/>
  <member type="way" ref="588435097" role=""/>
  <member type="way" ref="588435096" role=""/>
  <member type="way" ref="588422564" role=""/>
  <member type="way" ref="588422565" role=""/>
  <member type="way" ref="588422567" role=""/>
  <member type="way" ref="1245402046" role=""/>
  <member type="way" ref="588422560" role=""/>
  <member type="way" ref="588422552" role=""/>
  <member type="way" ref="588422551" role=""/>
  <member type="way" ref="588422555" role=""/>
  <member type="way" ref="588422553" role=""/>
  <member type="way" ref="375803776" role=""/>
  <member type="way" ref="185170910" role=""/>
  <member type="way" ref="1234743344" role=""/>
  <member type="way" ref="588415794" role=""/>
  <member type="way" ref="588415789" role=""/>
  <member type="way" ref="1234743325" role=""/>
  <member type="way" ref="902983985" role=""/>
  <member type="way" ref="588415781" role=""/>
  <member type="way" ref="1234743328" role=""/>
  <member type="way" ref="1234743330" role=""/>
  <member type="way" ref="1234743331" role=""/>
  <member type="way" ref="588415780" role=""/>
  <member type="way" ref="958926972" role=""/>
  <member type="way" ref="958926974" role=""/>
  <member type="way" ref="918404117" role=""/>
  <member type="way" ref="668111492" role=""/>
  <member type="way" ref="663479660" role=""/>
  <member type="way" ref="663479666" role=""/>
  <member type="way" ref="668111486" role=""/>
  <member type="way" ref="668111471" role=""/>
  <member type="way" ref="663479669" role=""/>
  <member type="way" ref="663479644" role=""/>
  <member type="way" ref="663479668" role=""/>
  <member type="way" ref="663479654" role=""/>
  <member type="way" ref="1240619489" role=""/>
  <tag k="from" v="גבעת שאול"/>
  <tag k="from:en" v="Giv'at Sha'ul"/>
  <tag k="from:he" v="גבעת שאול"/>
  <tag k="gtfs:feed" v="IL-MOT"/>
  <tag k="gtfs:route_id" v="12391"/>
  <tag k="gtfs:shape_id" v="146540"/>
  <tag k="name" v="ירושלים 65: גבעת שאול =&gt; בית הדפוס =&gt; פסגת זאב מרכז"/>
  <tag k="name:en" v="Jerusalem 65: Giv'at Sha'ul =&gt; Beit HaDfus =&gt; Pisgat Ze'ev Central"/>
  <tag k="name:he" v="ירושלים 65: גבעת שאול =&gt; בית הדפוס =&gt; פסגת זאב מרכז"/>
  <tag k="network" v="ירושלים"/>
  <tag k="network:en" v="Jerusalem"/>
  <tag k="network:he" v="ירושלים"/>
  <tag k="operator" v="אקסטרה ירושלים"/>
  <tag k="operator:en" v="Extra Jerusalem"/>
  <tag k="operator:he" v="אקסטרה ירושלים"/>
  <tag k="public_transport:version" v="2"/>
  <tag k="ref" v="65"/>
  <tag k="route" v="bus"/>
  <tag k="to" v="פסגת זאב מרכז"/>
  <tag k="to:en" v="Pisgat Ze'ev Central"/>
  <tag k="to:he" v="פסגת זאב מרכז"/>
  <tag k="type" v="route"/>
  <tag k="via" v="בית הדפוס"/>
  <tag k="via:en" v="Beit HaDfus"/>
  <tag k="via:he" v="בית הדפוס"/>
  <tag k="website" v="https://extrapt.co.il"/>
 </relation>
 <relation id="17267033" visible="true" version="32" changeset="188444716" timestamp="2026-09-02T22:58:38Z" user="Ornits" uid="24450071">
  <member type="node" ref="1803039160" role="platform_entry_only"/>
  <member type="node" ref="1803068038" role="platform"/>
  <member type="node" ref="1803039092" role="platform"/>
  <member type="node" ref="1803088791" role="platform"/>
  <member type="node" ref="1803029844" role="platform"/>
  <member type="node" ref="1803034726" role="platform"/>
  <member type="node" ref="1803049795" role="platform"/>
  <member type="node" ref="1803087580" role="platform"/>
  <member type="node" ref="1803062415" role="platform"/>
  <member type="node" ref="1803045349" role="platform"/>
  <member type="node" ref="1803045382" role="platform"/>
  <member type="node" ref="1803087324" role="platform"/>
  <member type="node" ref="1803087325" role="platform"/>
  <member type="node" ref="1803087323" role="platform"/>
  <member type="node" ref="1803049500" role="platform"/>
  <member type="node" ref="1803038168" role="platform"/>
  <member type="node" ref="12335150401" role="platform"/>
  <member type="node" ref="1803001870" role="platform"/>
  <member type="node" ref="1803046222" role="platform"/>
  <member type="node" ref="1803046224" role="platform"/>
  <member type="node" ref="1803046245" role="platform"/>
  <member type="node" ref="12172745018" role="platform"/>
  <member type="node" ref="12172704816" role="platform"/>
  <member type="node" ref="1803087398" role="platform"/>
  <member type="node" ref="1803032211" role="platform"/>
  <member type="node" ref="1803032204" role="platform"/>
  <member type="node" ref="1803043938" role="platform"/>
  <member type="node" ref="1803048267" role="platform"/>
  <member type="node" ref="1803048265" role="platform"/>
  <member type="node" ref="1803048249" role="platform"/>
  <member type="node" ref="12172704821" role="platform"/>
  <member type="node" ref="12172774803" role="platform_exit_only"/>
  <member type="way" ref="663479654" role=""/>
  <member type="way" ref="663479655" role=""/>
  <member type="way" ref="663479670" role=""/>
  <member type="way" ref="663479661" role=""/>
  <member type="way" ref="668111488" role=""/>
  <member type="way" ref="668111492" role=""/>
  <member type="way" ref="918404117" role=""/>
  <member type="way" ref="958926973" role=""/>
  <member type="way" ref="958926971" role=""/>
  <member type="way" ref="588415780" role=""/>
  <member type="way" ref="1234743332" role=""/>
  <member type="way" ref="1234743329" role=""/>
  <member type="way" ref="1234743328" role=""/>
  <member type="way" ref="588415778" role=""/>
  <member type="way" ref="588415783" role=""/>
  <member type="way" ref="588415786" role=""/>
  <member type="way" ref="920864384" role=""/>
  <member type="way" ref="185170914" role=""/>
  <member type="way" ref="375803777" role=""/>
  <member type="way" ref="1234743342" role=""/>
  <member type="way" ref="1234743341" role=""/>
  <member type="way" ref="1234743345" role=""/>
  <member type="way" ref="375803776" role=""/>
  <member type="way" ref="588422554" role=""/>
  <member type="way" ref="1245402048" role=""/>
  <member type="way" ref="588422557" role=""/>
  <member type="way" ref="588422552" role=""/>
  <member type="way" ref="588422560" role=""/>
  <member type="way" ref="1245402046" role=""/>
  <member type="way" ref="588422567" role=""/>
  <member type="way" ref="588422565" role=""/>
  <member type="way" ref="588422564" role=""/>
  <member type="way" ref="134104359" role=""/>
  <member type="way" ref="185169745" role=""/>
  <member type="way" ref="588435100" role=""/>
  <member type="way" ref="588435120" role=""/>
  <member type="way" ref="588435122" role=""/>
  <member type="way" ref="588435130" role=""/>
  <member type="way" ref="588435128" role=""/>
  <member type="way" ref="588435132" role=""/>
  <member type="way" ref="588435131" role=""/>
  <member type="way" ref="133850355" role=""/>
  <member type="way" ref="185168512" role=""/>
  <member type="way" ref="229098656" role=""/>
  <member type="way" ref="1245402017" role=""/>
  <member type="way" ref="588435137" role=""/>
  <member type="way" ref="1276498493" role=""/>
  <member type="way" ref="628531942" role=""/>
  <member type="way" ref="628531940" role=""/>
  <member type="way" ref="1245237959" role=""/>
  <member type="way" ref="104276099" role=""/>
  <member type="way" ref="926197530" role=""/>
  <member type="way" ref="104276102" role=""/>
  <member type="way" ref="739101016" role=""/>
  <member type="way" ref="739101015" role=""/>
  <member type="way" ref="739101014" role=""/>
  <member type="way" ref="926722749" role=""/>
  <member type="way" ref="41824814" role=""/>
  <member type="way" ref="823854137" role=""/>
  <member type="way" ref="823854155" role=""/>
  <member type="way" ref="975399365" role=""/>
  <member type="way" ref="932313426" role=""/>
  <member type="way" ref="1248957417" role=""/>
  <member type="way" ref="334278018" role=""/>
  <member type="way" ref="1523840249" role=""/>
  <member type="way" ref="691637539" role=""/>
  <member type="way" ref="1313810447" role=""/>
  <member type="way" ref="1313810445" role=""/>
  <member type="way" ref="933196690" role=""/>
  <member type="way" ref="1523840257" role=""/>
  <member type="way" ref="1169700979" role=""/>
  <member type="way" ref="1496767937" role=""/>
  <member type="way" ref="1334868293" role=""/>
  <member type="way" ref="1530653962" role=""/>
  <member type="way" ref="1537732418" role=""/>
  <member type="way" ref="1022335478" role=""/>
  <member type="way" ref="1334868298" role=""/>
  <member type="way" ref="996947788" role=""/>
  <member type="way" ref="1194383974" role=""/>
  <member type="way" ref="1053150175" role=""/>
  <member type="way" ref="1248944814" role=""/>
  <member type="way" ref="1053150174" role=""/>
  <member type="way" ref="1022335467" role=""/>
  <member type="way" ref="1022335466" role=""/>
  <member type="way" ref="996947790" role=""/>
  <member type="way" ref="1022335462" role=""/>
  <member type="way" ref="1022335458" role=""/>
  <member type="way" ref="962315885" role=""/>
  <member type="way" ref="1022335460" role=""/>
  <member type="way" ref="1022335459" role=""/>
  <member type="way" ref="829339137" role=""/>
  <member type="way" ref="767135697" role=""/>
  <member type="way" ref="767135698" role=""/>
  <member type="way" ref="996947799" role=""/>
  <member type="way" ref="671264451" role=""/>
  <member type="way" ref="962315878" role=""/>
  <member type="way" ref="706129038" role=""/>
  <member type="way" ref="706129035" role=""/>
  <member type="way" ref="1055453950" role=""/>
  <member type="way" ref="706129039" role=""/>
  <member type="way" ref="706129045" role=""/>
  <member type="way" ref="706129055" role=""/>
  <member type="way" ref="157301575" role=""/>
  <member type="way" ref="1212557995" role=""/>
  <member type="way" ref="1214723436" role=""/>
  <member type="way" ref="1096827832" role=""/>
  <member type="way" ref="1502517258" role=""/>
  <member type="way" ref="1125469315" role=""/>
  <member type="way" ref="879345767" role=""/>
  <member type="way" ref="823484559" role=""/>
  <member type="way" ref="1277706708" role=""/>
  <member type="way" ref="1091889029" role=""/>
  <member type="way" ref="1510590287" role=""/>
  <member type="way" ref="255422574" role=""/>
  <member type="way" ref="823484592" role=""/>
  <member type="way" ref="1530388296" role=""/>
  <member type="way" ref="1530388283" role=""/>
  <member type="way" ref="1461814850" role=""/>
  <member type="way" ref="1461814853" role=""/>
  <member type="way" ref="823484604" role=""/>
  <member type="way" ref="1550379087" role=""/>
  <member type="way" ref="1550379086" role=""/>
  <member type="way" ref="823484607" role=""/>
  <member type="way" ref="1177222261" role=""/>
  <member type="way" ref="1190008206" role=""/>
  <member type="way" ref="1274219114" role=""/>
  <member type="way" ref="1338688725" role=""/>
  <member type="way" ref="1338684902" role=""/>
  <member type="way" ref="1338684887" role=""/>
  <member type="way" ref="1338684878" role=""/>
  <member type="way" ref="1338684907" role=""/>
  <member type="way" ref="1177222267" role=""/>
  <member type="way" ref="1338684876" role=""/>
  <tag k="from" v="פסגת זאב מרכז"/>
  <tag k="from:en" v="Pisgat Ze'ev Central"/>
  <tag k="from:he" v="פסגת זאב מרכז"/>
  <tag k="gtfs:feed" v="IL-MOT"/>
  <tag k="gtfs:route_id" v="12387"/>
  <tag k="gtfs:shape_id" v="152669"/>
  <tag k="name" v="ירושלים 65: פסגת זאב מרכז =&gt; גבעת שאול"/>
  <tag k="name:en" v="Jerusalem 65: Pisgat Ze'ev Central =&gt; Giv'at Sha'ul"/>
  <tag k="name:he" v="ירושלים 65: פסגת זאב מרכז =&gt; גבעת שאול"/>
  <tag k="network" v="ירושלים"/>
  <tag k="network:en" v="Jerusalem"/>
  <tag k="network:he" v="ירושלים"/>
  <tag k="operator" v="אקסטרה ירושלים"/>
  <tag k="operator:en" v="Extra Jerusalem"/>
  <tag k="operator:he" v="אקסטרה ירושלים"/>
  <tag k="public_transport:version" v="2"/>
  <tag k="ref" v="65"/>
  <tag k="route" v="bus"/>
  <tag k="to" v="גבעת שאול"/>
  <tag k="to:en" v="Giv'at Sha'ul"/>
  <tag k="to:he" v="גבעת שאול"/>
  <tag k="type" v="route"/>
  <tag k="website" v="https://extrapt.co.il"/>
 </relation>
 <relation id="17267034" visible="true" version="27" changeset="188444716" timestamp="2026-09-02T22:58:38Z" user="Ornits" uid="24450071">
  <member type="node" ref="1803039160" role="platform_entry_only"/>
  <member type="node" ref="1803068038" role="platform"/>
  <member type="node" ref="1803039092" role="platform"/>
  <member type="node" ref="1803088791" role="platform"/>
  <member type="node" ref="1803029844" role="platform"/>
  <member type="node" ref="1803034726" role="platform"/>
  <member type="node" ref="1803049795" role="platform"/>
  <member type="node" ref="1803087580" role="platform"/>
  <member type="node" ref="1803062415" role="platform"/>
  <member type="node" ref="1803045349" role="platform"/>
  <member type="node" ref="1803045382" role="platform"/>
  <member type="node" ref="1803087324" role="platform"/>
  <member type="node" ref="1803087325" role="platform"/>
  <member type="node" ref="1803087323" role="platform"/>
  <member type="node" ref="1803049500" role="platform"/>
  <member type="node" ref="1803038168" role="platform"/>
  <member type="node" ref="12335150401" role="platform"/>
  <member type="node" ref="1803001870" role="platform"/>
  <member type="node" ref="1803046222" role="platform"/>
  <member type="node" ref="1803046224" role="platform"/>
  <member type="node" ref="1803046245" role="platform"/>
  <member type="node" ref="12172745018" role="platform"/>
  <member type="node" ref="12172704816" role="platform"/>
  <member type="node" ref="1803087398" role="platform"/>
  <member type="node" ref="1803032211" role="platform"/>
  <member type="node" ref="1803032204" role="platform"/>
  <member type="node" ref="1803043938" role="platform"/>
  <member type="node" ref="12172754905" role="platform"/>
  <member type="node" ref="1802996520" role="platform"/>
  <member type="node" ref="1802996518" role="platform"/>
  <member type="node" ref="1802996516" role="platform"/>
  <member type="node" ref="1802996517" role="platform"/>
  <member type="node" ref="12172704821" role="platform"/>
  <member type="node" ref="12172774803" role="platform_exit_only"/>
  <member type="way" ref="663479654" role=""/>
  <member type="way" ref="663479655" role=""/>
  <member type="way" ref="663479670" role=""/>
  <member type="way" ref="663479661" role=""/>
  <member type="way" ref="668111488" role=""/>
  <member type="way" ref="668111492" role=""/>
  <member type="way" ref="918404117" role=""/>
  <member type="way" ref="958926973" role=""/>
  <member type="way" ref="958926971" role=""/>
  <member type="way" ref="588415780" role=""/>
  <member type="way" ref="1234743332" role=""/>
  <member type="way" ref="1234743329" role=""/>
  <member type="way" ref="1234743328" role=""/>
  <member type="way" ref="588415778" role=""/>
  <member type="way" ref="588415783" role=""/>
  <member type="way" ref="588415786" role=""/>
  <member type="way" ref="920864384" role=""/>
  <member type="way" ref="185170914" role=""/>
  <member type="way" ref="375803777" role=""/>
  <member type="way" ref="1234743342" role=""/>
  <member type="way" ref="1234743341" role=""/>
  <member type="way" ref="1234743345" role=""/>
  <member type="way" ref="375803776" role=""/>
  <member type="way" ref="588422554" role=""/>
  <member type="way" ref="1245402048" role=""/>
  <member type="way" ref="588422557" role=""/>
  <member type="way" ref="588422552" role=""/>
  <member type="way" ref="588422560" role=""/>
  <member type="way" ref="1245402046" role=""/>
  <member type="way" ref="588422567" role=""/>
  <member type="way" ref="588422565" role=""/>
  <member type="way" ref="588422564" role=""/>
  <member type="way" ref="134104359" role=""/>
  <member type="way" ref="185169745" role=""/>
  <member type="way" ref="588435100" role=""/>
  <member type="way" ref="588435120" role=""/>
  <member type="way" ref="588435122" role=""/>
  <member type="way" ref="588435130" role=""/>
  <member type="way" ref="588435128" role=""/>
  <member type="way" ref="588435132" role=""/>
  <member type="way" ref="588435131" role=""/>
  <member type="way" ref="133850355" role=""/>
  <member type="way" ref="185168512" role=""/>
  <member type="way" ref="229098656" role=""/>
  <member type="way" ref="1245402017" role=""/>
  <member type="way" ref="588435137" role=""/>
  <member type="way" ref="1276498493" role=""/>
  <member type="way" ref="628531942" role=""/>
  <member type="way" ref="628531940" role=""/>
  <member type="way" ref="1245237959" role=""/>
  <member type="way" ref="104276099" role=""/>
  <member type="way" ref="926197530" role=""/>
  <member type="way" ref="104276102" role=""/>
  <member type="way" ref="739101016" role=""/>
  <member type="way" ref="739101015" role=""/>
  <member type="way" ref="739101014" role=""/>
  <member type="way" ref="926722749" role=""/>
  <member type="way" ref="41824814" role=""/>
  <member type="way" ref="823854137" role=""/>
  <member type="way" ref="823854155" role=""/>
  <member type="way" ref="975399365" role=""/>
  <member type="way" ref="932313426" role=""/>
  <member type="way" ref="1248957417" role=""/>
  <member type="way" ref="334278018" role=""/>
  <member type="way" ref="1523840249" role=""/>
  <member type="way" ref="691637539" role=""/>
  <member type="way" ref="1313810447" role=""/>
  <member type="way" ref="1313810445" role=""/>
  <member type="way" ref="933196690" role=""/>
  <member type="way" ref="1523840257" role=""/>
  <member type="way" ref="1169700979" role=""/>
  <member type="way" ref="1496767937" role=""/>
  <member type="way" ref="1334868293" role=""/>
  <member type="way" ref="1530653962" role=""/>
  <member type="way" ref="1537732418" role=""/>
  <member type="way" ref="1022335478" role=""/>
  <member type="way" ref="1334868298" role=""/>
  <member type="way" ref="996947788" role=""/>
  <member type="way" ref="1194383974" role=""/>
  <member type="way" ref="1053150175" role=""/>
  <member type="way" ref="1248944814" role=""/>
  <member type="way" ref="1053150174" role=""/>
  <member type="way" ref="1022335467" role=""/>
  <member type="way" ref="1022335466" role=""/>
  <member type="way" ref="996947790" role=""/>
  <member type="way" ref="1022335462" role=""/>
  <member type="way" ref="1022335458" role=""/>
  <member type="way" ref="962315885" role=""/>
  <member type="way" ref="1022335460" role=""/>
  <member type="way" ref="1022335459" role=""/>
  <member type="way" ref="829339137" role=""/>
  <member type="way" ref="767135697" role=""/>
  <member type="way" ref="767135698" role=""/>
  <member type="way" ref="996947799" role=""/>
  <member type="way" ref="671264451" role=""/>
  <member type="way" ref="962315878" role=""/>
  <member type="way" ref="706129038" role=""/>
  <member type="way" ref="706129035" role=""/>
  <member type="way" ref="1055453950" role=""/>
  <member type="way" ref="706129039" role=""/>
  <member type="way" ref="706129045" role=""/>
  <member type="way" ref="706129055" role=""/>
  <member type="way" ref="157301575" role=""/>
  <member type="way" ref="1212557995" role=""/>
  <member type="way" ref="1214723436" role=""/>
  <member type="way" ref="1096827832" role=""/>
  <member type="way" ref="1502517258" role=""/>
  <member type="way" ref="1125469315" role=""/>
  <member type="way" ref="879345767" role=""/>
  <member type="way" ref="823484559" role=""/>
  <member type="way" ref="1277706708" role=""/>
  <member type="way" ref="1091889029" role=""/>
  <member type="way" ref="1510590286" role=""/>
  <member type="way" ref="1510590288" role=""/>
  <member type="way" ref="1510590291" role=""/>
  <member type="way" ref="1056809795" role=""/>
  <member type="way" ref="823484566" role=""/>
  <member type="way" ref="823484573" role=""/>
  <member type="way" ref="1120366021" role=""/>
  <member type="way" ref="1120366022" role=""/>
  <member type="way" ref="1126525872" role=""/>
  <member type="way" ref="1083551324" role=""/>
  <member type="way" ref="1083551325" role=""/>
  <member type="way" ref="1083551328" role=""/>
  <member type="way" ref="824892508" role=""/>
  <member type="way" ref="1496758375" role=""/>
  <member type="way" ref="1496758376" role=""/>
  <member type="way" ref="1274219114" role=""/>
  <member type="way" ref="1338688725" role=""/>
  <member type="way" ref="1338684902" role=""/>
  <member type="way" ref="1338684887" role=""/>
  <member type="way" ref="1338684878" role=""/>
  <member type="way" ref="1338684907" role=""/>
  <member type="way" ref="1177222267" role=""/>
  <member type="way" ref="1338684876" role=""/>
  <tag k="from" v="פסגת זאב מרכז"/>
  <tag k="from:en" v="Pisgat Ze'ev Central"/>
  <tag k="from:he" v="פסגת זאב מרכז"/>
  <tag k="gtfs:feed" v="IL-MOT"/>
  <tag k="gtfs:route_id" v="12388"/>
  <tag k="gtfs:shape_id" v="152670"/>
  <tag k="name" v="ירושלים 65: פסגת זאב מזרח =&gt; בית הדפוס =&gt; גבעת שאול"/>
  <tag k="name:en" v="Jerusalem 65: Pisgat Ze'ev East =&gt; Beit HaDfus =&gt; Giv'at Sha'ul"/>
  <tag k="name:he" v="ירושלים 65: פסגת זאב מזרח =&gt; בית הדפוס =&gt; גבעת שאול"/>
  <tag k="network" v="ירושלים"/>
  <tag k="network:en" v="Jerusalem"/>
  <tag k="network:he" v="ירושלים"/>
  <tag k="operator" v="אקסטרה ירושלים"/>
  <tag k="operator:en" v="Extra Jerusalem"/>
  <tag k="operator:he" v="אקסטרה ירושלים"/>
  <tag k="public_transport:version" v="2"/>
  <tag k="ref" v="65"/>
  <tag k="route" v="bus"/>
  <tag k="to" v="גבעת שאול"/>
  <tag k="to:en" v="Giv'at Sha'ul"/>
  <tag k="to:he" v="גבעת שאול"/>
  <tag k="type" v="route"/>
  <tag k="via" v="בית הדפוס"/>
  <tag k="via:en" v="Beit HaDfus"/>
  <tag k="via:he" v="בית הדפוס"/>
  <tag k="website" v="https://extrapt.co.il"/>
 </relation>
 <relation id="17267035" visible="true" version="32" changeset="188444716" timestamp="2026-09-02T22:58:38Z" user="Ornits" uid="24450071">
  <member type="node" ref="1803055877" role="platform_entry_only"/>
  <member type="node" ref="5210699507" role="platform"/>
  <member type="node" ref="1803059274" role="platform"/>
  <member type="node" ref="1803059263" role="platform"/>
  <member type="node" ref="1803063194" role="platform"/>
  <member type="node" ref="1803063195" role="platform"/>
  <member type="node" ref="1803063197" role="platform"/>
  <member type="node" ref="1803004903" role="platform"/>
  <member type="node" ref="1803004912" role="platform"/>
  <member type="node" ref="1803083597" role="platform"/>
  <member type="node" ref="1803083599" role="platform"/>
  <member type="node" ref="1803083625" role="platform"/>
  <member type="node" ref="1803083657" role="platform"/>
  <member type="node" ref="1803083624" role="platform"/>
  <member type="node" ref="1803083623" role="platform"/>
  <member type="node" ref="1803083615" role="platform"/>
  <member type="node" ref="1803083653" role="platform"/>
  <member type="node" ref="1803005758" role="platform"/>
  <member type="node" ref="1803064751" role="platform"/>
  <member type="node" ref="1803049794" role="platform"/>
  <member type="node" ref="1803050466" role="platform"/>
  <member type="node" ref="1803004910" role="platform"/>
  <member type="node" ref="1803045349" role="platform"/>
  <member type="node" ref="1803045382" role="platform"/>
  <member type="node" ref="1803087324" role="platform"/>
  <member type="node" ref="1803087325" role="platform"/>
  <member type="node" ref="1803087323" role="platform"/>
  <member type="node" ref="1803049500" role="platform"/>
  <member type="node" ref="1803038168" role="platform"/>
  <member type="node" ref="12335150401" role="platform"/>
  <member type="node" ref="1803001870" role="platform"/>
  <member type="node" ref="1803046222" role="platform"/>
  <member type="node" ref="1803046224" role="platform"/>
  <member type="node" ref="1803046245" role="platform"/>
  <member type="node" ref="12172745018" role="platform"/>
  <member type="node" ref="12172704816" role="platform"/>
  <member type="node" ref="1803087398" role="platform"/>
  <member type="node" ref="1803032211" role="platform"/>
  <member type="node" ref="1803032204" role="platform"/>
  <member type="node" ref="1803043938" role="platform"/>
  <member type="node" ref="1803048267" role="platform"/>
  <member type="node" ref="1803048265" role="platform"/>
  <member type="node" ref="1803048249" role="platform"/>
  <member type="node" ref="12172704821" role="platform"/>
  <member type="node" ref="12172774803" role="platform_exit_only"/>
  <member type="way" ref="927215793" role=""/>
  <member type="way" ref="927215794" role=""/>
  <member type="way" ref="47289776" role=""/>
  <member type="way" ref="287693675" role=""/>
  <member type="way" ref="287693681" role=""/>
  <member type="way" ref="932283826" role=""/>
  <member type="way" ref="287693676" role=""/>
  <member type="way" ref="287693684" role=""/>
  <member type="way" ref="927215795" role=""/>
  <member type="way" ref="927215801" role=""/>
  <member type="way" ref="47294877" role=""/>
  <member type="way" ref="740675592" role=""/>
  <member type="way" ref="287411767" role=""/>
  <member type="way" ref="287411764" role=""/>
  <member type="way" ref="287411751" role=""/>
  <member type="way" ref="932283828" role=""/>
  <member type="way" ref="133849014" role=""/>
  <member type="way" ref="287049297" role=""/>
  <member type="way" ref="927245713" role=""/>
  <member type="way" ref="185168503" role=""/>
  <member type="way" ref="1234743354" role=""/>
  <member type="way" ref="927245700" role=""/>
  <member type="way" ref="927245707" role=""/>
  <member type="way" ref="287260793" role=""/>
  <member type="way" ref="927245710" role=""/>
  <member type="way" ref="927245709" role=""/>
  <member type="way" ref="588435100" role=""/>
  <member type="way" ref="588435120" role=""/>
  <member type="way" ref="588435122" role=""/>
  <member type="way" ref="588435130" role=""/>
  <member type="way" ref="588435128" role=""/>
  <member type="way" ref="588435132" role=""/>
  <member type="way" ref="588435131" role=""/>
  <member type="way" ref="133850355" role=""/>
  <member type="way" ref="185168512" role=""/>
  <member type="way" ref="229098656" role=""/>
  <member type="way" ref="1245402017" role=""/>
  <member type="way" ref="588435137" role=""/>
  <member type="way" ref="1276498493" role=""/>
  <member type="way" ref="628531942" role=""/>
  <member type="way" ref="628531940" role=""/>
  <member type="way" ref="1245237959" role=""/>
  <member type="way" ref="104276099" role=""/>
  <member type="way" ref="926197530" role=""/>
  <member type="way" ref="104276102" role=""/>
  <member type="way" ref="739101016" role=""/>
  <member type="way" ref="739101015" role=""/>
  <member type="way" ref="739101014" role=""/>
  <member type="way" ref="926722749" role=""/>
  <member type="way" ref="41824814" role=""/>
  <member type="way" ref="823854137" role=""/>
  <member type="way" ref="823854155" role=""/>
  <member type="way" ref="975399365" role=""/>
  <member type="way" ref="932313426" role=""/>
  <member type="way" ref="1248957417" role=""/>
  <member type="way" ref="334278018" role=""/>
  <member type="way" ref="1523840249" role=""/>
  <member type="way" ref="691637539" role=""/>
  <member type="way" ref="1313810447" role=""/>
  <member type="way" ref="1313810445" role=""/>
  <member type="way" ref="933196690" role=""/>
  <member type="way" ref="1523840257" role=""/>
  <member type="way" ref="1169700979" role=""/>
  <member type="way" ref="1496767937" role=""/>
  <member type="way" ref="1334868293" role=""/>
  <member type="way" ref="1530653962" role=""/>
  <member type="way" ref="1537732418" role=""/>
  <member type="way" ref="1022335478" role=""/>
  <member type="way" ref="1334868298" role=""/>
  <member type="way" ref="996947788" role=""/>
  <member type="way" ref="1194383974" role=""/>
  <member type="way" ref="1053150175" role=""/>
  <member type="way" ref="1248944814" role=""/>
  <member type="way" ref="1053150174" role=""/>
  <member type="way" ref="1022335467" role=""/>
  <member type="way" ref="1022335466" role=""/>
  <member type="way" ref="996947790" role=""/>
  <member type="way" ref="1022335462" role=""/>
  <member type="way" ref="1022335458" role=""/>
  <member type="way" ref="962315885" role=""/>
  <member type="way" ref="1022335460" role=""/>
  <member type="way" ref="1022335459" role=""/>
  <member type="way" ref="829339137" role=""/>
  <member type="way" ref="767135697" role=""/>
  <member type="way" ref="767135698" role=""/>
  <member type="way" ref="996947799" role=""/>
  <member type="way" ref="671264451" role=""/>
  <member type="way" ref="962315878" role=""/>
  <member type="way" ref="706129038" role=""/>
  <member type="way" ref="706129035" role=""/>
  <member type="way" ref="1055453950" role=""/>
  <member type="way" ref="706129039" role=""/>
  <member type="way" ref="706129045" role=""/>
  <member type="way" ref="706129055" role=""/>
  <member type="way" ref="157301575" role=""/>
  <member type="way" ref="1212557995" role=""/>
  <member type="way" ref="1214723436" role=""/>
  <member type="way" ref="1096827832" role=""/>
  <member type="way" ref="1502517258" role=""/>
  <member type="way" ref="1125469315" role=""/>
  <member type="way" ref="879345767" role=""/>
  <member type="way" ref="823484559" role=""/>
  <member type="way" ref="1277706708" role=""/>
  <member type="way" ref="1091889029" role=""/>
  <member type="way" ref="1510590287" role=""/>
  <member type="way" ref="255422574" role=""/>
  <member type="way" ref="823484592" role=""/>
  <member type="way" ref="1530388296" role=""/>
  <member type="way" ref="1530388283" role=""/>
  <member type="way" ref="1461814850" role=""/>
  <member type="way" ref="1461814853" role=""/>
  <member type="way" ref="823484604" role=""/>
  <member type="way" ref="1550379087" role=""/>
  <member type="way" ref="1550379086" role=""/>
  <member type="way" ref="823484607" role=""/>
  <member type="way" ref="1177222261" role=""/>
  <member type="way" ref="1190008206" role=""/>
  <member type="way" ref="1274219114" role=""/>
  <member type="way" ref="1338688725" role=""/>
  <member type="way" ref="1338684902" role=""/>
  <member type="way" ref="1338684887" role=""/>
  <member type="way" ref="1338684878" role=""/>
  <member type="way" ref="1338684907" role=""/>
  <member type="way" ref="1177222267" role=""/>
  <member type="way" ref="1338684876" role=""/>
  <tag k="from" v="פסגת זאב מזרח"/>
  <tag k="from:en" v="Pisgat Ze'ev East"/>
  <tag k="from:he" v="פסגת זאב מזרח"/>
  <tag k="gtfs:feed" v="IL-MOT"/>
  <tag k="gtfs:route_id" v="12389"/>
  <tag k="gtfs:shape_id" v="152671"/>
  <tag k="name" v="ירושלים 65: פסגת זאב מזרח =&gt; גבעת שאול"/>
  <tag k="name:en" v="Jerusalem 65: Pisgat Ze'ev East =&gt; Giv'at Sha'ul"/>
  <tag k="name:he" v="ירושלים 65: פסגת זאב מזרח =&gt; גבעת שאול"/>
  <tag k="network" v="ירושלים"/>
  <tag k="network:en" v="Jerusalem"/>
  <tag k="network:he" v="ירושלים"/>
  <tag k="operator" v="אקסטרה ירושלים"/>
  <tag k="operator:en" v="Extra Jerusalem"/>
  <tag k="operator:he" v="אקסטרה ירושלים"/>
  <tag k="public_transport:version" v="2"/>
  <tag k="ref" v="65"/>
  <tag k="route" v="bus"/>
  <tag k="to" v="גבעת שאול"/>
  <tag k="to:en" v="Giv'at Sha'ul"/>
  <tag k="to:he" v="גבעת שאול"/>
  <tag k="type" v="route"/>
  <tag k="website" v="https://extrapt.co.il"/>
 </relation>
 <relation id="17267036" visible="true" version="2" changeset="181676599" timestamp="2026-04-22T14:29:00Z" user="ירח אפל" uid="1041983">
  <member type="relation" ref="17267031" role=""/>
  <member type="relation" ref="17267032" role=""/>
  <member type="relation" ref="17267033" role=""/>
  <member type="relation" ref="17267034" role=""/>
  <member type="relation" ref="17267035" role=""/>
  <tag k="gtfs:feed" v="IL-MOT"/>
  <tag k="gtfs:route_id" v="12387;12388;12389;12390;12391"/>
  <tag k="name" v="ירושלים 65"/>
  <tag k="name:en" v="Jerusalem 65"/>
  <tag k="name:he" v="ירושלים 65"/>
  <tag k="network" v="ירושלים"/>
  <tag k="network:en" v="Jerusalem"/>
  <tag k="network:he" v="ירושלים"/>
  <tag k="operator" v="אקסטרה ירושלים"/>
  <tag k="operator:en" v="Extra Jerusalem"/>
  <tag k="operator:he" v="אקסטרה ירושלים"/>
  <tag k="ref" v="65"/>
  <tag k="route_master" v="bus"/>
  <tag k="type" v="route_master"/>
  <tag k="website" v="https://extrapt.co.il"/>
 </relation>
 <relation id="17305934" visible="true" version="38" changeset="188445124" timestamp="2026-09-02T23:17:41Z" user="Ornits" uid="24450071">
  <member type="node" ref="1803003474" role="platform_entry_only"/>
  <member type="node" ref="1803089916" role="platform"/>
  <member type="node" ref="1803003473" role="platform"/>
  <member type="node" ref="1803054916" role="platform"/>
  <member type="node" ref="1803003352" role="platform"/>
  <member type="node" ref="1803051559" role="platform"/>
  <member type="node" ref="1803062979" role="platform"/>
  <member type="node" ref="1802995754" role="platform"/>
  <member type="node" ref="1803087404" role="platform"/>
  <member type="node" ref="1803044401" role="platform"/>
  <member type="node" ref="1803093080" role="platform"/>
  <member type="node" ref="10960143005" role="platform"/>
  <member type="node" ref="1803004931" role="platform"/>
  <member type="node" ref="1803046252" role="platform"/>
  <member type="node" ref="10960106253" role="platform"/>
  <member type="node" ref="1803001897" role="platform"/>
  <member type="node" ref="1803038595" role="platform"/>
  <member type="node" ref="1803087321" role="platform"/>
  <member type="node" ref="1803087326" role="platform"/>
  <member type="node" ref="1803093103" role="platform"/>
  <member type="node" ref="1803093106" role="platform"/>
  <member type="node" ref="1803093137" role="platform"/>
  <member type="node" ref="5210700296" role="platform"/>
  <member type="node" ref="1803019416" role="platform"/>
  <member type="node" ref="1803019412" role="platform"/>
  <member type="node" ref="1802991591" role="platform"/>
  <member type="node" ref="1803057578" role="platform"/>
  <member type="node" ref="1803088805" role="platform"/>
  <member type="node" ref="1802995521" role="platform"/>
  <member type="node" ref="1803068839" role="platform"/>
  <member type="node" ref="7941723673" role="platform"/>
  <member type="node" ref="7941723676" role="platform"/>
  <member type="node" ref="7941723677" role="platform"/>
  <member type="node" ref="7941723674" role="platform_exit_only"/>
  <member type="way" ref="915906363" role=""/>
  <member type="way" ref="827096817" role=""/>
  <member type="way" ref="915906364" role=""/>
  <member type="way" ref="827096818" role=""/>
  <member type="way" ref="926893832" role=""/>
  <member type="way" ref="926893833" role=""/>
  <member type="way" ref="1183435808" role=""/>
  <member type="way" ref="1183435803" role=""/>
  <member type="way" ref="1183435802" role=""/>
  <member type="way" ref="1183435805" role=""/>
  <member type="way" ref="1183435799" role=""/>
  <member type="way" ref="1491654667" role=""/>
  <member type="way" ref="1183435798" role=""/>
  <member type="way" ref="1183435796" role=""/>
  <member type="way" ref="1183435797" role=""/>
  <member type="way" ref="1183435790" role=""/>
  <member type="way" ref="1183435791" role=""/>
  <member type="way" ref="1183435786" role=""/>
  <member type="way" ref="1183435787" role=""/>
  <member type="way" ref="74433704" role=""/>
  <member type="way" ref="1183435767" role=""/>
  <member type="way" ref="827096819" role=""/>
  <member type="way" ref="924338089" role=""/>
  <member type="way" ref="88499116" role=""/>
  <member type="way" ref="1183435883" role=""/>
  <member type="way" ref="1183435882" role=""/>
  <member type="way" ref="216817556" role=""/>
  <member type="way" ref="917094460" role=""/>
  <member type="way" ref="216817522" role=""/>
  <member type="way" ref="1338468951" role=""/>
  <member type="way" ref="1338468947" role=""/>
  <member type="way" ref="216817548" role=""/>
  <member type="way" ref="827112990" role=""/>
  <member type="way" ref="1237651519" role=""/>
  <member type="way" ref="191359898" role=""/>
  <member type="way" ref="1237651523" role=""/>
  <member type="way" ref="1341828976" role=""/>
  <member type="way" ref="571406811" role=""/>
  <member type="way" ref="1237651526" role=""/>
  <member type="way" ref="1237651524" role=""/>
  <member type="way" ref="1240608163" role=""/>
  <member type="way" ref="1237651527" role=""/>
  <member type="way" ref="571406782" role=""/>
  <member type="way" ref="905457702" role=""/>
  <member type="way" ref="1287722574" role=""/>
  <member type="way" ref="1287722553" role=""/>
  <member type="way" ref="571406771" role=""/>
  <member type="way" ref="1098584824" role=""/>
  <member type="way" ref="1309982183" role=""/>
  <member type="way" ref="1461850237" role=""/>
  <member type="way" ref="1334561697" role=""/>
  <member type="way" ref="1103857300" role=""/>
  <member type="way" ref="1248944792" role=""/>
  <member type="way" ref="1502517257" role=""/>
  <member type="way" ref="1096827833" role=""/>
  <member type="way" ref="1212763253" role=""/>
  <member type="way" ref="1212763249" role=""/>
  <member type="way" ref="1212763252" role=""/>
  <member type="way" ref="1190000799" role=""/>
  <member type="way" ref="217116099" role=""/>
  <member type="way" ref="706129049" role=""/>
  <member type="way" ref="706129050" role=""/>
  <member type="way" ref="163865402" role=""/>
  <member type="way" ref="824218834" role=""/>
  <member type="way" ref="1256571939" role=""/>
  <member type="way" ref="397717854" role=""/>
  <member type="way" ref="902651999" role=""/>
  <member type="way" ref="1413593241" role=""/>
  <member type="way" ref="1420275554" role=""/>
  <member type="way" ref="1077744574" role=""/>
  <member type="way" ref="1388074604" role=""/>
  <member type="way" ref="1077744578" role=""/>
  <member type="way" ref="1000917300" role=""/>
  <member type="way" ref="1018848275" role=""/>
  <member type="way" ref="1147007137" role=""/>
  <member type="way" ref="1147007134" role=""/>
  <member type="way" ref="1248944774" role=""/>
  <member type="way" ref="1496789975" role=""/>
  <member type="way" ref="1018848282" role=""/>
  <member type="way" ref="1018848301" role=""/>
  <member type="way" ref="1248944776" role=""/>
  <member type="way" ref="1248944798" role=""/>
  <member type="way" ref="767135721" role=""/>
  <member type="way" ref="1415010954" role=""/>
  <member type="way" ref="1530653961" role=""/>
  <member type="way" ref="1123083454" role=""/>
  <member type="way" ref="1530653963" role=""/>
  <member type="way" ref="1496767938" role=""/>
  <member type="way" ref="1334868303" role=""/>
  <member type="way" ref="1182492203" role=""/>
  <member type="way" ref="1182492202" role=""/>
  <member type="way" ref="1248957415" role=""/>
  <member type="way" ref="1523840256" role=""/>
  <member type="way" ref="217283288" role=""/>
  <member type="way" ref="1197741713" role=""/>
  <member type="way" ref="1248957416" role=""/>
  <member type="way" ref="661716344" role=""/>
  <member type="way" ref="975399361" role=""/>
  <member type="way" ref="975399366" role=""/>
  <member type="way" ref="219508449" role=""/>
  <member type="way" ref="932313421" role=""/>
  <member type="way" ref="219508454" role=""/>
  <member type="way" ref="280868845" role=""/>
  <member type="way" ref="96955140" role=""/>
  <member type="way" ref="1275812514" role=""/>
  <member type="way" ref="930694395" role=""/>
  <member type="way" ref="1275812530" role=""/>
  <member type="way" ref="1275812532" role=""/>
  <member type="way" ref="1275812519" role=""/>
  <member type="way" ref="1275812526" role=""/>
  <member type="way" ref="1275812547" role=""/>
  <member type="way" ref="837239855" role=""/>
  <member type="way" ref="930694396" role=""/>
  <member type="way" ref="813797182" role=""/>
  <member type="way" ref="930694397" role=""/>
  <member type="way" ref="837239855" role=""/>
  <member type="way" ref="1275812524" role=""/>
  <member type="way" ref="1275812545" role=""/>
  <member type="way" ref="1275812526" role=""/>
  <member type="way" ref="184904127" role=""/>
  <member type="way" ref="1275812530" role=""/>
  <member type="way" ref="184904126" role=""/>
  <member type="way" ref="588441917" role=""/>
  <member type="way" ref="926722719" role=""/>
  <member type="way" ref="588441918" role=""/>
  <member type="way" ref="926722722" role=""/>
  <member type="way" ref="926893839" role=""/>
  <member type="way" ref="217801312" role=""/>
  <member type="way" ref="157674607" role=""/>
  <member type="way" ref="905566792" role=""/>
  <member type="way" ref="75500788" role=""/>
  <member type="way" ref="905566801" role=""/>
  <member type="way" ref="975758768" role=""/>
  <member type="way" ref="1275448693" role=""/>
  <member type="way" ref="685466168" role=""/>
  <member type="way" ref="905566803" role=""/>
  <member type="way" ref="905566804" role=""/>
  <member type="way" ref="1312673502" role=""/>
  <member type="way" ref="1312673503" role=""/>
  <member type="way" ref="905566805" role=""/>
  <member type="way" ref="975422480" role=""/>
  <member type="way" ref="1312673509" role=""/>
  <member type="way" ref="975649461" role=""/>
  <member type="way" ref="1312673510" role=""/>
  <member type="way" ref="1460578173" role=""/>
  <member type="way" ref="1460578172" role=""/>
  <member type="way" ref="975422482" role=""/>
  <member type="way" ref="1274524876" role=""/>
  <member type="way" ref="661847161" role=""/>
  <member type="way" ref="842731160" role=""/>
  <member type="way" ref="927299699" role=""/>
  <member type="way" ref="823854204" role=""/>
  <member type="way" ref="823854206" role=""/>
  <member type="way" ref="823854197" role=""/>
  <member type="way" ref="813797163" role=""/>
  <tag k="from" v="גבעת רם"/>
  <tag k="from:en" v="Giv'at Ram"/>
  <tag k="from:he" v="גבעת רם"/>
  <tag k="gtfs:feed" v="IL-MOT"/>
  <tag k="gtfs:route_id" v="10812"/>
  <tag k="gtfs:shape_id" v="158799"/>
  <tag k="name" v="ירושלים 68: גבעת רם =&gt; הר הצופים"/>
  <tag k="name:en" v="Jerusalem 68: Giv'at Ram =&gt; Mount Scopus"/>
  <tag k="name:he" v="ירושלים 68: גבעת רם =&gt; הר הצופים"/>
  <tag k="network" v="ירושלים"/>
  <tag k="network:en" v="Jerusalem"/>
  <tag k="network:he" v="ירושלים"/>
  <tag k="operator" v="אקסטרה ירושלים"/>
  <tag k="operator:en" v="Extra Jerusalem"/>
  <tag k="operator:he" v="אקסטרה ירושלים"/>
  <tag k="public_transport:version" v="2"/>
  <tag k="ref" v="68"/>
  <tag k="route" v="bus"/>
  <tag k="to" v="מסוף הר הצופים"/>
  <tag k="to:en" v="Mount Scopus Terminal"/>
  <tag k="to:he" v="מסוף הר הצופים"/>
  <tag k="type" v="route"/>
  <tag k="website" v="https://extrapt.co.il"/>
 </relation>
 <relation id="17305935" visible="true" version="45" changeset="188445124" timestamp="2026-09-02T23:17:41Z" user="Ornits" uid="24450071">
  <member type="node" ref="7941723678" role="platform_entry_only"/>
  <member type="node" ref="7941723679" role="platform"/>
  <member type="node" ref="7941723675" role="platform"/>
  <member type="node" ref="1803086997" role="platform"/>
  <member type="node" ref="1802993056" role="platform"/>
  <member type="node" ref="7941721197" role="platform"/>
  <member type="node" ref="12172745009" role="platform"/>
  <member type="node" ref="1803019410" role="platform"/>
  <member type="node" ref="1803019419" role="platform"/>
  <member type="node" ref="5210700297" role="platform"/>
  <member type="node" ref="1803093105" role="platform"/>
  <member type="node" ref="1803093141" role="platform"/>
  <member type="node" ref="1803087325" role="platform"/>
  <member type="node" ref="1803087323" role="platform"/>
  <member type="node" ref="1803049500" role="platform"/>
  <member type="node" ref="1803038168" role="platform"/>
  <member type="node" ref="12335150401" role="platform"/>
  <member type="node" ref="1803001870" role="platform"/>
  <member type="node" ref="1803046222" role="platform"/>
  <member type="node" ref="1803046224" role="platform"/>
  <member type="node" ref="1803083123" role="platform"/>
  <member type="node" ref="1803044405" role="platform_exit_only"/>
  <member type="node" ref="1803044400" role="platform"/>
  <member type="node" ref="1803087398" role="platform"/>
  <member type="node" ref="1802982169" role="platform"/>
  <member type="node" ref="1803009027" role="platform"/>
  <member type="node" ref="10948993156" role="platform"/>
  <member type="node" ref="10948993157" role="platform"/>
  <member type="node" ref="10948993158" role="platform"/>
  <member type="node" ref="8071832747" role="platform"/>
  <member type="node" ref="1803003474" role="platform_exit_only"/>
  <member type="way" ref="88828233" role=""/>
  <member type="way" ref="823854185" role=""/>
  <member type="way" ref="1110131184" role=""/>
  <member type="way" ref="157675579" role=""/>
  <member type="way" ref="1110131185" role=""/>
  <member type="way" ref="73298931" role=""/>
  <member type="way" ref="823854178" role=""/>
  <member type="way" ref="1377476130" role=""/>
  <member type="way" ref="1448473600" role=""/>
  <member type="way" ref="823854176" role=""/>
  <member type="way" ref="218574302" role=""/>
  <member type="way" ref="813797177" role=""/>
  <member type="way" ref="1253463329" role=""/>
  <member type="way" ref="813797178" role=""/>
  <member type="way" ref="1275448684" role=""/>
  <member type="way" ref="1274524876" role=""/>
  <member type="way" ref="662927875" role=""/>
  <member type="way" ref="1018575559" role=""/>
  <member type="way" ref="1253463319" role=""/>
  <member type="way" ref="661716340" role=""/>
  <member type="way" ref="1253463322" role=""/>
  <member type="way" ref="975758773" role=""/>
  <member type="way" ref="975758783" role=""/>
  <member type="way" ref="975758764" role=""/>
  <member type="way" ref="975758786" role=""/>
  <member type="way" ref="975758784" role=""/>
  <member type="way" ref="975758785" role=""/>
  <member type="way" ref="692605235" role=""/>
  <member type="way" ref="971359906" role=""/>
  <member type="way" ref="905566790" role=""/>
  <member type="way" ref="971359903" role=""/>
  <member type="way" ref="905566793" role=""/>
  <member type="way" ref="157674607" role=""/>
  <member type="way" ref="217801313" role=""/>
  <member type="way" ref="926893846" role=""/>
  <member type="way" ref="184904132" role=""/>
  <member type="way" ref="926722723" role=""/>
  <member type="way" ref="588441919" role=""/>
  <member type="way" ref="588441913" role=""/>
  <member type="way" ref="1275812549" role=""/>
  <member type="way" ref="588441916" role=""/>
  <member type="way" ref="1275812519" role=""/>
  <member type="way" ref="1275812526" role=""/>
  <member type="way" ref="1275812547" role=""/>
  <member type="way" ref="837239855" role=""/>
  <member type="way" ref="930694396" role=""/>
  <member type="way" ref="813797182" role=""/>
  <member type="way" ref="930694397" role=""/>
  <member type="way" ref="837239855" role=""/>
  <member type="way" ref="1275812524" role=""/>
  <member type="way" ref="1275812545" role=""/>
  <member type="way" ref="1275812526" role=""/>
  <member type="way" ref="184904127" role=""/>
  <member type="way" ref="930694395" role=""/>
  <member type="way" ref="1275812515" role=""/>
  <member type="way" ref="932313425" role=""/>
  <member type="way" ref="219508448" role=""/>
  <member type="way" ref="933196672" role=""/>
  <member type="way" ref="96954400" role=""/>
  <member type="way" ref="219508449" role=""/>
  <member type="way" ref="975399363" role=""/>
  <member type="way" ref="231130794" role=""/>
  <member type="way" ref="1248957417" role=""/>
  <member type="way" ref="334278018" role=""/>
  <member type="way" ref="1523840249" role=""/>
  <member type="way" ref="691637539" role=""/>
  <member type="way" ref="1313810447" role=""/>
  <member type="way" ref="1313810445" role=""/>
  <member type="way" ref="933196690" role=""/>
  <member type="way" ref="1523840257" role=""/>
  <member type="way" ref="1169700979" role=""/>
  <member type="way" ref="1496767937" role=""/>
  <member type="way" ref="1334868293" role=""/>
  <member type="way" ref="1530653962" role=""/>
  <member type="way" ref="1537732418" role=""/>
  <member type="way" ref="1022335478" role=""/>
  <member type="way" ref="1334868298" role=""/>
  <member type="way" ref="996947788" role=""/>
  <member type="way" ref="1194383974" role=""/>
  <member type="way" ref="1053150175" role=""/>
  <member type="way" ref="1022335473" role=""/>
  <member type="way" ref="1053150177" role=""/>
  <member type="way" ref="1022335471" role=""/>
  <member type="way" ref="1248944797" role=""/>
  <member type="way" ref="1551809277" role=""/>
  <member type="way" ref="1307481250" role=""/>
  <member type="way" ref="1147007134" role=""/>
  <member type="way" ref="1147007137" role=""/>
  <member type="way" ref="1018848275" role=""/>
  <member type="way" ref="1000917300" role=""/>
  <member type="way" ref="1147007129" role=""/>
  <member type="way" ref="1413593242" role=""/>
  <member type="way" ref="1413593246" role=""/>
  <member type="way" ref="902651999" role=""/>
  <member type="way" ref="397717854" role=""/>
  <member type="way" ref="1256571939" role=""/>
  <member type="way" ref="824218834" role=""/>
  <member type="way" ref="163865402" role=""/>
  <member type="way" ref="706129050" role=""/>
  <member type="way" ref="706129049" role=""/>
  <member type="way" ref="256239913" role=""/>
  <member type="way" ref="706129051" role=""/>
  <member type="way" ref="1212557995" role=""/>
  <member type="way" ref="1214723436" role=""/>
  <member type="way" ref="1096827832" role=""/>
  <member type="way" ref="1502517258" role=""/>
  <member type="way" ref="1098466472" role=""/>
  <member type="way" ref="1098466470" role=""/>
  <member type="way" ref="1214734848" role=""/>
  <member type="way" ref="260352205" role=""/>
  <member type="way" ref="4705722" role=""/>
  <member type="way" ref="891225016" role=""/>
  <member type="way" ref="911631064" role=""/>
  <member type="way" ref="260352213" role=""/>
  <member type="way" ref="1214734847" role=""/>
  <member type="way" ref="125665843" role=""/>
  <member type="way" ref="784214951" role=""/>
  <member type="way" ref="125665847" role=""/>
  <member type="way" ref="1214734844" role=""/>
  <member type="way" ref="1237651502" role=""/>
  <member type="way" ref="1287722552" role=""/>
  <member type="way" ref="571406738" role=""/>
  <member type="way" ref="1375106175" role=""/>
  <member type="way" ref="1341828979" role=""/>
  <member type="way" ref="1550910044" role=""/>
  <member type="way" ref="216817538" role=""/>
  <member type="way" ref="217745985" role=""/>
  <member type="way" ref="1237651521" role=""/>
  <member type="way" ref="917094459" role=""/>
  <member type="way" ref="216817527" role=""/>
  <member type="way" ref="1338468976" role=""/>
  <member type="way" ref="1363175250" role=""/>
  <member type="way" ref="1363175248" role=""/>
  <member type="way" ref="74433704" role=""/>
  <member type="way" ref="1183435787" role=""/>
  <member type="way" ref="1183435786" role=""/>
  <member type="way" ref="1183435791" role=""/>
  <member type="way" ref="1183435790" role=""/>
  <member type="way" ref="1183435797" role=""/>
  <member type="way" ref="1183435796" role=""/>
  <member type="way" ref="1183435798" role=""/>
  <member type="way" ref="1491654667" role=""/>
  <member type="way" ref="1183435799" role=""/>
  <member type="way" ref="1183435805" role=""/>
  <member type="way" ref="1183435802" role=""/>
  <member type="way" ref="1183435803" role=""/>
  <member type="way" ref="1183435808" role=""/>
  <member type="way" ref="926893833" role=""/>
  <member type="way" ref="926893832" role=""/>
  <member type="way" ref="827096818" role=""/>
  <member type="way" ref="915906375" role=""/>
  <member type="way" ref="915906374" role=""/>
  <member type="way" ref="915906369" role=""/>
  <member type="way" ref="915906373" role=""/>
  <member type="way" ref="915906372" role=""/>
  <member type="way" ref="915906371" role=""/>
  <member type="way" ref="915906365" role=""/>
  <member type="way" ref="827096816" role=""/>
  <member type="way" ref="915906366" role=""/>
  <member type="way" ref="74433703" role=""/>
  <tag k="from" v="מסוף הר הצופים"/>
  <tag k="from:en" v="Mount Scopus Terminal"/>
  <tag k="from:he" v="מסוף הר הצופים"/>
  <tag k="gtfs:feed" v="IL-MOT"/>
  <tag k="gtfs:route_id" v="10811"/>
  <tag k="gtfs:shape_id" v="155108"/>
  <tag k="name" v="ירושלים 68: הר הצופים =&gt; גבעת רם"/>
  <tag k="name:en" v="Jerusalem 68: Mount Scopus =&gt; Giv'at Ram"/>
  <tag k="name:he" v="ירושלים 68: הר הצופים =&gt; גבעת רם"/>
  <tag k="network" v="ירושלים"/>
  <tag k="network:en" v="Jerusalem"/>
  <tag k="network:he" v="ירושלים"/>
  <tag k="operator" v="אקסטרה ירושלים"/>
  <tag k="operator:en" v="Extra Jerusalem"/>
  <tag k="operator:he" v="אקסטרה ירושלים"/>
  <tag k="public_transport:version" v="2"/>
  <tag k="ref" v="68"/>
  <tag k="route" v="bus"/>
  <tag k="to" v="גבעת רם"/>
  <tag k="to:en" v="Giv'at Ram"/>
  <tag k="to:he" v="גבעת רם"/>
  <tag k="type" v="route"/>
  <tag k="website" v="https://extrapt.co.il"/>
 </relation>
 <relation id="17305936" visible="true" version="2" changeset="181676599" timestamp="2026-04-22T14:29:00Z" user="ירח אפל" uid="1041983">
  <member type="relation" ref="17305934" role=""/>
  <member type="relation" ref="17305935" role=""/>
  <tag k="gtfs:feed" v="IL-MOT"/>
  <tag k="gtfs:route_id" v="10811;10812"/>
  <tag k="name" v="ירושלים 68"/>
  <tag k="name:en" v="Jerusalem 68"/>
  <tag k="name:he" v="ירושלים 68"/>
  <tag k="network" v="ירושלים"/>
  <tag k="network:en" v="Jerusalem"/>
  <tag k="network:he" v="ירושלים"/>
  <tag k="operator" v="אקסטרה ירושלים"/>
  <tag k="operator:en" v="Extra Jerusalem"/>
  <tag k="operator:he" v="אקסטרה ירושלים"/>
  <tag k="ref" v="68"/>
  <tag k="route_master" v="bus"/>
  <tag k="type" v="route_master"/>
  <tag k="website" v="https://extrapt.co.il"/>
 </relation>
 <relation id="17319251" visible="true" version="22" changeset="185466212" timestamp="2026-07-10T10:38:14Z" user="ar58" uid="572423">
  <member type="node" ref="1803044401" role="platform_entry_only"/>
  <member type="node" ref="1803004931" role="platform_entry_only"/>
  <member type="node" ref="1803038595" role="platform_entry_only"/>
  <member type="node" ref="1803087326" role="platform_entry_only"/>
  <member type="node" ref="1803087322" role="platform_entry_only"/>
  <member type="node" ref="1803088482" role="platform_entry_only"/>
  <member type="node" ref="1803005342" role="platform_entry_only"/>
  <member type="node" ref="1803070902" role="platform_entry_only"/>
  <member type="node" ref="1803062396" role="platform"/>
  <member type="node" ref="1803049803" role="platform_entry_only"/>
  <member type="node" ref="12717992484" role="platform"/>
  <member type="node" ref="1803088770" role="platform_entry_only"/>
  <member type="node" ref="5210700418" role="platform_exit_only"/>
  <member type="way" ref="1256571939" role=""/>
  <member type="way" ref="397717854" role=""/>
  <member type="way" ref="902651999" role=""/>
  <member type="way" ref="1413593241" role=""/>
  <member type="way" ref="1420275554" role=""/>
  <member type="way" ref="1077744574" role=""/>
  <member type="way" ref="1388074604" role=""/>
  <member type="way" ref="1077744578" role=""/>
  <member type="way" ref="1000917300" role=""/>
  <member type="way" ref="1018848275" role=""/>
  <member type="way" ref="1147007137" role=""/>
  <member type="way" ref="1147007134" role=""/>
  <member type="way" ref="1248944774" role=""/>
  <member type="way" ref="1496789975" role=""/>
  <member type="way" ref="1018848282" role=""/>
  <member type="way" ref="1018848301" role=""/>
  <member type="way" ref="1248944776" role=""/>
  <member type="way" ref="1248944798" role=""/>
  <member type="way" ref="767135721" role=""/>
  <member type="way" ref="1415010954" role=""/>
  <member type="way" ref="1530653961" role=""/>
  <member type="way" ref="1123083454" role=""/>
  <member type="way" ref="1530653963" role=""/>
  <member type="way" ref="1496767938" role=""/>
  <member type="way" ref="1334868303" role=""/>
  <member type="way" ref="1182492203" role=""/>
  <member type="way" ref="1182492202" role=""/>
  <member type="way" ref="1248957415" role=""/>
  <member type="way" ref="1523840256" role=""/>
  <member type="way" ref="217283288" role=""/>
  <member type="way" ref="1197741713" role=""/>
  <member type="way" ref="1248957416" role=""/>
  <member type="way" ref="661716344" role=""/>
  <member type="way" ref="231130791" role=""/>
  <member type="way" ref="1386000890" role=""/>
  <member type="way" ref="912434716" role=""/>
  <member type="way" ref="823854152" role=""/>
  <member type="way" ref="823854145" role=""/>
  <member type="way" ref="1309234786" role=""/>
  <member type="way" ref="53209078" role=""/>
  <member type="way" ref="926722718" role=""/>
  <member type="way" ref="53209076" role=""/>
  <member type="way" ref="929384098" role=""/>
  <member type="way" ref="588441912" role=""/>
  <member type="way" ref="137705314" role=""/>
  <member type="way" ref="588441909" role=""/>
  <member type="way" ref="273003512" role=""/>
  <member type="way" ref="395559216" role=""/>
  <member type="way" ref="104276096" role=""/>
  <member type="way" ref="926197522" role=""/>
  <member type="way" ref="104276103" role=""/>
  <member type="way" ref="104276111" role=""/>
  <member type="way" ref="1245237956" role=""/>
  <member type="way" ref="628531938" role=""/>
  <member type="way" ref="918404113" role=""/>
  <member type="way" ref="628531941" role=""/>
  <member type="way" ref="287278564" role=""/>
  <member type="way" ref="287278551" role=""/>
  <member type="way" ref="132271786" role=""/>
  <member type="way" ref="132271803" role=""/>
  <member type="way" ref="668111473" role=""/>
  <member type="way" ref="4722098" role=""/>
  <member type="way" ref="902983987" role=""/>
  <member type="way" ref="588415794" role=""/>
  <member type="way" ref="588415789" role=""/>
  <member type="way" ref="1234743325" role=""/>
  <member type="way" ref="902983985" role=""/>
  <member type="way" ref="588415782" role=""/>
  <member type="way" ref="588415784" role=""/>
  <member type="way" ref="588415777" role=""/>
  <member type="way" ref="588415774" role=""/>
  <member type="way" ref="588415771" role=""/>
  <member type="way" ref="588415765" role=""/>
  <member type="way" ref="588415754" role=""/>
  <member type="way" ref="588415742" role=""/>
  <member type="way" ref="1064022902" role=""/>
  <member type="way" ref="1064022904" role=""/>
  <member type="way" ref="288606087" role=""/>
  <member type="way" ref="920864382" role=""/>
  <member type="way" ref="588415736" role=""/>
  <member type="way" ref="1245367099" role=""/>
  <member type="way" ref="1245367098" role=""/>
  <member type="way" ref="920864383" role=""/>
  <member type="way" ref="918404119" role=""/>
  <member type="way" ref="121202020" role=""/>
  <member type="way" ref="333946868" role=""/>
  <member type="way" ref="376721028" role=""/>
  <member type="way" ref="41820610" role=""/>
  <member type="way" ref="932335416" role=""/>
  <tag k="from" v="תחנה מרכזית"/>
  <tag k="from:en" v="Central Station"/>
  <tag k="from:he" v="תחנה מרכזית"/>
  <tag k="gtfs:feed" v="IL-MOT"/>
  <tag k="gtfs:route_id" v="12434"/>
  <tag k="gtfs:shape_id" v="153675"/>
  <tag k="name" v="ירושלים 70: תחנה מרכזית =&gt; פיקוד מרכז"/>
  <tag k="name:en" v="Jerusalem 70: Central Station =&gt; Pikud Merkaz"/>
  <tag k="name:he" v="ירושלים 70: תחנה מרכזית =&gt; פיקוד מרכז"/>
  <tag k="network" v="ירושלים"/>
  <tag k="network:en" v="Jerusalem"/>
  <tag k="network:he" v="ירושלים"/>
  <tag k="operator" v="אקסטרה ירושלים"/>
  <tag k="operator:en" v="Extra Jerusalem"/>
  <tag k="operator:he" v="אקסטרה ירושלים"/>
  <tag k="public_transport:version" v="2"/>
  <tag k="ref" v="70"/>
  <tag k="route" v="bus"/>
  <tag k="to" v="פיקוד מרכז"/>
  <tag k="to:en" v="Pikud Merkaz"/>
  <tag k="to:he" v="פיקוד מרכז"/>
  <tag k="type" v="route"/>
  <tag k="website" v="https://extrapt.co.il/"/>
 </relation>
 <relation id="17509143" visible="true" version="44" changeset="188444716" timestamp="2026-09-02T22:58:38Z" user="Ornits" uid="24450071">
  <member type="node" ref="1803010927" role="platform_entry_only"/>
  <member type="node" ref="1803055939" role="platform"/>
  <member type="node" ref="1803003979" role="platform"/>
  <member type="node" ref="1803043277" role="platform"/>
  <member type="node" ref="1803043268" role="platform"/>
  <member type="node" ref="1802996184" role="platform"/>
  <member type="node" ref="1803000022" role="platform"/>
  <member type="node" ref="1803000020" role="platform"/>
  <member type="node" ref="1803000963" role="platform"/>
  <member type="node" ref="1803000005" role="platform"/>
  <member type="node" ref="5210725919" role="platform"/>
  <member type="node" ref="12985308875" role="platform"/>
  <member type="node" ref="1803083544" role="platform"/>
  <member type="node" ref="1803083533" role="platform"/>
  <member type="node" ref="1748348716" role="platform"/>
  <member type="node" ref="12985308870" role="platform"/>
  <member type="node" ref="11409772169" role="platform"/>
  <member type="node" ref="12172754911" role="platform"/>
  <member type="node" ref="12172754910" role="platform"/>
  <member type="node" ref="1803081854" role="platform"/>
  <member type="node" ref="1803081856" role="platform"/>
  <member type="node" ref="1803024956" role="platform"/>
  <member type="node" ref="1803025003" role="platform"/>
  <member type="node" ref="1802996976" role="platform"/>
  <member type="node" ref="5210700294" role="platform"/>
  <member type="node" ref="1803026594" role="platform"/>
  <member type="node" ref="1803089385" role="platform"/>
  <member type="node" ref="1803089387" role="platform"/>
  <member type="node" ref="1803043877" role="platform"/>
  <member type="node" ref="1802991951" role="platform"/>
  <member type="node" ref="1802991932" role="platform"/>
  <member type="node" ref="1803087321" role="platform"/>
  <member type="node" ref="1803067537" role="platform"/>
  <member type="node" ref="1803060456" role="platform"/>
  <member type="node" ref="1803093103" role="platform"/>
  <member type="node" ref="1803093106" role="platform"/>
  <member type="node" ref="1803093137" role="platform"/>
  <member type="node" ref="5210700296" role="platform"/>
  <member type="node" ref="1803019416" role="platform"/>
  <member type="node" ref="1803019412" role="platform"/>
  <member type="node" ref="12172751910" role="platform"/>
  <member type="node" ref="1803002136" role="platform"/>
  <member type="node" ref="5210700291" role="platform"/>
  <member type="node" ref="5210716480" role="platform"/>
  <member type="node" ref="1803003356" role="platform_exit_only"/>
  <member type="way" ref="1188737080" role=""/>
  <member type="way" ref="1105133091" role=""/>
  <member type="way" ref="818792090" role=""/>
  <member type="way" ref="818792067" role=""/>
  <member type="way" ref="1095249944" role=""/>
  <member type="way" ref="818792094" role=""/>
  <member type="way" ref="818792103" role=""/>
  <member type="way" ref="1014020033" role=""/>
  <member type="way" ref="1239488608" role=""/>
  <member type="way" ref="1239488605" role=""/>
  <member type="way" ref="1198637326" role=""/>
  <member type="way" ref="713331063" role=""/>
  <member type="way" ref="189020733" role=""/>
  <member type="way" ref="189020738" role=""/>
  <member type="way" ref="217279403" role=""/>
  <member type="way" ref="713458669" role=""/>
  <member type="way" ref="1067140086" role=""/>
  <member type="way" ref="713458671" role=""/>
  <member type="way" ref="1282903769" role=""/>
  <member type="way" ref="743821555" role=""/>
  <member type="way" ref="1327294493" role=""/>
  <member type="way" ref="1348590040" role=""/>
  <member type="way" ref="1198570877" role=""/>
  <member type="way" ref="1351617293" role=""/>
  <member type="way" ref="1351617292" role=""/>
  <member type="way" ref="1301526921" role=""/>
  <member type="way" ref="998151969" role=""/>
  <member type="way" ref="168019711" role=""/>
  <member type="way" ref="975020938" role=""/>
  <member type="way" ref="1191524324" role=""/>
  <member type="way" ref="1191524323" role=""/>
  <member type="way" ref="957480178" role=""/>
  <member type="way" ref="156103443" role=""/>
  <member type="way" ref="164731623" role=""/>
  <member type="way" ref="164734165" role=""/>
  <member type="way" ref="163864888" role=""/>
  <member type="way" ref="168019697" role=""/>
  <member type="way" ref="917128758" role=""/>
  <member type="way" ref="166231150" role=""/>
  <member type="way" ref="827374841" role=""/>
  <member type="way" ref="1191529704" role=""/>
  <member type="way" ref="163740338" role=""/>
  <member type="way" ref="1413079195" role=""/>
  <member type="way" ref="1413079199" role=""/>
  <member type="way" ref="1412982293" role=""/>
  <member type="way" ref="1421911970" role=""/>
  <member type="way" ref="44357306" role=""/>
  <member type="way" ref="1191524315" role=""/>
  <member type="way" ref="1191524312" role=""/>
  <member type="way" ref="73989068" role=""/>
  <member type="way" ref="163098185" role=""/>
  <member type="way" ref="1411227322" role=""/>
  <member type="way" ref="947854828" role=""/>
  <member type="way" ref="4722304" role=""/>
  <member type="way" ref="382768074" role=""/>
  <member type="way" ref="810243405" role=""/>
  <member type="way" ref="1411227312" role=""/>
  <member type="way" ref="810243406" role=""/>
  <member type="way" ref="1411227314" role=""/>
  <member type="way" ref="4719619" role=""/>
  <member type="way" ref="1023995245" role=""/>
  <member type="way" ref="810243411" role=""/>
  <member type="way" ref="810243410" role=""/>
  <member type="way" ref="158010382" role=""/>
  <member type="way" ref="1550631188" role=""/>
  <member type="way" ref="158010376" role=""/>
  <member type="way" ref="235950292" role=""/>
  <member type="way" ref="1455273995" role=""/>
  <member type="way" ref="784454195" role=""/>
  <member type="way" ref="784454194" role=""/>
  <member type="way" ref="917498484" role=""/>
  <member type="way" ref="313735822" role=""/>
  <member type="way" ref="1447031111" role=""/>
  <member type="way" ref="1455273978" role=""/>
  <member type="way" ref="1455273979" role=""/>
  <member type="way" ref="157554808" role=""/>
  <member type="way" ref="1455273980" role=""/>
  <member type="way" ref="1447031119" role=""/>
  <member type="way" ref="1447031120" role=""/>
  <member type="way" ref="1455273981" role=""/>
  <member type="way" ref="1455273982" role=""/>
  <member type="way" ref="1455273983" role=""/>
  <member type="way" ref="1447031123" role=""/>
  <member type="way" ref="1447031127" role=""/>
  <member type="way" ref="810509467" role=""/>
  <member type="way" ref="1447031134" role=""/>
  <member type="way" ref="1455273958" role=""/>
  <member type="way" ref="810509487" role=""/>
  <member type="way" ref="1455273971" role=""/>
  <member type="way" ref="1454231025" role=""/>
  <member type="way" ref="1455273964" role=""/>
  <member type="way" ref="810509451" role=""/>
  <member type="way" ref="1190032818" role=""/>
  <member type="way" ref="1455273965" role=""/>
  <member type="way" ref="701478852" role=""/>
  <member type="way" ref="701478866" role=""/>
  <member type="way" ref="1429804313" role=""/>
  <member type="way" ref="1429804325" role=""/>
  <member type="way" ref="1455273989" role=""/>
  <member type="way" ref="1455273988" role=""/>
  <member type="way" ref="897236926" role=""/>
  <member type="way" ref="773806297" role=""/>
  <member type="way" ref="1358782197" role=""/>
  <member type="way" ref="236433068" role=""/>
  <member type="way" ref="236433067" role=""/>
  <member type="way" ref="1358782196" role=""/>
  <member type="way" ref="1005341153" role=""/>
  <member type="way" ref="1005341148" role=""/>
  <member type="way" ref="44080732" role=""/>
  <member type="way" ref="448684076" role=""/>
  <member type="way" ref="236433064" role=""/>
  <member type="way" ref="159082732" role=""/>
  <member type="way" ref="1188718141" role=""/>
  <member type="way" ref="771909619" role=""/>
  <member type="way" ref="774633458" role=""/>
  <member type="way" ref="313735814" role=""/>
  <member type="way" ref="773806289" role=""/>
  <member type="way" ref="773806288" role=""/>
  <member type="way" ref="1491923268" role=""/>
  <member type="way" ref="230894189" role=""/>
  <member type="way" ref="134936374" role=""/>
  <member type="way" ref="773806275" role=""/>
  <member type="way" ref="773806277" role=""/>
  <member type="way" ref="773806279" role=""/>
  <member type="way" ref="773806280" role=""/>
  <member type="way" ref="773806283" role=""/>
  <member type="way" ref="773806284" role=""/>
  <member type="way" ref="1491923270" role=""/>
  <member type="way" ref="273011364" role=""/>
  <member type="way" ref="1182492216" role=""/>
  <member type="way" ref="1076185783" role=""/>
  <member type="way" ref="1182492217" role=""/>
  <member type="way" ref="1076185782" role=""/>
  <member type="way" ref="1076185780" role=""/>
  <member type="way" ref="1076185788" role=""/>
  <member type="way" ref="31451460" role=""/>
  <member type="way" ref="1182492205" role=""/>
  <member type="way" ref="1523840253" role=""/>
  <member type="way" ref="217283288" role=""/>
  <member type="way" ref="1197741713" role=""/>
  <member type="way" ref="1523840247" role=""/>
  <member type="way" ref="1523840250" role=""/>
  <member type="way" ref="1161076613" role=""/>
  <member type="way" ref="1076188842" role=""/>
  <member type="way" ref="1202533888" role=""/>
  <member type="way" ref="1076188849" role=""/>
  <member type="way" ref="96954400" role=""/>
  <member type="way" ref="932313421" role=""/>
  <member type="way" ref="219508454" role=""/>
  <member type="way" ref="280868845" role=""/>
  <member type="way" ref="96955140" role=""/>
  <member type="way" ref="1275812514" role=""/>
  <member type="way" ref="930694395" role=""/>
  <member type="way" ref="1275812530" role=""/>
  <member type="way" ref="1275812532" role=""/>
  <member type="way" ref="1275812519" role=""/>
  <member type="way" ref="1275812526" role=""/>
  <member type="way" ref="1275812547" role=""/>
  <member type="way" ref="837239855" role=""/>
  <member type="way" ref="930694396" role=""/>
  <member type="way" ref="813797182" role=""/>
  <member type="way" ref="930694397" role=""/>
  <member type="way" ref="837239855" role=""/>
  <member type="way" ref="1275812524" role=""/>
  <member type="way" ref="1275812545" role=""/>
  <member type="way" ref="1275812526" role=""/>
  <member type="way" ref="184904127" role=""/>
  <member type="way" ref="1275812530" role=""/>
  <member type="way" ref="184904126" role=""/>
  <member type="way" ref="588441917" role=""/>
  <member type="way" ref="926722719" role=""/>
  <member type="way" ref="588441918" role=""/>
  <member type="way" ref="926722722" role=""/>
  <member type="way" ref="926893839" role=""/>
  <member type="way" ref="217801312" role=""/>
  <member type="way" ref="157674607" role=""/>
  <member type="way" ref="905566792" role=""/>
  <member type="way" ref="971359905" role=""/>
  <member type="way" ref="905566790" role=""/>
  <member type="way" ref="971359906" role=""/>
  <member type="way" ref="971359904" role=""/>
  <member type="way" ref="975758777" role=""/>
  <member type="way" ref="975758783" role=""/>
  <member type="way" ref="975758764" role=""/>
  <member type="way" ref="975758786" role=""/>
  <member type="way" ref="905566794" role=""/>
  <member type="way" ref="157674604" role=""/>
  <member type="way" ref="933196686" role=""/>
  <member type="way" ref="1275657261" role=""/>
  <member type="way" ref="1275657264" role=""/>
  <member type="way" ref="1275657262" role=""/>
  <member type="way" ref="933196679" role=""/>
  <tag k="from" v="מלחה"/>
  <tag k="from:en" v="Malha"/>
  <tag k="from:he" v="מלחה"/>
  <tag k="gtfs:feed" v="IL-MOT"/>
  <tag k="gtfs:route_id" v="30796"/>
  <tag k="gtfs:shape_id" v="158777"/>
  <tag k="name" v="ירושלים 77: מלחה =&gt; הגבעה הצרפתית"/>
  <tag k="name:en" v="Jerusalem 77: Malha =&gt; French Hill"/>
  <tag k="name:he" v="ירושלים 77: מלחה =&gt; הגבעה הצרפתית"/>
  <tag k="network" v="ירושלים"/>
  <tag k="network:en" v="Jerusalem"/>
  <tag k="network:he" v="ירושלים"/>
  <tag k="operator" v="סופרבוס"/>
  <tag k="operator:en" v="Superbus"/>
  <tag k="operator:he" v="סופרבוס"/>
  <tag k="public_transport:version" v="2"/>
  <tag k="ref" v="77"/>
  <tag k="route" v="bus"/>
  <tag k="to" v="הגבעה הצרפתית"/>
  <tag k="to:en" v="French Hill"/>
  <tag k="to:he" v="הגבעה הצרפתית"/>
  <tag k="type" v="route"/>
  <tag k="website" v="https://www.superbus.co.il"/>
 </relation>
 <relation id="17509144" visible="true" version="45" changeset="188444716" timestamp="2026-09-02T22:58:38Z" user="Ornits" uid="24450071">
  <member type="node" ref="1803010927" role="platform_entry_only"/>
  <member type="node" ref="1803055939" role="platform"/>
  <member type="node" ref="1803003979" role="platform"/>
  <member type="node" ref="1803043277" role="platform"/>
  <member type="node" ref="1803043268" role="platform"/>
  <member type="node" ref="1802996184" role="platform"/>
  <member type="node" ref="1803000022" role="platform"/>
  <member type="node" ref="1803000020" role="platform"/>
  <member type="node" ref="1803000963" role="platform"/>
  <member type="node" ref="1803000005" role="platform"/>
  <member type="node" ref="5210725919" role="platform"/>
  <member type="node" ref="12985308875" role="platform"/>
  <member type="node" ref="1803083544" role="platform"/>
  <member type="node" ref="1803083533" role="platform"/>
  <member type="node" ref="1748348716" role="platform"/>
  <member type="node" ref="12985308870" role="platform"/>
  <member type="node" ref="11409772169" role="platform"/>
  <member type="node" ref="12172754911" role="platform"/>
  <member type="node" ref="12172754910" role="platform"/>
  <member type="node" ref="1803081854" role="platform"/>
  <member type="node" ref="1803081856" role="platform"/>
  <member type="node" ref="1803024956" role="platform"/>
  <member type="node" ref="1803025003" role="platform"/>
  <member type="node" ref="1802996976" role="platform"/>
  <member type="node" ref="5210700294" role="platform"/>
  <member type="node" ref="1803026594" role="platform"/>
  <member type="node" ref="1803089385" role="platform"/>
  <member type="node" ref="1803089387" role="platform"/>
  <member type="node" ref="1803043877" role="platform"/>
  <member type="node" ref="1802991951" role="platform"/>
  <member type="node" ref="1802991932" role="platform"/>
  <member type="node" ref="1803087321" role="platform"/>
  <member type="node" ref="1803067537" role="platform"/>
  <member type="node" ref="1803060456" role="platform"/>
  <member type="node" ref="1803093103" role="platform"/>
  <member type="node" ref="1803093106" role="platform"/>
  <member type="node" ref="1803093137" role="platform"/>
  <member type="node" ref="5210700296" role="platform"/>
  <member type="node" ref="1803019416" role="platform"/>
  <member type="node" ref="1803019412" role="platform"/>
  <member type="node" ref="12172751910" role="platform"/>
  <member type="node" ref="5210699478" role="platform"/>
  <member type="node" ref="5210695005" role="platform"/>
  <member type="node" ref="1803021363" role="platform"/>
  <member type="node" ref="1803021314" role="platform"/>
  <member type="node" ref="5210716480" role="platform"/>
  <member type="node" ref="1803063010" role="platform"/>
  <member type="node" ref="1803003356" role="platform_exit_only"/>
  <member type="way" ref="1188737080" role=""/>
  <member type="way" ref="1105133091" role=""/>
  <member type="way" ref="818792090" role=""/>
  <member type="way" ref="818792067" role=""/>
  <member type="way" ref="1095249944" role=""/>
  <member type="way" ref="818792094" role=""/>
  <member type="way" ref="818792103" role=""/>
  <member type="way" ref="1014020033" role=""/>
  <member type="way" ref="1239488608" role=""/>
  <member type="way" ref="1239488605" role=""/>
  <member type="way" ref="1198637326" role=""/>
  <member type="way" ref="713331063" role=""/>
  <member type="way" ref="189020733" role=""/>
  <member type="way" ref="189020738" role=""/>
  <member type="way" ref="217279403" role=""/>
  <member type="way" ref="713458669" role=""/>
  <member type="way" ref="1067140086" role=""/>
  <member type="way" ref="713458671" role=""/>
  <member type="way" ref="1282903769" role=""/>
  <member type="way" ref="743821555" role=""/>
  <member type="way" ref="1327294493" role=""/>
  <member type="way" ref="1348590040" role=""/>
  <member type="way" ref="1198570877" role=""/>
  <member type="way" ref="1351617293" role=""/>
  <member type="way" ref="1351617292" role=""/>
  <member type="way" ref="1301526921" role=""/>
  <member type="way" ref="998151969" role=""/>
  <member type="way" ref="168019711" role=""/>
  <member type="way" ref="975020938" role=""/>
  <member type="way" ref="1191524324" role=""/>
  <member type="way" ref="1191524323" role=""/>
  <member type="way" ref="957480178" role=""/>
  <member type="way" ref="156103443" role=""/>
  <member type="way" ref="164731623" role=""/>
  <member type="way" ref="164734165" role=""/>
  <member type="way" ref="163864888" role=""/>
  <member type="way" ref="168019697" role=""/>
  <member type="way" ref="917128758" role=""/>
  <member type="way" ref="166231150" role=""/>
  <member type="way" ref="827374841" role=""/>
  <member type="way" ref="1191529704" role=""/>
  <member type="way" ref="163740338" role=""/>
  <member type="way" ref="1413079195" role=""/>
  <member type="way" ref="1413079199" role=""/>
  <member type="way" ref="1412982293" role=""/>
  <member type="way" ref="1421911970" role=""/>
  <member type="way" ref="44357306" role=""/>
  <member type="way" ref="1191524315" role=""/>
  <member type="way" ref="1191524312" role=""/>
  <member type="way" ref="73989068" role=""/>
  <member type="way" ref="163098185" role=""/>
  <member type="way" ref="1411227322" role=""/>
  <member type="way" ref="947854828" role=""/>
  <member type="way" ref="4722304" role=""/>
  <member type="way" ref="382768074" role=""/>
  <member type="way" ref="810243405" role=""/>
  <member type="way" ref="1411227312" role=""/>
  <member type="way" ref="810243406" role=""/>
  <member type="way" ref="1411227314" role=""/>
  <member type="way" ref="4719619" role=""/>
  <member type="way" ref="1023995245" role=""/>
  <member type="way" ref="810243411" role=""/>
  <member type="way" ref="810243410" role=""/>
  <member type="way" ref="158010382" role=""/>
  <member type="way" ref="1550631188" role=""/>
  <member type="way" ref="158010376" role=""/>
  <member type="way" ref="235950292" role=""/>
  <member type="way" ref="1455273995" role=""/>
  <member type="way" ref="784454195" role=""/>
  <member type="way" ref="784454194" role=""/>
  <member type="way" ref="917498484" role=""/>
  <member type="way" ref="313735822" role=""/>
  <member type="way" ref="1447031111" role=""/>
  <member type="way" ref="1455273978" role=""/>
  <member type="way" ref="1455273979" role=""/>
  <member type="way" ref="157554808" role=""/>
  <member type="way" ref="1455273980" role=""/>
  <member type="way" ref="1447031119" role=""/>
  <member type="way" ref="1447031120" role=""/>
  <member type="way" ref="1455273981" role=""/>
  <member type="way" ref="1455273982" role=""/>
  <member type="way" ref="1455273983" role=""/>
  <member type="way" ref="1447031123" role=""/>
  <member type="way" ref="1447031127" role=""/>
  <member type="way" ref="810509467" role=""/>
  <member type="way" ref="1447031134" role=""/>
  <member type="way" ref="1455273958" role=""/>
  <member type="way" ref="810509487" role=""/>
  <member type="way" ref="1455273971" role=""/>
  <member type="way" ref="1454231025" role=""/>
  <member type="way" ref="1455273964" role=""/>
  <member type="way" ref="810509451" role=""/>
  <member type="way" ref="1190032818" role=""/>
  <member type="way" ref="1455273965" role=""/>
  <member type="way" ref="701478852" role=""/>
  <member type="way" ref="701478866" role=""/>
  <member type="way" ref="1429804313" role=""/>
  <member type="way" ref="1429804325" role=""/>
  <member type="way" ref="1455273989" role=""/>
  <member type="way" ref="1455273988" role=""/>
  <member type="way" ref="897236926" role=""/>
  <member type="way" ref="773806297" role=""/>
  <member type="way" ref="1358782197" role=""/>
  <member type="way" ref="236433068" role=""/>
  <member type="way" ref="236433067" role=""/>
  <member type="way" ref="1358782196" role=""/>
  <member type="way" ref="1005341153" role=""/>
  <member type="way" ref="1005341148" role=""/>
  <member type="way" ref="44080732" role=""/>
  <member type="way" ref="448684076" role=""/>
  <member type="way" ref="236433064" role=""/>
  <member type="way" ref="159082732" role=""/>
  <member type="way" ref="1188718141" role=""/>
  <member type="way" ref="771909619" role=""/>
  <member type="way" ref="774633458" role=""/>
  <member type="way" ref="313735814" role=""/>
  <member type="way" ref="773806289" role=""/>
  <member type="way" ref="773806288" role=""/>
  <member type="way" ref="1491923268" role=""/>
  <member type="way" ref="230894189" role=""/>
  <member type="way" ref="134936374" role=""/>
  <member type="way" ref="773806275" role=""/>
  <member type="way" ref="773806277" role=""/>
  <member type="way" ref="773806279" role=""/>
  <member type="way" ref="773806280" role=""/>
  <member type="way" ref="773806283" role=""/>
  <member type="way" ref="773806284" role=""/>
  <member type="way" ref="1491923270" role=""/>
  <member type="way" ref="273011364" role=""/>
  <member type="way" ref="1182492216" role=""/>
  <member type="way" ref="1076185783" role=""/>
  <member type="way" ref="1182492217" role=""/>
  <member type="way" ref="1076185782" role=""/>
  <member type="way" ref="1076185780" role=""/>
  <member type="way" ref="1076185788" role=""/>
  <member type="way" ref="31451460" role=""/>
  <member type="way" ref="1182492205" role=""/>
  <member type="way" ref="1523840253" role=""/>
  <member type="way" ref="217283288" role=""/>
  <member type="way" ref="1197741713" role=""/>
  <member type="way" ref="1523840247" role=""/>
  <member type="way" ref="1523840250" role=""/>
  <member type="way" ref="1161076613" role=""/>
  <member type="way" ref="1076188842" role=""/>
  <member type="way" ref="1202533888" role=""/>
  <member type="way" ref="1076188849" role=""/>
  <member type="way" ref="96954400" role=""/>
  <member type="way" ref="932313421" role=""/>
  <member type="way" ref="219508454" role=""/>
  <member type="way" ref="280868845" role=""/>
  <member type="way" ref="96955140" role=""/>
  <member type="way" ref="1275812514" role=""/>
  <member type="way" ref="930694395" role=""/>
  <member type="way" ref="1275812530" role=""/>
  <member type="way" ref="1275812532" role=""/>
  <member type="way" ref="1275812519" role=""/>
  <member type="way" ref="1275812526" role=""/>
  <member type="way" ref="1275812547" role=""/>
  <member type="way" ref="837239855" role=""/>
  <member type="way" ref="930694396" role=""/>
  <member type="way" ref="813797182" role=""/>
  <member type="way" ref="930694397" role=""/>
  <member type="way" ref="837239855" role=""/>
  <member type="way" ref="1275812524" role=""/>
  <member type="way" ref="1275812545" role=""/>
  <member type="way" ref="1275812526" role=""/>
  <member type="way" ref="184904127" role=""/>
  <member type="way" ref="1275812530" role=""/>
  <member type="way" ref="184904126" role=""/>
  <member type="way" ref="588441917" role=""/>
  <member type="way" ref="926722719" role=""/>
  <member type="way" ref="588441918" role=""/>
  <member type="way" ref="926722722" role=""/>
  <member type="way" ref="926893839" role=""/>
  <member type="way" ref="217801312" role=""/>
  <member type="way" ref="157674607" role=""/>
  <member type="way" ref="905566792" role=""/>
  <member type="way" ref="971359905" role=""/>
  <member type="way" ref="905566790" role=""/>
  <member type="way" ref="971359906" role=""/>
  <member type="way" ref="971359904" role=""/>
  <member type="way" ref="975758777" role=""/>
  <member type="way" ref="975758783" role=""/>
  <member type="way" ref="975758774" role=""/>
  <member type="way" ref="217807989" role=""/>
  <member type="way" ref="1312673513" role=""/>
  <member type="way" ref="31451821" role=""/>
  <member type="way" ref="933196686" role=""/>
  <member type="way" ref="1275657261" role=""/>
  <member type="way" ref="1275657264" role=""/>
  <member type="way" ref="1275657265" role=""/>
  <member type="way" ref="1275657266" role=""/>
  <member type="way" ref="217801309" role=""/>
  <member type="way" ref="217801298" role=""/>
  <member type="way" ref="120422834" role=""/>
  <member type="way" ref="1275657268" role=""/>
  <member type="way" ref="1275657269" role=""/>
  <member type="way" ref="120422834" role=""/>
  <member type="way" ref="217801298" role=""/>
  <member type="way" ref="217801309" role=""/>
  <member type="way" ref="1275657267" role=""/>
  <member type="way" ref="1275657259" role=""/>
  <member type="way" ref="1275657264" role=""/>
  <member type="way" ref="1275657262" role=""/>
  <member type="way" ref="933196679" role=""/>
  <tag k="from" v="מלחה"/>
  <tag k="from:en" v="Malha"/>
  <tag k="from:he" v="מלחה"/>
  <tag k="gtfs:feed" v="IL-MOT"/>
  <tag k="gtfs:route_id" v="30797"/>
  <tag k="gtfs:shape_id" v="158778"/>
  <tag k="name" v="ירושלים 77א: מלחה =&gt; הגבעה הצרפתית"/>
  <tag k="name:en" v="Jerusalem 77א: Malha =&gt; French Hill"/>
  <tag k="name:he" v="ירושלים 77א: מלחה =&gt; הגבעה הצרפתית"/>
  <tag k="network" v="ירושלים"/>
  <tag k="network:en" v="Jerusalem"/>
  <tag k="network:he" v="ירושלים"/>
  <tag k="operator" v="סופרבוס"/>
  <tag k="operator:en" v="Superbus"/>
  <tag k="operator:he" v="סופרבוס"/>
  <tag k="public_transport:version" v="2"/>
  <tag k="ref" v="77א"/>
  <tag k="route" v="bus"/>
  <tag k="to" v="הגבעה הצרפתית"/>
  <tag k="to:en" v="French Hill"/>
  <tag k="to:he" v="הגבעה הצרפתית"/>
  <tag k="type" v="route"/>
  <tag k="website" v="https://www.superbus.co.il"/>
 </relation>
 <relation id="17510476" visible="true" version="48" changeset="188444716" timestamp="2026-09-02T22:58:38Z" user="Ornits" uid="24450071">
  <member type="node" ref="5210722153" role="platform_entry_only"/>
  <member type="node" ref="1803002178" role="platform_entry_only"/>
  <member type="node" ref="1803002176" role="platform"/>
  <member type="node" ref="1803002241" role="platform"/>
  <member type="node" ref="12172745009" role="platform"/>
  <member type="node" ref="1803019410" role="platform"/>
  <member type="node" ref="1803019419" role="platform"/>
  <member type="node" ref="5210700297" role="platform"/>
  <member type="node" ref="1803093105" role="platform"/>
  <member type="node" ref="1803093141" role="platform"/>
  <member type="node" ref="1803067538" role="platform"/>
  <member type="node" ref="12172704808" role="platform"/>
  <member type="node" ref="1803049500" role="platform"/>
  <member type="node" ref="1802991929" role="platform"/>
  <member type="node" ref="1803068795" role="platform"/>
  <member type="node" ref="1803043876" role="platform"/>
  <member type="node" ref="1803043874" role="platform"/>
  <member type="node" ref="1803089388" role="platform"/>
  <member type="node" ref="1803089384" role="platform"/>
  <member type="node" ref="1803047499" role="platform"/>
  <member type="node" ref="1802996977" role="platform"/>
  <member type="node" ref="13125429949" role="platform"/>
  <member type="node" ref="13125429950" role="platform"/>
  <member type="node" ref="1803081857" role="platform"/>
  <member type="node" ref="1803081855" role="platform"/>
  <member type="node" ref="1803051262" role="platform"/>
  <member type="node" ref="1803000962" role="platform"/>
  <member type="node" ref="10931763599" role="platform"/>
  <member type="node" ref="1803000050" role="platform"/>
  <member type="node" ref="1803000961" role="platform"/>
  <member type="node" ref="1802995359" role="platform"/>
  <member type="node" ref="1803043267" role="platform"/>
  <member type="node" ref="5210700269" role="platform"/>
  <member type="node" ref="1803068978" role="platform"/>
  <member type="node" ref="1803055940" role="platform"/>
  <member type="node" ref="1803080813" role="platform"/>
  <member type="node" ref="10933527983" role="platform"/>
  <member type="node" ref="1803084042" role="platform_exit_only"/>
  <member type="node" ref="12172754912" role="platform"/>
  <member type="node" ref="11409768769" role="platform"/>
  <member type="node" ref="1803031053" role="platform"/>
  <member type="node" ref="12985308873" role="platform"/>
  <member type="node" ref="1803035950" role="platform"/>
  <member type="way" ref="933196681" role=""/>
  <member type="way" ref="933196680" role=""/>
  <member type="way" ref="933196679" role=""/>
  <member type="way" ref="1275657263" role=""/>
  <member type="way" ref="1275657266" role=""/>
  <member type="way" ref="1275657267" role=""/>
  <member type="way" ref="1275657260" role=""/>
  <member type="way" ref="933196686" role=""/>
  <member type="way" ref="157674604" role=""/>
  <member type="way" ref="905566795" role=""/>
  <member type="way" ref="975758785" role=""/>
  <member type="way" ref="692605235" role=""/>
  <member type="way" ref="971359906" role=""/>
  <member type="way" ref="905566790" role=""/>
  <member type="way" ref="971359903" role=""/>
  <member type="way" ref="905566793" role=""/>
  <member type="way" ref="157674607" role=""/>
  <member type="way" ref="217801313" role=""/>
  <member type="way" ref="926893846" role=""/>
  <member type="way" ref="184904132" role=""/>
  <member type="way" ref="926722723" role=""/>
  <member type="way" ref="588441919" role=""/>
  <member type="way" ref="588441913" role=""/>
  <member type="way" ref="1275812549" role=""/>
  <member type="way" ref="588441916" role=""/>
  <member type="way" ref="1275812519" role=""/>
  <member type="way" ref="1275812526" role=""/>
  <member type="way" ref="1275812547" role=""/>
  <member type="way" ref="837239855" role=""/>
  <member type="way" ref="930694396" role=""/>
  <member type="way" ref="813797182" role=""/>
  <member type="way" ref="930694397" role=""/>
  <member type="way" ref="837239855" role=""/>
  <member type="way" ref="1275812524" role=""/>
  <member type="way" ref="1275812545" role=""/>
  <member type="way" ref="1275812526" role=""/>
  <member type="way" ref="184904127" role=""/>
  <member type="way" ref="930694395" role=""/>
  <member type="way" ref="1275812515" role=""/>
  <member type="way" ref="932313425" role=""/>
  <member type="way" ref="219508448" role=""/>
  <member type="way" ref="933196672" role=""/>
  <member type="way" ref="1076188849" role=""/>
  <member type="way" ref="1076188843" role=""/>
  <member type="way" ref="1076188846" role=""/>
  <member type="way" ref="1076188847" role=""/>
  <member type="way" ref="1161076613" role=""/>
  <member type="way" ref="1161076615" role=""/>
  <member type="way" ref="691637539" role=""/>
  <member type="way" ref="1313810447" role=""/>
  <member type="way" ref="1313810445" role=""/>
  <member type="way" ref="933196690" role=""/>
  <member type="way" ref="1523840254" role=""/>
  <member type="way" ref="1523840259" role=""/>
  <member type="way" ref="1523840260" role=""/>
  <member type="way" ref="31451460" role=""/>
  <member type="way" ref="1076185779" role=""/>
  <member type="way" ref="1076185786" role=""/>
  <member type="way" ref="1182492217" role=""/>
  <member type="way" ref="1076185783" role=""/>
  <member type="way" ref="1097529646" role=""/>
  <member type="way" ref="270570728" role=""/>
  <member type="way" ref="1076185791" role=""/>
  <member type="way" ref="273011365" role=""/>
  <member type="way" ref="1491923270" role=""/>
  <member type="way" ref="773806284" role=""/>
  <member type="way" ref="773806283" role=""/>
  <member type="way" ref="773806280" role=""/>
  <member type="way" ref="773806279" role=""/>
  <member type="way" ref="773806277" role=""/>
  <member type="way" ref="773806275" role=""/>
  <member type="way" ref="134936374" role=""/>
  <member type="way" ref="230894189" role=""/>
  <member type="way" ref="313735813" role=""/>
  <member type="way" ref="773806288" role=""/>
  <member type="way" ref="773806287" role=""/>
  <member type="way" ref="773806291" role=""/>
  <member type="way" ref="1498018600" role=""/>
  <member type="way" ref="1190032817" role=""/>
  <member type="way" ref="230894181" role=""/>
  <member type="way" ref="1188718141" role=""/>
  <member type="way" ref="159082732" role=""/>
  <member type="way" ref="236433064" role=""/>
  <member type="way" ref="236433065" role=""/>
  <member type="way" ref="448684077" role=""/>
  <member type="way" ref="1005341149" role=""/>
  <member type="way" ref="1358782189" role=""/>
  <member type="way" ref="1379158683" role=""/>
  <member type="way" ref="917584488" role=""/>
  <member type="way" ref="259977132" role=""/>
  <member type="way" ref="236433068" role=""/>
  <member type="way" ref="1358782197" role=""/>
  <member type="way" ref="313735791" role=""/>
  <member type="way" ref="773806298" role=""/>
  <member type="way" ref="1455273972" role=""/>
  <member type="way" ref="313735817" role=""/>
  <member type="way" ref="701478855" role=""/>
  <member type="way" ref="1453181698" role=""/>
  <member type="way" ref="1455273974" role=""/>
  <member type="way" ref="1455273986" role=""/>
  <member type="way" ref="1455273973" role=""/>
  <member type="way" ref="1454231026" role=""/>
  <member type="way" ref="1455273975" role=""/>
  <member type="way" ref="230894190" role=""/>
  <member type="way" ref="810509440" role=""/>
  <member type="way" ref="1454231022" role=""/>
  <member type="way" ref="1455273970" role=""/>
  <member type="way" ref="1447031093" role=""/>
  <member type="way" ref="1447031132" role=""/>
  <member type="way" ref="1447031131" role=""/>
  <member type="way" ref="1447031141" role=""/>
  <member type="way" ref="917439784" role=""/>
  <member type="way" ref="1447031107" role=""/>
  <member type="way" ref="917498509" role=""/>
  <member type="way" ref="1455273976" role=""/>
  <member type="way" ref="1447031122" role=""/>
  <member type="way" ref="1455273977" role=""/>
  <member type="way" ref="1447031121" role=""/>
  <member type="way" ref="157554791" role=""/>
  <member type="way" ref="1447031117" role=""/>
  <member type="way" ref="784454197" role=""/>
  <member type="way" ref="1447031112" role=""/>
  <member type="way" ref="1044747894" role=""/>
  <member type="way" ref="738253609" role=""/>
  <member type="way" ref="1044747892" role=""/>
  <member type="way" ref="810243409" role=""/>
  <member type="way" ref="810243411" role=""/>
  <member type="way" ref="1023995245" role=""/>
  <member type="way" ref="4719619" role=""/>
  <member type="way" ref="127400127" role=""/>
  <member type="way" ref="924851506" role=""/>
  <member type="way" ref="924851500" role=""/>
  <member type="way" ref="156096099" role=""/>
  <member type="way" ref="156096102" role=""/>
  <member type="way" ref="1550697197" role=""/>
  <member type="way" ref="44128114" role=""/>
  <member type="way" ref="1413551368" role=""/>
  <member type="way" ref="947854828" role=""/>
  <member type="way" ref="1411227320" role=""/>
  <member type="way" ref="44278692" role=""/>
  <member type="way" ref="1530658318" role=""/>
  <member type="way" ref="156106164" role=""/>
  <member type="way" ref="1413079187" role=""/>
  <member type="way" ref="1413079197" role=""/>
  <member type="way" ref="917128764" role=""/>
  <member type="way" ref="166231148" role=""/>
  <member type="way" ref="168019692" role=""/>
  <member type="way" ref="164734168" role=""/>
  <member type="way" ref="1178655464" role=""/>
  <member type="way" ref="957480177" role=""/>
  <member type="way" ref="164722409" role=""/>
  <member type="way" ref="1191524320" role=""/>
  <member type="way" ref="1191524326" role=""/>
  <member type="way" ref="975020937" role=""/>
  <member type="way" ref="933160779" role=""/>
  <member type="way" ref="1254767828" role=""/>
  <member type="way" ref="1254767827" role=""/>
  <member type="way" ref="164722413" role=""/>
  <member type="way" ref="871965887" role=""/>
  <member type="way" ref="1327294494" role=""/>
  <member type="way" ref="1348590037" role=""/>
  <member type="way" ref="1348590039" role=""/>
  <member type="way" ref="1348590031" role=""/>
  <member type="way" ref="1282903767" role=""/>
  <member type="way" ref="668907944" role=""/>
  <member type="way" ref="824218828" role=""/>
  <member type="way" ref="668907958" role=""/>
  <member type="way" ref="823895534" role=""/>
  <member type="way" ref="40609232" role=""/>
  <member type="way" ref="668907938" role=""/>
  <member type="way" ref="823895536" role=""/>
  <member type="way" ref="1239488617" role=""/>
  <member type="way" ref="1239488603" role=""/>
  <member type="way" ref="1239488623" role=""/>
  <member type="way" ref="713331070" role=""/>
  <member type="way" ref="917584490" role=""/>
  <member type="way" ref="972637460" role=""/>
  <member type="way" ref="176294139" role=""/>
  <member type="way" ref="818792121" role=""/>
  <member type="way" ref="818792119" role=""/>
  <member type="way" ref="1293854746" role=""/>
  <member type="way" ref="863567595" role=""/>
  <member type="way" ref="1491659907" role=""/>
  <member type="way" ref="1311953305" role=""/>
  <member type="way" ref="863567570" role=""/>
  <member type="way" ref="863567641" role=""/>
  <member type="way" ref="863567640" role=""/>
  <member type="node" ref="12985308867" role="platform"/>
  <tag k="from" v="הגבעה הצרפתית"/>
  <tag k="from:en" v="French Hill"/>
  <tag k="from:he" v="הגבעה הצרפתית"/>
  <tag k="gtfs:feed" v="IL-MOT"/>
  <tag k="gtfs:route_id" v="30794"/>
  <tag k="gtfs:shape_id" v="159662"/>
  <tag k="name" v="ירושלים 77: הגבעה הצרפתית =&gt; מלחה"/>
  <tag k="name:en" v="Jerusalem 77: French Hill =&gt; Malha"/>
  <tag k="name:he" v="ירושלים 77: הגבעה הצרפתית =&gt; מלחה"/>
  <tag k="network" v="ירושלים"/>
  <tag k="network:en" v="Jerusalem"/>
  <tag k="network:he" v="ירושלים"/>
  <tag k="operator" v="סופרבוס"/>
  <tag k="operator:en" v="Superbus"/>
  <tag k="operator:he" v="סופרבוס"/>
  <tag k="public_transport:version" v="2"/>
  <tag k="ref" v="77"/>
  <tag k="route" v="bus"/>
  <tag k="to" v="מלחה"/>
  <tag k="to:en" v="Malha"/>
  <tag k="to:he" v="מלחה"/>
  <tag k="type" v="route"/>
  <tag k="website" v="https://www.superbus.co.il"/>
 </relation>
 <relation id="17510477" visible="true" version="50" changeset="188444716" timestamp="2026-09-02T22:58:38Z" user="Ornits" uid="24450071">
  <member type="node" ref="5210722153" role="platform_entry_only"/>
  <member type="node" ref="1803063010" role="platform"/>
  <member type="node" ref="1803002178" role="platform"/>
  <member type="node" ref="1803021460" role="platform"/>
  <member type="node" ref="1803021354" role="platform"/>
  <member type="node" ref="1803021408" role="platform"/>
  <member type="node" ref="5210699477" role="platform"/>
  <member type="node" ref="12172745009" role="platform"/>
  <member type="node" ref="1803019410" role="platform"/>
  <member type="node" ref="1803019419" role="platform"/>
  <member type="node" ref="5210700297" role="platform"/>
  <member type="node" ref="1803093105" role="platform"/>
  <member type="node" ref="1803093141" role="platform"/>
  <member type="node" ref="1803067538" role="platform"/>
  <member type="node" ref="12172704808" role="platform"/>
  <member type="node" ref="1803049500" role="platform"/>
  <member type="node" ref="1802991929" role="platform"/>
  <member type="node" ref="1803068795" role="platform"/>
  <member type="node" ref="1803043876" role="platform"/>
  <member type="node" ref="1803043874" role="platform"/>
  <member type="node" ref="1803089388" role="platform"/>
  <member type="node" ref="1803089384" role="platform"/>
  <member type="node" ref="1803047499" role="platform"/>
  <member type="node" ref="1802996977" role="platform"/>
  <member type="node" ref="13125429949" role="platform"/>
  <member type="node" ref="13125429950" role="platform"/>
  <member type="node" ref="1803081857" role="platform"/>
  <member type="node" ref="1803081855" role="platform"/>
  <member type="node" ref="1803051262" role="platform"/>
  <member type="node" ref="1803000962" role="platform"/>
  <member type="node" ref="10931763599" role="platform"/>
  <member type="node" ref="1803000050" role="platform"/>
  <member type="node" ref="1803000961" role="platform"/>
  <member type="node" ref="1802995359" role="platform"/>
  <member type="node" ref="1803043267" role="platform"/>
  <member type="node" ref="5210700269" role="platform"/>
  <member type="node" ref="1803068978" role="platform"/>
  <member type="node" ref="1803055940" role="platform"/>
  <member type="node" ref="1803080813" role="platform"/>
  <member type="node" ref="10933527983" role="platform"/>
  <member type="node" ref="1803084042" role="platform_exit_only"/>
  <member type="node" ref="12172754912" role="platform"/>
  <member type="node" ref="11409768769" role="platform"/>
  <member type="node" ref="1803031053" role="platform"/>
  <member type="node" ref="12985308873" role="platform"/>
  <member type="node" ref="1803035950" role="platform"/>
  <member type="way" ref="933196681" role=""/>
  <member type="way" ref="933196680" role=""/>
  <member type="way" ref="933196679" role=""/>
  <member type="way" ref="1275657263" role=""/>
  <member type="way" ref="1275657266" role=""/>
  <member type="way" ref="217801309" role=""/>
  <member type="way" ref="217801298" role=""/>
  <member type="way" ref="120422834" role=""/>
  <member type="way" ref="1275657268" role=""/>
  <member type="way" ref="1275657269" role=""/>
  <member type="way" ref="120422834" role=""/>
  <member type="way" ref="217801298" role=""/>
  <member type="way" ref="217801309" role=""/>
  <member type="way" ref="1275657267" role=""/>
  <member type="way" ref="1275657260" role=""/>
  <member type="way" ref="933196686" role=""/>
  <member type="way" ref="31451821" role=""/>
  <member type="way" ref="1312673512" role=""/>
  <member type="way" ref="217807981" role=""/>
  <member type="way" ref="975758775" role=""/>
  <member type="way" ref="975758786" role=""/>
  <member type="way" ref="975758784" role=""/>
  <member type="way" ref="975758785" role=""/>
  <member type="way" ref="692605235" role=""/>
  <member type="way" ref="971359906" role=""/>
  <member type="way" ref="905566790" role=""/>
  <member type="way" ref="971359903" role=""/>
  <member type="way" ref="905566793" role=""/>
  <member type="way" ref="157674607" role=""/>
  <member type="way" ref="217801313" role=""/>
  <member type="way" ref="926893846" role=""/>
  <member type="way" ref="184904132" role=""/>
  <member type="way" ref="926722723" role=""/>
  <member type="way" ref="588441919" role=""/>
  <member type="way" ref="588441913" role=""/>
  <member type="way" ref="1275812549" role=""/>
  <member type="way" ref="588441916" role=""/>
  <member type="way" ref="1275812519" role=""/>
  <member type="way" ref="1275812526" role=""/>
  <member type="way" ref="1275812547" role=""/>
  <member type="way" ref="837239855" role=""/>
  <member type="way" ref="930694396" role=""/>
  <member type="way" ref="813797182" role=""/>
  <member type="way" ref="930694397" role=""/>
  <member type="way" ref="837239855" role=""/>
  <member type="way" ref="1275812524" role=""/>
  <member type="way" ref="1275812545" role=""/>
  <member type="way" ref="1275812526" role=""/>
  <member type="way" ref="184904127" role=""/>
  <member type="way" ref="930694395" role=""/>
  <member type="way" ref="1275812515" role=""/>
  <member type="way" ref="932313425" role=""/>
  <member type="way" ref="219508448" role=""/>
  <member type="way" ref="933196672" role=""/>
  <member type="way" ref="1076188849" role=""/>
  <member type="way" ref="1076188843" role=""/>
  <member type="way" ref="1076188846" role=""/>
  <member type="way" ref="1076188847" role=""/>
  <member type="way" ref="1161076613" role=""/>
  <member type="way" ref="1161076615" role=""/>
  <member type="way" ref="691637539" role=""/>
  <member type="way" ref="1313810447" role=""/>
  <member type="way" ref="1313810445" role=""/>
  <member type="way" ref="933196690" role=""/>
  <member type="way" ref="1523840254" role=""/>
  <member type="way" ref="1523840259" role=""/>
  <member type="way" ref="1523840260" role=""/>
  <member type="way" ref="31451460" role=""/>
  <member type="way" ref="1076185779" role=""/>
  <member type="way" ref="1076185786" role=""/>
  <member type="way" ref="1182492217" role=""/>
  <member type="way" ref="1076185783" role=""/>
  <member type="way" ref="1097529646" role=""/>
  <member type="way" ref="270570728" role=""/>
  <member type="way" ref="1076185791" role=""/>
  <member type="way" ref="273011365" role=""/>
  <member type="way" ref="1491923270" role=""/>
  <member type="way" ref="773806284" role=""/>
  <member type="way" ref="773806283" role=""/>
  <member type="way" ref="773806280" role=""/>
  <member type="way" ref="773806279" role=""/>
  <member type="way" ref="773806277" role=""/>
  <member type="way" ref="773806275" role=""/>
  <member type="way" ref="134936374" role=""/>
  <member type="way" ref="230894189" role=""/>
  <member type="way" ref="313735813" role=""/>
  <member type="way" ref="773806288" role=""/>
  <member type="way" ref="773806287" role=""/>
  <member type="way" ref="773806291" role=""/>
  <member type="way" ref="1498018600" role=""/>
  <member type="way" ref="1190032817" role=""/>
  <member type="way" ref="230894181" role=""/>
  <member type="way" ref="1188718141" role=""/>
  <member type="way" ref="159082732" role=""/>
  <member type="way" ref="236433064" role=""/>
  <member type="way" ref="236433065" role=""/>
  <member type="way" ref="448684077" role=""/>
  <member type="way" ref="1005341149" role=""/>
  <member type="way" ref="1358782189" role=""/>
  <member type="way" ref="1379158683" role=""/>
  <member type="way" ref="917584488" role=""/>
  <member type="way" ref="259977132" role=""/>
  <member type="way" ref="236433068" role=""/>
  <member type="way" ref="1358782197" role=""/>
  <member type="way" ref="313735791" role=""/>
  <member type="way" ref="773806298" role=""/>
  <member type="way" ref="1455273972" role=""/>
  <member type="way" ref="313735817" role=""/>
  <member type="way" ref="701478855" role=""/>
  <member type="way" ref="1453181698" role=""/>
  <member type="way" ref="1455273974" role=""/>
  <member type="way" ref="1455273986" role=""/>
  <member type="way" ref="1455273973" role=""/>
  <member type="way" ref="1454231026" role=""/>
  <member type="way" ref="1455273975" role=""/>
  <member type="way" ref="230894190" role=""/>
  <member type="way" ref="810509440" role=""/>
  <member type="way" ref="1454231022" role=""/>
  <member type="way" ref="1455273970" role=""/>
  <member type="way" ref="1447031093" role=""/>
  <member type="way" ref="1447031132" role=""/>
  <member type="way" ref="1447031131" role=""/>
  <member type="way" ref="1447031141" role=""/>
  <member type="way" ref="917439784" role=""/>
  <member type="way" ref="1447031107" role=""/>
  <member type="way" ref="917498509" role=""/>
  <member type="way" ref="1455273976" role=""/>
  <member type="way" ref="1447031122" role=""/>
  <member type="way" ref="1455273977" role=""/>
  <member type="way" ref="1447031121" role=""/>
  <member type="way" ref="157554791" role=""/>
  <member type="way" ref="1447031117" role=""/>
  <member type="way" ref="784454197" role=""/>
  <member type="way" ref="1447031112" role=""/>
  <member type="way" ref="1044747894" role=""/>
  <member type="way" ref="738253609" role=""/>
  <member type="way" ref="1044747892" role=""/>
  <member type="way" ref="810243409" role=""/>
  <member type="way" ref="810243411" role=""/>
  <member type="way" ref="1023995245" role=""/>
  <member type="way" ref="4719619" role=""/>
  <member type="way" ref="127400127" role=""/>
  <member type="way" ref="924851506" role=""/>
  <member type="way" ref="924851500" role=""/>
  <member type="way" ref="156096099" role=""/>
  <member type="way" ref="156096102" role=""/>
  <member type="way" ref="1550697197" role=""/>
  <member type="way" ref="44128114" role=""/>
  <member type="way" ref="1413551368" role=""/>
  <member type="way" ref="947854828" role=""/>
  <member type="way" ref="1411227320" role=""/>
  <member type="way" ref="44278692" role=""/>
  <member type="way" ref="1530658318" role=""/>
  <member type="way" ref="156106164" role=""/>
  <member type="way" ref="1413079187" role=""/>
  <member type="way" ref="1413079197" role=""/>
  <member type="way" ref="917128764" role=""/>
  <member type="way" ref="166231148" role=""/>
  <member type="way" ref="168019692" role=""/>
  <member type="way" ref="164734168" role=""/>
  <member type="way" ref="1178655464" role=""/>
  <member type="way" ref="957480177" role=""/>
  <member type="way" ref="164722409" role=""/>
  <member type="way" ref="1191524320" role=""/>
  <member type="way" ref="1191524326" role=""/>
  <member type="way" ref="975020937" role=""/>
  <member type="way" ref="933160779" role=""/>
  <member type="way" ref="1254767828" role=""/>
  <member type="way" ref="1254767827" role=""/>
  <member type="way" ref="164722413" role=""/>
  <member type="way" ref="871965887" role=""/>
  <member type="way" ref="1327294494" role=""/>
  <member type="way" ref="1348590037" role=""/>
  <member type="way" ref="1348590039" role=""/>
  <member type="way" ref="1348590031" role=""/>
  <member type="way" ref="1282903767" role=""/>
  <member type="way" ref="668907944" role=""/>
  <member type="way" ref="824218828" role=""/>
  <member type="way" ref="668907958" role=""/>
  <member type="way" ref="823895534" role=""/>
  <member type="way" ref="40609232" role=""/>
  <member type="way" ref="668907938" role=""/>
  <member type="way" ref="823895536" role=""/>
  <member type="way" ref="1239488617" role=""/>
  <member type="way" ref="1239488603" role=""/>
  <member type="way" ref="1239488623" role=""/>
  <member type="way" ref="713331070" role=""/>
  <member type="way" ref="917584490" role=""/>
  <member type="way" ref="972637460" role=""/>
  <member type="way" ref="176294139" role=""/>
  <member type="way" ref="818792121" role=""/>
  <member type="way" ref="818792119" role=""/>
  <member type="way" ref="1293854746" role=""/>
  <member type="way" ref="863567595" role=""/>
  <member type="way" ref="1491659907" role=""/>
  <member type="way" ref="1311953305" role=""/>
  <member type="way" ref="863567570" role=""/>
  <member type="way" ref="863567641" role=""/>
  <member type="way" ref="863567640" role=""/>
  <member type="node" ref="12985308867" role="platform"/>
  <tag k="from" v="הגבעה הצרפתית"/>
  <tag k="from:en" v="French Hill"/>
  <tag k="from:he" v="הגבעה הצרפתית"/>
  <tag k="gtfs:feed" v="IL-MOT"/>
  <tag k="gtfs:route_id" v="30795"/>
  <tag k="gtfs:shape_id" v="159663"/>
  <tag k="name" v="ירושלים 77א: הגבעה הצרפתית =&gt; מלחה"/>
  <tag k="name:en" v="Jerusalem 77א: French Hill =&gt; Malha"/>
  <tag k="name:he" v="ירושלים 77א: הגבעה הצרפתית =&gt; מלחה"/>
  <tag k="network" v="ירושלים"/>
  <tag k="network:en" v="Jerusalem"/>
  <tag k="network:he" v="ירושלים"/>
  <tag k="operator" v="סופרבוס"/>
  <tag k="operator:en" v="Superbus"/>
  <tag k="operator:he" v="סופרבוס"/>
  <tag k="public_transport:version" v="2"/>
  <tag k="ref" v="77א"/>
  <tag k="route" v="bus"/>
  <tag k="to" v="מלחה"/>
  <tag k="to:en" v="Malha"/>
  <tag k="to:he" v="מלחה"/>
  <tag k="type" v="route"/>
  <tag k="website" v="https://www.superbus.co.il"/>
 </relation>
 <relation id="17510478" visible="true" version="2" changeset="181112070" timestamp="2026-04-09T18:23:29Z" user="ירח אפל" uid="1041983">
  <member type="relation" ref="17509143" role=""/>
  <member type="relation" ref="17509144" role=""/>
  <member type="relation" ref="17510476" role=""/>
  <member type="relation" ref="17510477" role=""/>
  <tag k="gtfs:feed" v="IL-MOT"/>
  <tag k="gtfs:route_id" v="30794;30795;30796;30797"/>
  <tag k="name" v="ירושלים 77"/>
  <tag k="name:en" v="Jerusalem 77"/>
  <tag k="name:he" v="ירושלים 77"/>
  <tag k="network" v="ירושלים"/>
  <tag k="network:en" v="Jerusalem"/>
  <tag k="network:he" v="ירושלים"/>
  <tag k="operator" v="סופרבוס"/>
  <tag k="operator:en" v="Superbus"/>
  <tag k="operator:he" v="סופרבוס"/>
  <tag k="ref" v="77"/>
  <tag k="route_master" v="bus"/>
  <tag k="type" v="route_master"/>
  <tag k="website" v="https://www.superbus.co.il"/>
 </relation>
 <relation id="18357165" visible="true" version="23" changeset="188445124" timestamp="2026-09-02T23:17:41Z" user="Ornits" uid="24450071">
  <member type="node" ref="1803003474" role="platform_entry_only"/>
  <member type="node" ref="1803089916" role="platform"/>
  <member type="node" ref="1803003473" role="platform"/>
  <member type="node" ref="1803054916" role="platform"/>
  <member type="node" ref="1803003352" role="platform"/>
  <member type="node" ref="1803051559" role="platform"/>
  <member type="node" ref="1803062979" role="platform"/>
  <member type="node" ref="1802995754" role="platform"/>
  <member type="node" ref="1803087404" role="platform"/>
  <member type="node" ref="1803044401" role="platform"/>
  <member type="node" ref="1803093080" role="platform"/>
  <member type="node" ref="10960143005" role="platform"/>
  <member type="node" ref="1803004931" role="platform"/>
  <member type="node" ref="1803046252" role="platform"/>
  <member type="node" ref="10960106253" role="platform"/>
  <member type="node" ref="1803001897" role="platform"/>
  <member type="node" ref="1803038595" role="platform"/>
  <member type="node" ref="1803087321" role="platform"/>
  <member type="node" ref="1803087326" role="platform"/>
  <member type="node" ref="1802985781" role="platform"/>
  <member type="node" ref="1803088805" role="platform"/>
  <member type="node" ref="1802995521" role="platform"/>
  <member type="node" ref="1803068839" role="platform"/>
  <member type="node" ref="7941723673" role="platform"/>
  <member type="node" ref="7941723674" role="platform_exit_only"/>
  <member type="way" ref="915906363" role=""/>
  <member type="way" ref="827096817" role=""/>
  <member type="way" ref="915906364" role=""/>
  <member type="way" ref="827096818" role=""/>
  <member type="way" ref="926893832" role=""/>
  <member type="way" ref="926893833" role=""/>
  <member type="way" ref="1183435808" role=""/>
  <member type="way" ref="1183435803" role=""/>
  <member type="way" ref="1183435802" role=""/>
  <member type="way" ref="1183435805" role=""/>
  <member type="way" ref="1183435799" role=""/>
  <member type="way" ref="1491654667" role=""/>
  <member type="way" ref="1183435798" role=""/>
  <member type="way" ref="1183435796" role=""/>
  <member type="way" ref="1183435797" role=""/>
  <member type="way" ref="1183435790" role=""/>
  <member type="way" ref="1183435791" role=""/>
  <member type="way" ref="1183435786" role=""/>
  <member type="way" ref="1183435787" role=""/>
  <member type="way" ref="74433704" role=""/>
  <member type="way" ref="1183435767" role=""/>
  <member type="way" ref="827096819" role=""/>
  <member type="way" ref="924338089" role=""/>
  <member type="way" ref="88499116" role=""/>
  <member type="way" ref="1183435883" role=""/>
  <member type="way" ref="1183435882" role=""/>
  <member type="way" ref="216817556" role=""/>
  <member type="way" ref="917094460" role=""/>
  <member type="way" ref="216817522" role=""/>
  <member type="way" ref="1338468951" role=""/>
  <member type="way" ref="1338468947" role=""/>
  <member type="way" ref="216817548" role=""/>
  <member type="way" ref="827112990" role=""/>
  <member type="way" ref="1237651519" role=""/>
  <member type="way" ref="191359898" role=""/>
  <member type="way" ref="1237651523" role=""/>
  <member type="way" ref="1341828976" role=""/>
  <member type="way" ref="571406811" role=""/>
  <member type="way" ref="1237651526" role=""/>
  <member type="way" ref="1237651524" role=""/>
  <member type="way" ref="1240608163" role=""/>
  <member type="way" ref="1237651527" role=""/>
  <member type="way" ref="571406782" role=""/>
  <member type="way" ref="905457702" role=""/>
  <member type="way" ref="1287722574" role=""/>
  <member type="way" ref="1287722553" role=""/>
  <member type="way" ref="571406771" role=""/>
  <member type="way" ref="1098584824" role=""/>
  <member type="way" ref="1309982183" role=""/>
  <member type="way" ref="1461850237" role=""/>
  <member type="way" ref="1334561697" role=""/>
  <member type="way" ref="1103857300" role=""/>
  <member type="way" ref="1248944792" role=""/>
  <member type="way" ref="1502517257" role=""/>
  <member type="way" ref="1096827833" role=""/>
  <member type="way" ref="1212763253" role=""/>
  <member type="way" ref="1212763249" role=""/>
  <member type="way" ref="1212763252" role=""/>
  <member type="way" ref="1190000799" role=""/>
  <member type="way" ref="217116099" role=""/>
  <member type="way" ref="706129049" role=""/>
  <member type="way" ref="706129050" role=""/>
  <member type="way" ref="163865402" role=""/>
  <member type="way" ref="824218834" role=""/>
  <member type="way" ref="1256571939" role=""/>
  <member type="way" ref="397717854" role=""/>
  <member type="way" ref="902651999" role=""/>
  <member type="way" ref="1413593241" role=""/>
  <member type="way" ref="1420275554" role=""/>
  <member type="way" ref="1077744574" role=""/>
  <member type="way" ref="1388074604" role=""/>
  <member type="way" ref="1077744578" role=""/>
  <member type="way" ref="1000917300" role=""/>
  <member type="way" ref="1018848275" role=""/>
  <member type="way" ref="1147007137" role=""/>
  <member type="way" ref="1147007134" role=""/>
  <member type="way" ref="1248944774" role=""/>
  <member type="way" ref="1496789975" role=""/>
  <member type="way" ref="1018848282" role=""/>
  <member type="way" ref="1018848301" role=""/>
  <member type="way" ref="1248944776" role=""/>
  <member type="way" ref="1248944798" role=""/>
  <member type="way" ref="767135721" role=""/>
  <member type="way" ref="1415010954" role=""/>
  <member type="way" ref="1530653961" role=""/>
  <member type="way" ref="1123083454" role=""/>
  <member type="way" ref="1530653963" role=""/>
  <member type="way" ref="1496767938" role=""/>
  <member type="way" ref="1334868303" role=""/>
  <member type="way" ref="1182492203" role=""/>
  <member type="way" ref="1182492202" role=""/>
  <member type="way" ref="1248957415" role=""/>
  <member type="way" ref="1523840256" role=""/>
  <member type="way" ref="217283288" role=""/>
  <member type="way" ref="1197741713" role=""/>
  <member type="way" ref="1248957416" role=""/>
  <member type="way" ref="661716344" role=""/>
  <member type="way" ref="334278017" role=""/>
  <member type="way" ref="178474077" role=""/>
  <member type="way" ref="104311395" role=""/>
  <member type="way" ref="178474081" role=""/>
  <member type="way" ref="178474074" role=""/>
  <member type="way" ref="1321890470" role=""/>
  <member type="way" ref="1334601471" role=""/>
  <member type="way" ref="217283278" role=""/>
  <member type="way" ref="1334601475" role=""/>
  <member type="way" ref="975649452" role=""/>
  <member type="way" ref="1275448675" role=""/>
  <member type="way" ref="975422482" role=""/>
  <member type="way" ref="1274524876" role=""/>
  <member type="way" ref="661847161" role=""/>
  <member type="way" ref="842731160" role=""/>
  <member type="way" ref="927299699" role=""/>
  <member type="way" ref="823854204" role=""/>
  <member type="way" ref="823854206" role=""/>
  <member type="way" ref="823854197" role=""/>
  <member type="way" ref="813797163" role=""/>
  <tag k="from" v="גבעת רם"/>
  <tag k="from:en" v="Giv'at Ram"/>
  <tag k="from:he" v="גבעת רם"/>
  <tag k="gtfs:feed" v="IL-MOT"/>
  <tag k="gtfs:route_id" v="39748"/>
  <tag k="gtfs:shape_id" v="153897"/>
  <tag k="name" v="ירושלים 568: גבעת רם =&gt; הר הצופים"/>
  <tag k="name:en" v="Jerusalem 568: Giv'at Ram =&gt; Mount Scopus"/>
  <tag k="name:he" v="ירושלים 568: גבעת רם =&gt; הר הצופים"/>
  <tag k="network" v="ירושלים"/>
  <tag k="network:en" v="Jerusalem"/>
  <tag k="network:he" v="ירושלים"/>
  <tag k="operator" v="אקסטרה ירושלים"/>
  <tag k="operator:en" v="Extra Jerusalem"/>
  <tag k="operator:he" v="אקסטרה ירושלים"/>
  <tag k="public_transport:version" v="2"/>
  <tag k="ref" v="568"/>
  <tag k="route" v="bus"/>
  <tag k="to" v="מסוף הר הצופים"/>
  <tag k="to:en" v="Scopus Mount Terminal"/>
  <tag k="to:he" v="מסוף הר הצופים"/>
  <tag k="type" v="route"/>
  <tag k="website" v="https://extrapt.co.il/"/>
 </relation>
 <relation id="18357166" visible="true" version="27" changeset="188445124" timestamp="2026-09-02T23:17:41Z" user="Ornits" uid="24450071">
  <member type="node" ref="7941723678" role="platform_entry_only"/>
  <member type="node" ref="7941723679" role="platform"/>
  <member type="node" ref="7941723675" role="platform"/>
  <member type="node" ref="1803086997" role="platform"/>
  <member type="node" ref="1802993056" role="platform"/>
  <member type="node" ref="1803081126" role="platform"/>
  <member type="node" ref="1803022513" role="platform"/>
  <member type="node" ref="1803087325" role="platform"/>
  <member type="node" ref="1803087323" role="platform"/>
  <member type="node" ref="1803049500" role="platform"/>
  <member type="node" ref="1803038168" role="platform"/>
  <member type="node" ref="12335150401" role="platform"/>
  <member type="node" ref="1803001870" role="platform"/>
  <member type="node" ref="1803046222" role="platform"/>
  <member type="node" ref="1803046224" role="platform"/>
  <member type="node" ref="1803083123" role="platform"/>
  <member type="node" ref="1803044405" role="platform"/>
  <member type="node" ref="1803044400" role="platform"/>
  <member type="node" ref="1803087398" role="platform"/>
  <member type="node" ref="1802982169" role="platform"/>
  <member type="node" ref="1803009027" role="platform"/>
  <member type="node" ref="10948993156" role="platform"/>
  <member type="node" ref="10948993157" role="platform"/>
  <member type="node" ref="10948993158" role="platform"/>
  <member type="node" ref="8071832747" role="platform"/>
  <member type="node" ref="1803003474" role="platform_exit_only"/>
  <member type="way" ref="88828233" role=""/>
  <member type="way" ref="823854185" role=""/>
  <member type="way" ref="1110131184" role=""/>
  <member type="way" ref="157675579" role=""/>
  <member type="way" ref="1110131185" role=""/>
  <member type="way" ref="73298931" role=""/>
  <member type="way" ref="823854178" role=""/>
  <member type="way" ref="1377476130" role=""/>
  <member type="way" ref="1448473600" role=""/>
  <member type="way" ref="823854176" role=""/>
  <member type="way" ref="218574302" role=""/>
  <member type="way" ref="813797177" role=""/>
  <member type="way" ref="1253463329" role=""/>
  <member type="way" ref="813797178" role=""/>
  <member type="way" ref="1275448684" role=""/>
  <member type="way" ref="1274524876" role=""/>
  <member type="way" ref="662927875" role=""/>
  <member type="way" ref="975649459" role=""/>
  <member type="way" ref="1460578171" role=""/>
  <member type="way" ref="975399369" role=""/>
  <member type="way" ref="975649457" role=""/>
  <member type="way" ref="1274524887" role=""/>
  <member type="way" ref="217283290" role=""/>
  <member type="way" ref="104311393" role=""/>
  <member type="way" ref="178474068" role=""/>
  <member type="way" ref="178474081" role=""/>
  <member type="way" ref="104311395" role=""/>
  <member type="way" ref="178474077" role=""/>
  <member type="way" ref="1079809993" role=""/>
  <member type="way" ref="975399365" role=""/>
  <member type="way" ref="932313426" role=""/>
  <member type="way" ref="1248957417" role=""/>
  <member type="way" ref="334278018" role=""/>
  <member type="way" ref="1523840249" role=""/>
  <member type="way" ref="691637539" role=""/>
  <member type="way" ref="1313810447" role=""/>
  <member type="way" ref="1313810445" role=""/>
  <member type="way" ref="933196690" role=""/>
  <member type="way" ref="1523840257" role=""/>
  <member type="way" ref="1169700979" role=""/>
  <member type="way" ref="1496767937" role=""/>
  <member type="way" ref="1334868293" role=""/>
  <member type="way" ref="1530653962" role=""/>
  <member type="way" ref="1537732418" role=""/>
  <member type="way" ref="1022335478" role=""/>
  <member type="way" ref="1334868298" role=""/>
  <member type="way" ref="996947788" role=""/>
  <member type="way" ref="1194383974" role=""/>
  <member type="way" ref="1053150175" role=""/>
  <member type="way" ref="1022335473" role=""/>
  <member type="way" ref="1053150177" role=""/>
  <member type="way" ref="1022335471" role=""/>
  <member type="way" ref="1248944797" role=""/>
  <member type="way" ref="1551809277" role=""/>
  <member type="way" ref="1307481250" role=""/>
  <member type="way" ref="1147007134" role=""/>
  <member type="way" ref="1147007137" role=""/>
  <member type="way" ref="1018848275" role=""/>
  <member type="way" ref="1000917300" role=""/>
  <member type="way" ref="1147007129" role=""/>
  <member type="way" ref="1413593242" role=""/>
  <member type="way" ref="1413593246" role=""/>
  <member type="way" ref="902651999" role=""/>
  <member type="way" ref="397717854" role=""/>
  <member type="way" ref="1256571939" role=""/>
  <member type="way" ref="824218834" role=""/>
  <member type="way" ref="163865402" role=""/>
  <member type="way" ref="706129050" role=""/>
  <member type="way" ref="706129049" role=""/>
  <member type="way" ref="256239913" role=""/>
  <member type="way" ref="706129051" role=""/>
  <member type="way" ref="1212557995" role=""/>
  <member type="way" ref="1214723436" role=""/>
  <member type="way" ref="1096827832" role=""/>
  <member type="way" ref="1502517258" role=""/>
  <member type="way" ref="1098466472" role=""/>
  <member type="way" ref="1098466470" role=""/>
  <member type="way" ref="1214734848" role=""/>
  <member type="way" ref="260352205" role=""/>
  <member type="way" ref="4705722" role=""/>
  <member type="way" ref="891225016" role=""/>
  <member type="way" ref="911631064" role=""/>
  <member type="way" ref="260352213" role=""/>
  <member type="way" ref="1214734847" role=""/>
  <member type="way" ref="125665843" role=""/>
  <member type="way" ref="784214951" role=""/>
  <member type="way" ref="125665847" role=""/>
  <member type="way" ref="1214734844" role=""/>
  <member type="way" ref="1237651502" role=""/>
  <member type="way" ref="1287722552" role=""/>
  <member type="way" ref="571406738" role=""/>
  <member type="way" ref="1375106175" role=""/>
  <member type="way" ref="1341828979" role=""/>
  <member type="way" ref="1550910044" role=""/>
  <member type="way" ref="216817538" role=""/>
  <member type="way" ref="217745985" role=""/>
  <member type="way" ref="1237651521" role=""/>
  <member type="way" ref="917094459" role=""/>
  <member type="way" ref="216817527" role=""/>
  <member type="way" ref="1338468976" role=""/>
  <member type="way" ref="1363175250" role=""/>
  <member type="way" ref="1363175248" role=""/>
  <member type="way" ref="74433704" role=""/>
  <member type="way" ref="1183435787" role=""/>
  <member type="way" ref="1183435786" role=""/>
  <member type="way" ref="1183435791" role=""/>
  <member type="way" ref="1183435790" role=""/>
  <member type="way" ref="1183435797" role=""/>
  <member type="way" ref="1183435796" role=""/>
  <member type="way" ref="1183435798" role=""/>
  <member type="way" ref="1491654667" role=""/>
  <member type="way" ref="1183435799" role=""/>
  <member type="way" ref="1183435805" role=""/>
  <member type="way" ref="1183435802" role=""/>
  <member type="way" ref="1183435803" role=""/>
  <member type="way" ref="1183435808" role=""/>
  <member type="way" ref="926893833" role=""/>
  <member type="way" ref="926893832" role=""/>
  <member type="way" ref="827096818" role=""/>
  <member type="way" ref="915906375" role=""/>
  <member type="way" ref="915906374" role=""/>
  <member type="way" ref="915906369" role=""/>
  <member type="way" ref="915906373" role=""/>
  <member type="way" ref="915906372" role=""/>
  <member type="way" ref="915906371" role=""/>
  <member type="way" ref="915906365" role=""/>
  <member type="way" ref="827096816" role=""/>
  <member type="way" ref="915906366" role=""/>
  <member type="way" ref="74433703" role=""/>
  <tag k="from" v="מסוף הר הצופים"/>
  <tag k="from:en" v="Mount Scopus Terminal"/>
  <tag k="from:he" v="מסוף הר הצופים"/>
  <tag k="gtfs:feed" v="IL-MOT"/>
  <tag k="gtfs:route_id" v="39747"/>
  <tag k="gtfs:shape_id" v="152640"/>
  <tag k="name" v="ירושלים 568: הר הצופים =&gt; גבעת רם"/>
  <tag k="name:en" v="Jerusalem 568: Mount Scopus =&gt; Giv'at Ram"/>
  <tag k="name:he" v="ירושלים 568: הר הצופים =&gt; גבעת רם"/>
  <tag k="network" v="ירושלים"/>
  <tag k="network:en" v="Jerusalem"/>
  <tag k="network:he" v="ירושלים"/>
  <tag k="operator" v="אקסטרה ירושלים"/>
  <tag k="operator:en" v="Extra Jerusalem"/>
  <tag k="operator:he" v="אקסטרה ירושלים"/>
  <tag k="public_transport:version" v="2"/>
  <tag k="ref" v="568"/>
  <tag k="route" v="bus"/>
  <tag k="to" v="גבעת רם"/>
  <tag k="to:en" v="Giv'at Ram"/>
  <tag k="to:he" v="גבעת רם"/>
  <tag k="type" v="route"/>
  <tag k="website" v="https://extrapt.co.il"/>
 </relation>
 <relation id="18357167" visible="true" version="2" changeset="181676599" timestamp="2026-04-22T14:29:00Z" user="ירח אפל" uid="1041983">
  <member type="relation" ref="18357165" role=""/>
  <member type="relation" ref="18357166" role=""/>
  <tag k="gtfs:feed" v="IL-MOT"/>
  <tag k="gtfs:route_id" v="39747;39748"/>
  <tag k="name" v="ירושלים 568"/>
  <tag k="name:en" v="Jerusalem 568"/>
  <tag k="name:he" v="ירושלים 568"/>
  <tag k="network" v="ירושלים"/>
  <tag k="network:en" v="Jerusalem"/>
  <tag k="network:he" v="ירושלים"/>
  <tag k="operator" v="אקסטרה ירושלים"/>
  <tag k="operator:en" v="Extra Jerusalem"/>
  <tag k="operator:he" v="אקסטרה ירושלים"/>
  <tag k="ref" v="568"/>
  <tag k="route_master" v="bus"/>
  <tag k="type" v="route_master"/>
  <tag k="website" v="https://extrapt.co.il/"/>
 </relation>
 <relation id="18757315" visible="true" version="15" changeset="187905348" timestamp="2026-08-23T19:30:15Z" user="ar58" uid="572423">
  <member type="node" ref="5210700418" role="platform_entry_only"/>
  <member type="node" ref="1803049796" role="platform"/>
  <member type="node" ref="1803049795" role="platform"/>
  <member type="node" ref="1803087323" role="platform"/>
  <member type="node" ref="12335150401" role="platform"/>
  <member type="node" ref="1803046224" role="platform"/>
  <member type="node" ref="1803044405" role="platform_exit_only"/>
  <member type="way" ref="671763444" role=""/>
  <member type="way" ref="932335415" role=""/>
  <member type="way" ref="41820610" role=""/>
  <member type="way" ref="1002990006" role=""/>
  <member type="way" ref="932335414" role=""/>
  <member type="way" ref="1002990034" role=""/>
  <member type="way" ref="376721030" role=""/>
  <member type="way" ref="1111553339" role=""/>
  <member type="way" ref="932335419" role=""/>
  <member type="way" ref="1111540851" role=""/>
  <member type="way" ref="926197524" role=""/>
  <member type="way" ref="918404121" role=""/>
  <member type="way" ref="1245367097" role=""/>
  <member type="way" ref="1245367096" role=""/>
  <member type="way" ref="288606086" role=""/>
  <member type="way" ref="588415732" role=""/>
  <member type="way" ref="588415739" role=""/>
  <member type="way" ref="1064022903" role=""/>
  <member type="way" ref="588415749" role=""/>
  <member type="way" ref="588415759" role=""/>
  <member type="way" ref="588415763" role=""/>
  <member type="way" ref="588415762" role=""/>
  <member type="way" ref="588415769" role=""/>
  <member type="way" ref="588415775" role=""/>
  <member type="way" ref="588415786" role=""/>
  <member type="way" ref="132271805" role=""/>
  <member type="way" ref="588415791" role=""/>
  <member type="way" ref="713468248" role=""/>
  <member type="way" ref="713468246" role=""/>
  <member type="way" ref="1111553350" role=""/>
  <member type="way" ref="1111553349" role=""/>
  <member type="way" ref="265607425" role=""/>
  <member type="way" ref="287278556" role=""/>
  <member type="way" ref="287278542" role=""/>
  <member type="way" ref="628531942" role=""/>
  <member type="way" ref="628531940" role=""/>
  <member type="way" ref="1245237959" role=""/>
  <member type="way" ref="104276099" role=""/>
  <member type="way" ref="926197530" role=""/>
  <member type="way" ref="104276102" role=""/>
  <member type="way" ref="739101016" role=""/>
  <member type="way" ref="739101015" role=""/>
  <member type="way" ref="739101014" role=""/>
  <member type="way" ref="926722749" role=""/>
  <member type="way" ref="41824814" role=""/>
  <member type="way" ref="823854137" role=""/>
  <member type="way" ref="823854155" role=""/>
  <member type="way" ref="975399365" role=""/>
  <member type="way" ref="932313426" role=""/>
  <member type="way" ref="1248957417" role=""/>
  <member type="way" ref="334278018" role=""/>
  <member type="way" ref="1523840249" role=""/>
  <member type="way" ref="691637539" role=""/>
  <member type="way" ref="1313810447" role=""/>
  <member type="way" ref="1313810445" role=""/>
  <member type="way" ref="933196690" role=""/>
  <member type="way" ref="1523840257" role=""/>
  <member type="way" ref="1169700979" role=""/>
  <member type="way" ref="1496767937" role=""/>
  <member type="way" ref="1334868293" role=""/>
  <member type="way" ref="1530653962" role=""/>
  <member type="way" ref="1537732418" role=""/>
  <member type="way" ref="1022335478" role=""/>
  <member type="way" ref="1334868298" role=""/>
  <member type="way" ref="996947788" role=""/>
  <member type="way" ref="1194383974" role=""/>
  <member type="way" ref="1053150175" role=""/>
  <member type="way" ref="1022335473" role=""/>
  <member type="way" ref="1053150177" role=""/>
  <member type="way" ref="1022335471" role=""/>
  <member type="way" ref="1248944797" role=""/>
  <member type="way" ref="1551809277" role=""/>
  <member type="way" ref="1307481250" role=""/>
  <member type="way" ref="1147007134" role=""/>
  <member type="way" ref="1147007137" role=""/>
  <member type="way" ref="1018848275" role=""/>
  <member type="way" ref="1000917300" role=""/>
  <member type="way" ref="1147007129" role=""/>
  <member type="way" ref="1413593242" role=""/>
  <member type="way" ref="1413593246" role=""/>
  <member type="way" ref="902651999" role=""/>
  <member type="way" ref="397717854" role=""/>
  <tag k="from" v="פיקוד מרכז"/>
  <tag k="from:en" v="Pikud Merkaz"/>
  <tag k="from:he" v="פיקוד מרכז"/>
  <tag k="gtfs:feed" v="IL-MOT"/>
  <tag k="gtfs:route_id" v="12435"/>
  <tag k="gtfs:shape_id" v="152677"/>
  <tag k="name" v="ירושלים 70: פיקוד מרכז =&gt; תחנה מרכזית"/>
  <tag k="name:en" v="Jerusalem 70: Pikud Merkaz =&gt; Central Station"/>
  <tag k="name:he" v="ירושלים 70: פיקוד מרכז =&gt; תחנה מרכזית"/>
  <tag k="network" v="ירושלים"/>
  <tag k="network:en" v="Jerusalem"/>
  <tag k="network:he" v="ירושלים"/>
  <tag k="operator" v="אקסטרה ירושלים"/>
  <tag k="operator:en" v="Extra Jerusalem"/>
  <tag k="operator:he" v="אקסטרה ירושלים"/>
  <tag k="public_transport:version" v="2"/>
  <tag k="ref" v="70"/>
  <tag k="route" v="bus"/>
  <tag k="to" v="תחנה מרכזית"/>
  <tag k="to:en" v="Central Station"/>
  <tag k="to:he" v="תחנה מרכזית"/>
  <tag k="type" v="route"/>
  <tag k="website" v="https://extrapt.co.il/"/>
 </relation>
 <relation id="18757316" visible="true" version="2" changeset="181225407" timestamp="2026-04-12T11:35:46Z" user="ירח אפל" uid="1041983">
  <member type="relation" ref="17319251" role=""/>
  <member type="relation" ref="18757315" role=""/>
  <tag k="gtfs:feed" v="IL-MOT"/>
  <tag k="gtfs:route_id" v="12434;12435"/>
  <tag k="name" v="ירושלים 70"/>
  <tag k="name:en" v="Jerusalem 70"/>
  <tag k="name:he" v="ירושלים 70"/>
  <tag k="network" v="ירושלים"/>
  <tag k="network:en" v="Extra Jerusalem"/>
  <tag k="network:he" v="ירושלים"/>
  <tag k="operator" v="אקסטרה ירושלים"/>
  <tag k="operator:en" v="Extra Jerusalem"/>
  <tag k="operator:he" v="אקסטרה ירושלים"/>
  <tag k="ref" v="70"/>
  <tag k="route_master" v="bus"/>
  <tag k="type" v="route_master"/>
  <tag k="website" v="https://extrapt.co.il/"/>
 </relation>
 <relation id="19627544" visible="true" version="5" changeset="183277598" timestamp="2026-05-27T22:20:18Z" user="ar58" uid="572423">
  <member type="node" ref="1803032169" role="platform_entry_only"/>
  <member type="node" ref="1803032160" role="platform"/>
  <member type="node" ref="1803032171" role="platform"/>
  <member type="node" ref="1803032165" role="platform"/>
  <member type="node" ref="1803032168" role="platform"/>
  <member type="node" ref="5210699502" role="platform"/>
  <member type="node" ref="1803032170" role="platform"/>
  <member type="node" ref="1803087601" role="platform"/>
  <member type="node" ref="1803063069" role="platform"/>
  <member type="node" ref="1803088772" role="platform"/>
  <member type="node" ref="1803049800" role="platform"/>
  <member type="node" ref="1803062341" role="platform"/>
  <member type="node" ref="1803049799" role="platform"/>
  <member type="node" ref="1803062340" role="platform"/>
  <member type="node" ref="1803049796" role="platform"/>
  <member type="node" ref="1803049795" role="platform"/>
  <member type="node" ref="1803067397" role="platform"/>
  <member type="node" ref="1803087324" role="platform"/>
  <member type="node" ref="1803087325" role="platform"/>
  <member type="node" ref="1803087323" role="platform"/>
  <member type="node" ref="1803049500" role="platform"/>
  <member type="node" ref="1802991929" role="platform"/>
  <member type="node" ref="1803068795" role="platform"/>
  <member type="node" ref="1803043876" role="platform"/>
  <member type="node" ref="1803043874" role="platform"/>
  <member type="node" ref="1803046454" role="platform"/>
  <member type="node" ref="1803026587" role="platform"/>
  <member type="node" ref="1802996977" role="platform"/>
  <member type="node" ref="1803001784" role="platform"/>
  <member type="node" ref="12172754906" role="platform"/>
  <member type="node" ref="1803001565" role="platform_exit_only"/>
  <member type="way" ref="815860375" role=""/>
  <member type="way" ref="1177291342" role=""/>
  <member type="way" ref="1177291338" role=""/>
  <member type="way" ref="1177291347" role=""/>
  <member type="way" ref="1177291348" role=""/>
  <member type="way" ref="1177291354" role=""/>
  <member type="way" ref="1177291351" role=""/>
  <member type="way" ref="875866196" role=""/>
  <member type="way" ref="1177291362" role=""/>
  <member type="way" ref="1177291366" role=""/>
  <member type="way" ref="1177291370" role=""/>
  <member type="way" ref="815860371" role=""/>
  <member type="way" ref="815860370" role=""/>
  <member type="way" ref="1361558368" role=""/>
  <member type="way" ref="1086456756" role=""/>
  <member type="way" ref="713633729" role=""/>
  <member type="way" ref="920864381" role=""/>
  <member type="way" ref="288204583" role=""/>
  <member type="way" ref="588415740" role=""/>
  <member type="way" ref="588415739" role=""/>
  <member type="way" ref="1064022903" role=""/>
  <member type="way" ref="588415749" role=""/>
  <member type="way" ref="588415759" role=""/>
  <member type="way" ref="588415763" role=""/>
  <member type="way" ref="588415762" role=""/>
  <member type="way" ref="588415769" role=""/>
  <member type="way" ref="588415775" role=""/>
  <member type="way" ref="588415786" role=""/>
  <member type="way" ref="132271805" role=""/>
  <member type="way" ref="588415791" role=""/>
  <member type="way" ref="713468248" role=""/>
  <member type="way" ref="713468246" role=""/>
  <member type="way" ref="1111553350" role=""/>
  <member type="way" ref="1111553349" role=""/>
  <member type="way" ref="265607425" role=""/>
  <member type="way" ref="287278556" role=""/>
  <member type="way" ref="287278542" role=""/>
  <member type="way" ref="628531942" role=""/>
  <member type="way" ref="628531940" role=""/>
  <member type="way" ref="1245237959" role=""/>
  <member type="way" ref="104276099" role=""/>
  <member type="way" ref="926197530" role=""/>
  <member type="way" ref="104276102" role=""/>
  <member type="way" ref="739101016" role=""/>
  <member type="way" ref="739101015" role=""/>
  <member type="way" ref="739101014" role=""/>
  <member type="way" ref="926722749" role=""/>
  <member type="way" ref="41824814" role=""/>
  <member type="way" ref="823854137" role=""/>
  <member type="way" ref="823854155" role=""/>
  <member type="way" ref="975399365" role=""/>
  <member type="way" ref="932313426" role=""/>
  <member type="way" ref="1248957417" role=""/>
  <member type="way" ref="334278018" role=""/>
  <member type="way" ref="1523840249" role=""/>
  <member type="way" ref="691637539" role=""/>
  <member type="way" ref="1313810447" role=""/>
  <member type="way" ref="1313810445" role=""/>
  <member type="way" ref="933196690" role=""/>
  <member type="way" ref="1523840254" role=""/>
  <member type="way" ref="1523840259" role=""/>
  <member type="way" ref="1523840260" role=""/>
  <member type="way" ref="31451460" role=""/>
  <member type="way" ref="1076185779" role=""/>
  <member type="way" ref="1076185786" role=""/>
  <member type="way" ref="1182492217" role=""/>
  <member type="way" ref="1076185783" role=""/>
  <member type="way" ref="1097529646" role=""/>
  <member type="way" ref="270570728" role=""/>
  <member type="way" ref="1076185791" role=""/>
  <member type="way" ref="273011365" role=""/>
  <member type="way" ref="1491923270" role=""/>
  <member type="way" ref="773806284" role=""/>
  <member type="way" ref="773806283" role=""/>
  <member type="way" ref="773806280" role=""/>
  <member type="way" ref="773806279" role=""/>
  <member type="way" ref="773806277" role=""/>
  <member type="way" ref="773806275" role=""/>
  <member type="way" ref="134936374" role=""/>
  <member type="way" ref="230894189" role=""/>
  <member type="way" ref="773806295" role=""/>
  <member type="way" ref="917393853" role=""/>
  <member type="way" ref="773806272" role=""/>
  <member type="way" ref="1188718138" role=""/>
  <member type="way" ref="4710057" role=""/>
  <member type="way" ref="236433064" role=""/>
  <member type="way" ref="236433065" role=""/>
  <member type="way" ref="448684077" role=""/>
  <member type="way" ref="1005341149" role=""/>
  <member type="way" ref="1358782189" role=""/>
  <member type="way" ref="1379158683" role=""/>
  <member type="way" ref="917584488" role=""/>
  <member type="way" ref="259977132" role=""/>
  <member type="way" ref="236433068" role=""/>
  <member type="way" ref="1358782197" role=""/>
  <member type="way" ref="313735791" role=""/>
  <member type="way" ref="773806298" role=""/>
  <member type="way" ref="1455273972" role=""/>
  <member type="way" ref="313735817" role=""/>
  <member type="way" ref="701478854" role=""/>
  <member type="way" ref="866095819" role=""/>
  <member type="way" ref="1429804310" role=""/>
  <member type="way" ref="1301961130" role=""/>
  <member type="way" ref="1159325877" role=""/>
  <member type="way" ref="1455273991" role=""/>
  <member type="way" ref="1302318104" role=""/>
  <member type="way" ref="701478869" role=""/>
  <member type="way" ref="159706217" role=""/>
  <member type="way" ref="689120471" role=""/>
  <member type="way" ref="571019937" role=""/>
  <member type="way" ref="905457670" role=""/>
  <member type="way" ref="1212557989" role=""/>
  <member type="way" ref="682265528" role=""/>
  <member type="way" ref="682265539" role=""/>
  <member type="way" ref="1420275555" role=""/>
  <member type="way" ref="1413593238" role=""/>
  <member type="way" ref="1127457327" role=""/>
  <member type="way" ref="1388074605" role=""/>
  <member type="way" ref="1123076363" role=""/>
  <member type="way" ref="915869352" role=""/>
  <tag k="from" v="נווה יעקב"/>
  <tag k="from:en" v="Neve Ya'akov"/>
  <tag k="from:he" v="נווה יעקב"/>
  <tag k="gtfs:feed" v="IL-MOT"/>
  <tag k="gtfs:route_id" v="39408"/>
  <tag k="gtfs:shape_id" v="155214"/>
  <tag k="name" v="ירושלים 25: נווה יעקב =&gt; בנייני האומה (ב)"/>
  <tag k="name:en" v="Jerusalem 25: Neve Ya'akov =&gt; Binyene Ha'Uma ICC (b)"/>
  <tag k="name:he" v="ירושלים 25: נווה יעקב =&gt; בנייני האומה (ב)"/>
  <tag k="network" v="ירושלים"/>
  <tag k="network:en" v="Jerusalem"/>
  <tag k="network:he" v="ירושלים"/>
  <tag k="operator" v="אקסטרה ירושלים"/>
  <tag k="operator:en" v="Extra Jerusalem"/>
  <tag k="operator:he" v="אקסטרה ירושלים"/>
  <tag k="public_transport:version" v="2"/>
  <tag k="ref" v="25"/>
  <tag k="route" v="bus"/>
  <tag k="to" v="בנייני האומה"/>
  <tag k="to:en" v="Binyene Ha'Uma ICC"/>
  <tag k="to:he" v="בנייני האומה"/>
  <tag k="type" v="route"/>
  <tag k="website" v="https://extrapt.co.il/"/>
 </relation>
 <relation id="19679800" visible="true" version="5" changeset="183282514" timestamp="2026-05-28T03:03:41Z" user="ירח אפל" uid="1041983">
  <member type="node" ref="12172734813" role="platform_entry_only"/>
  <member type="node" ref="5744957559" role="platform"/>
  <member type="node" ref="5744957561" role="platform"/>
  <member type="node" ref="12172618120" role="platform"/>
  <member type="node" ref="1803083429" role="platform"/>
  <member type="node" ref="1803083440" role="platform"/>
  <member type="node" ref="1803083441" role="platform"/>
  <member type="node" ref="1803035997" role="platform"/>
  <member type="node" ref="1803083428" role="platform"/>
  <member type="node" ref="1802991325" role="platform"/>
  <member type="node" ref="1803032168" role="platform"/>
  <member type="node" ref="5210699502" role="platform"/>
  <member type="node" ref="1803032170" role="platform"/>
  <member type="node" ref="1803087601" role="platform"/>
  <member type="node" ref="1803063069" role="platform"/>
  <member type="node" ref="1803088772" role="platform"/>
  <member type="node" ref="1803088770" role="platform"/>
  <member type="node" ref="1803051604" role="platform"/>
  <member type="node" ref="1803087324" role="platform"/>
  <member type="node" ref="1803087325" role="platform"/>
  <member type="node" ref="1803087323" role="platform"/>
  <member type="node" ref="1803049500" role="platform"/>
  <member type="node" ref="1802991929" role="platform"/>
  <member type="node" ref="1803068795" role="platform"/>
  <member type="node" ref="1803043876" role="platform"/>
  <member type="node" ref="1803043874" role="platform"/>
  <member type="node" ref="1803046454" role="platform"/>
  <member type="node" ref="1803026587" role="platform"/>
  <member type="node" ref="1802996977" role="platform"/>
  <member type="node" ref="1803001784" role="platform"/>
  <member type="node" ref="12172754906" role="platform"/>
  <member type="node" ref="1803001565" role="platform_exit_only"/>
  <member type="way" ref="267133861" role=""/>
  <member type="way" ref="1216354113" role=""/>
  <member type="way" ref="1216354119" role=""/>
  <member type="way" ref="948795445" role=""/>
  <member type="way" ref="121237025" role=""/>
  <member type="way" ref="875866199" role=""/>
  <member type="way" ref="920864376" role=""/>
  <member type="way" ref="103307083" role=""/>
  <member type="way" ref="875866193" role=""/>
  <member type="way" ref="1177291358" role=""/>
  <member type="way" ref="875866195" role=""/>
  <member type="way" ref="875866196" role=""/>
  <member type="way" ref="1177291362" role=""/>
  <member type="way" ref="1177291366" role=""/>
  <member type="way" ref="1177291370" role=""/>
  <member type="way" ref="815860371" role=""/>
  <member type="way" ref="815860370" role=""/>
  <member type="way" ref="1361558368" role=""/>
  <member type="way" ref="1086456756" role=""/>
  <member type="way" ref="713633729" role=""/>
  <member type="way" ref="713634769" role=""/>
  <member type="way" ref="588415736" role=""/>
  <member type="way" ref="1245367099" role=""/>
  <member type="way" ref="1245367098" role=""/>
  <member type="way" ref="920864383" role=""/>
  <member type="way" ref="918404119" role=""/>
  <member type="way" ref="932335412" role=""/>
  <member type="way" ref="1111540852" role=""/>
  <member type="way" ref="932335419" role=""/>
  <member type="way" ref="288658727" role=""/>
  <member type="way" ref="1111553349" role=""/>
  <member type="way" ref="265607425" role=""/>
  <member type="way" ref="287278556" role=""/>
  <member type="way" ref="287278542" role=""/>
  <member type="way" ref="628531942" role=""/>
  <member type="way" ref="628531940" role=""/>
  <member type="way" ref="1245237959" role=""/>
  <member type="way" ref="104276099" role=""/>
  <member type="way" ref="926197530" role=""/>
  <member type="way" ref="104276102" role=""/>
  <member type="way" ref="739101016" role=""/>
  <member type="way" ref="739101015" role=""/>
  <member type="way" ref="739101014" role=""/>
  <member type="way" ref="926722749" role=""/>
  <member type="way" ref="41824814" role=""/>
  <member type="way" ref="823854137" role=""/>
  <member type="way" ref="823854155" role=""/>
  <member type="way" ref="975399365" role=""/>
  <member type="way" ref="932313426" role=""/>
  <member type="way" ref="1248957417" role=""/>
  <member type="way" ref="334278018" role=""/>
  <member type="way" ref="1523840249" role=""/>
  <member type="way" ref="691637539" role=""/>
  <member type="way" ref="1313810447" role=""/>
  <member type="way" ref="1313810445" role=""/>
  <member type="way" ref="933196690" role=""/>
  <member type="way" ref="1523840254" role=""/>
  <member type="way" ref="1523840259" role=""/>
  <member type="way" ref="1523840260" role=""/>
  <member type="way" ref="31451460" role=""/>
  <member type="way" ref="1076185779" role=""/>
  <member type="way" ref="1076185786" role=""/>
  <member type="way" ref="1182492217" role=""/>
  <member type="way" ref="1076185783" role=""/>
  <member type="way" ref="1097529646" role=""/>
  <member type="way" ref="270570728" role=""/>
  <member type="way" ref="1076185791" role=""/>
  <member type="way" ref="273011365" role=""/>
  <member type="way" ref="1491923270" role=""/>
  <member type="way" ref="773806284" role=""/>
  <member type="way" ref="773806283" role=""/>
  <member type="way" ref="773806280" role=""/>
  <member type="way" ref="773806279" role=""/>
  <member type="way" ref="773806277" role=""/>
  <member type="way" ref="773806275" role=""/>
  <member type="way" ref="134936374" role=""/>
  <member type="way" ref="230894189" role=""/>
  <member type="way" ref="773806295" role=""/>
  <member type="way" ref="917393853" role=""/>
  <member type="way" ref="773806272" role=""/>
  <member type="way" ref="1188718138" role=""/>
  <member type="way" ref="4710057" role=""/>
  <member type="way" ref="236433064" role=""/>
  <member type="way" ref="236433065" role=""/>
  <member type="way" ref="448684077" role=""/>
  <member type="way" ref="1005341149" role=""/>
  <member type="way" ref="1358782189" role=""/>
  <member type="way" ref="1379158683" role=""/>
  <member type="way" ref="917584488" role=""/>
  <member type="way" ref="259977132" role=""/>
  <member type="way" ref="236433068" role=""/>
  <member type="way" ref="1358782197" role=""/>
  <member type="way" ref="313735791" role=""/>
  <member type="way" ref="773806298" role=""/>
  <member type="way" ref="1455273972" role=""/>
  <member type="way" ref="313735817" role=""/>
  <member type="way" ref="701478854" role=""/>
  <member type="way" ref="866095819" role=""/>
  <member type="way" ref="1429804310" role=""/>
  <member type="way" ref="1301961130" role=""/>
  <member type="way" ref="1159325877" role=""/>
  <member type="way" ref="1455273991" role=""/>
  <member type="way" ref="1302318104" role=""/>
  <member type="way" ref="701478869" role=""/>
  <member type="way" ref="159706217" role=""/>
  <member type="way" ref="689120471" role=""/>
  <member type="way" ref="571019937" role=""/>
  <member type="way" ref="905457670" role=""/>
  <member type="way" ref="1212557989" role=""/>
  <member type="way" ref="682265528" role=""/>
  <member type="way" ref="682265539" role=""/>
  <member type="way" ref="1420275555" role=""/>
  <member type="way" ref="1413593238" role=""/>
  <member type="way" ref="1127457327" role=""/>
  <member type="way" ref="1388074605" role=""/>
  <member type="way" ref="1123076363" role=""/>
  <member type="way" ref="915869352" role=""/>
  <tag k="from" v="פסגת זאב צפון"/>
  <tag k="from:en" v="Pisgat Ze'ev North"/>
  <tag k="from:he" v="פסגת זאב צפון"/>
  <tag k="gtfs:feed" v="IL-MOT"/>
  <tag k="gtfs:route_id" v="39409"/>
  <tag k="gtfs:shape_id" v="155215"/>
  <tag k="name" v="ירושלים 45: פסגת זאב צפון =&gt; בנייני האומה"/>
  <tag k="name:en" v="Jerusalem 45: Pisgat Ze'ev North =&gt; Binyene Ha'Uma ICC"/>
  <tag k="name:he" v="ירושלים 45: פסגת זאב צפון =&gt; בנייני האומה"/>
  <tag k="network" v="ירושלים"/>
  <tag k="network:en" v="Jerusalem"/>
  <tag k="network:he" v="ירושלים"/>
  <tag k="operator" v="אקסטרה ירושלים"/>
  <tag k="operator:en" v="Extra Jerusalem"/>
  <tag k="operator:he" v="אקסטרה ירושלים"/>
  <tag k="public_transport:version" v="2"/>
  <tag k="ref" v="45"/>
  <tag k="route" v="bus"/>
  <tag k="to" v="בנייני האומה"/>
  <tag k="to:en" v="Binyene Ha'Uma ICC"/>
  <tag k="to:he" v="בנייני האומה"/>
  <tag k="type" v="route"/>
  <tag k="website" v="https://extrapt.co.il"/>
 </relation>
 <relation id="20420406" visible="true" version="1" changeset="181003271" timestamp="2026-04-07T14:40:36Z" user="ar58" uid="572423">
  <member type="way" ref="1161076611" role="from"/>
  <member type="node" ref="2844111777" role="via"/>
  <member type="way" ref="1161076600" role="to"/>
  <tag k="restriction" v="no_left_turn"/>
  <tag k="type" v="restriction"/>
 </relation>
 <relation id="20420407" visible="true" version="1" changeset="181003271" timestamp="2026-04-07T14:40:36Z" user="ar58" uid="572423">
  <member type="way" ref="1161076611" role="from"/>
  <member type="node" ref="2844111777" role="via"/>
  <member type="way" ref="1161076611" role="to"/>
  <tag k="restriction" v="no_u_turn"/>
  <tag k="type" v="restriction"/>
 </relation>
 <relation id="20768955" visible="true" version="1" changeset="183277598" timestamp="2026-05-27T22:20:18Z" user="ar58" uid="572423">
  <member type="way" ref="280268879" role="from"/>
  <member type="node" ref="2844125795" role="via"/>
  <member type="way" ref="280268879" role="to"/>
  <tag k="restriction" v="no_u_turn"/>
  <tag k="type" v="restriction"/>
 </relation>
 <relation id="20768956" visible="true" version="1" changeset="183277598" timestamp="2026-05-27T22:20:18Z" user="ar58" uid="572423">
  <member type="way" ref="1523840246" role="from"/>
  <member type="node" ref="2844111746" role="via"/>
  <member type="way" ref="1523840246" role="to"/>
  <tag k="restriction" v="no_u_turn"/>
  <tag k="type" v="restriction"/>
 </relation>
 <relation id="20768965" visible="true" version="1" changeset="183277598" timestamp="2026-05-27T22:20:18Z" user="ar58" uid="572423">
  <member type="way" ref="948936157" role="from"/>
  <member type="node" ref="1954730004" role="via"/>
  <member type="way" ref="184901281" role="to"/>
  <tag k="restriction" v="no_u_turn"/>
  <tag k="type" v="restriction"/>
 </relation>
 <relation id="20768966" visible="true" version="1" changeset="183277598" timestamp="2026-05-27T22:20:18Z" user="ar58" uid="572423">
  <member type="way" ref="1386000863" role="from"/>
  <member type="node" ref="1954730007" role="via"/>
  <member type="way" ref="1161076602" role="to"/>
  <tag k="restriction" v="no_straight_on"/>
  <tag k="type" v="restriction"/>
 </relation>
 <relation id="20768967" visible="true" version="1" changeset="183277598" timestamp="2026-05-27T22:20:18Z" user="ar58" uid="572423">
  <member type="way" ref="948936177" role="from"/>
  <member type="node" ref="1954730007" role="via"/>
  <member type="way" ref="1386000865" role="to"/>
  <tag k="restriction" v="only_straight_on"/>
  <tag k="type" v="restriction"/>
 </relation>
 <relation id="20768968" visible="true" version="1" changeset="183277598" timestamp="2026-05-27T22:20:18Z" user="ar58" uid="572423">
  <member type="way" ref="1161076604" role="from"/>
  <member type="node" ref="1954730004" role="via"/>
  <member type="way" ref="1523840263" role="to"/>
  <tag k="restriction" v="no_left_turn"/>
  <tag k="type" v="restriction"/>
 </relation>
 <relation id="20768969" visible="true" version="2" changeset="183726051" timestamp="2026-06-06T07:50:14Z" user="moshikosh" uid="14439458">
  <member type="way" ref="948936177" role="from"/>
  <member type="way" ref="184901281" role="to"/>
  <tag k="restriction" v="no_right_turn"/>
  <tag k="type" v="restriction"/>
 </relation>
 <relation id="20768970" visible="true" version="1" changeset="183277598" timestamp="2026-05-27T22:20:18Z" user="ar58" uid="572423">
  <member type="way" ref="948936177" role="from"/>
  <member type="node" ref="12832658779" role="via"/>
  <member type="way" ref="1523840263" role="to"/>
  <tag k="restriction" v="only_straight_on"/>
  <tag k="type" v="restriction"/>
 </relation>
 <relation id="20768971" visible="true" version="1" changeset="183277598" timestamp="2026-05-27T22:20:18Z" user="ar58" uid="572423">
  <member type="way" ref="1523840263" role="from"/>
  <member type="node" ref="1954730004" role="via"/>
  <member type="way" ref="1523840263" role="to"/>
  <tag k="restriction" v="no_u_turn"/>
  <tag k="type" v="restriction"/>
 </relation>
 <relation id="20768972" visible="true" version="1" changeset="183277598" timestamp="2026-05-27T22:20:18Z" user="ar58" uid="572423">
  <member type="way" ref="1523840263" role="from"/>
  <member type="node" ref="12832658779" role="via"/>
  <member type="way" ref="1523840263" role="to"/>
  <tag k="restriction" v="no_u_turn"/>
  <tag k="type" v="restriction"/>
 </relation>
 <relation id="20768973" visible="true" version="1" changeset="183277598" timestamp="2026-05-27T22:20:18Z" user="ar58" uid="572423">
  <member type="way" ref="1161076602" role="from"/>
  <member type="node" ref="6196370384" role="via"/>
  <member type="way" ref="1161076604" role="to"/>
  <tag k="restriction" v="no_u_turn"/>
  <tag k="type" v="restriction"/>
 </relation>
 <relation id="20768974" visible="true" version="1" changeset="183277598" timestamp="2026-05-27T22:20:18Z" user="ar58" uid="572423">
  <member type="way" ref="1161076603" role="from"/>
  <member type="node" ref="6196370384" role="via"/>
  <member type="way" ref="1161076603" role="to"/>
  <tag k="restriction" v="no_u_turn"/>
  <tag k="type" v="restriction"/>
 </relation>
</osm>
